2025-09-26 09:09:55 [[32minfo[39m]: Login attempt by: asifandhi@gmail.com
2025-09-26 09:09:12 [[32minfo[39m]: Login attempt by: asifandhi@gmail.com
2025-09-26 09:09:41 [[32minfo[39m]: Login attempt by: asifandhi@gmail.com
2025-09-26 09:09:71 [[32minfo[39m]: Login attempt by: asifandh@gmail.com
2025-09-26 09:09:89 [[33mwarn[39m]: Login failed(user not found: asifandh@gmail.com)
2025-09-26 11:09:95 [[32minfo[39m]: Login attempt by: asifandh@gmail.com
2025-09-26 11:09:04 [[33mwarn[39m]: Login failed(user not found: asifandh@gmail.com)
2025-09-26 14:09:22 [[32minfo[39m]: Login attempt by: asifandhi@gmail.com
2025-09-26 14:09:08 [[32minfo[39m]: login success: asifandhi@gmail.com, role: admin
2025-09-26 14:09:36 [[32minfo[39m]: Login attempt by: asifandhi@gmail.com
2025-09-26 14:09:84 [[32minfo[39m]: login success: asifandhi@gmail.com, role: admin
2025-09-26 14:09:19 [[32minfo[39m]: Login attempt by: asifandhi@gmail.com
2025-09-26 14:09:49 [[32minfo[39m]: login success: asifandhi@gmail.com, role: admin
2025-09-26 14:09:57 [[32minfo[39m]: Login attempt by: asifandhi@gmail.com
2025-09-26 14:09:22 [[32minfo[39m]: login success: asifandhi@gmail.com, role: admin
2025-09-26 14:09:66 [[32minfo[39m]: register attempt by asifandhi@gmail.com
2025-09-26 14:09:94 [[33mwarn[39m]: existing user asifandhi@gmail.com
2025-09-26 14:09:26 [[32minfo[39m]: register attempt by asifandhi1@gmail.com
2025-09-26 14:09:85 [[32minfo[39m]: Register Sucess: asifandhi1@gmail.com
2025-09-26 14:09:83 [[32minfo[39m]: Login attempt by: asifandhi1@gmail.com
2025-09-26 14:09:28 [[32minfo[39m]: login success: asifandhi1@gmail.com, role: user
2025-09-27 09:09:35 [[32minfo[39m]: [0mGET /api/auth/login [33m404[0m 5.046 ms - 153[0m
2025-09-27 09:09:19 [[32minfo[39m]: [0mGET /api/auth/login [33m404[0m 1.142 ms - 153[0m
2025-09-27 09:09:09 [[32minfo[39m]: Login attempt by: asifandhi@gmail.com
2025-09-27 09:09:75 [[32minfo[39m]: login success: asifandhi@gmail.com, role: admin
2025-09-27 09:09:39 [[32minfo[39m]: Login attempt by: asifandhi@gmail.com
2025-09-27 09:09:81 [[32minfo[39m]: login success: asifandhi@gmail.com, role: admin
2025-09-27 09:09:27 [[32minfo[39m]: Login attempt by: asifandhi0@gmail.com
2025-09-27 09:09:60 [[32minfo[39m]: login success: asifandhi0@gmail.com, role: user
2025-09-27 09:09:99 [[32minfo[39m]: register attempt by asifandhi25@gmail.com
2025-09-27 09:09:67 [[32minfo[39m]: Register Sucess: asifandhi25@gmail.com
2025-09-27 11:09:55 [[32minfo[39m]: Login attempt by: asifandhi25@gmail.com
2025-09-27 11:09:37 [[32minfo[39m]: login success: asifandhi25@gmail.com, role: superadmin
2025-09-27 11:09:39 [[32minfo[39m]: register attempt by asifandhi256@gmail.com
2025-09-27 11:09:91 [[32minfo[39m]: Register Sucess: asifandhi256@gmail.com
2025-09-27 11:09:31 [[32minfo[39m]: register attempt by asifandhi2567@gmail.com
2025-09-27 11:09:67 [[32minfo[39m]: Register Sucess: asifandhi2567@gmail.com
2025-09-27 11:09:59 [[32minfo[39m]: Login attempt by: asifandhi@gmail.com
2025-09-27 11:09:97 [[32minfo[39m]: login success: asifandhi@gmail.com, role: admin
2025-09-27 11:09:45 [[32minfo[39m]: register attempt by asifandhi55@gmail.com
2025-09-27 11:09:84 [[32minfo[39m]: Register Sucess: asifandhi55@gmail.com
2025-09-27 11:09:49 [[32minfo[39m]: Login attempt by: asifandhi0@gmail.com
2025-09-27 11:09:87 [[32minfo[39m]: login success: asifandhi0@gmail.com, role: user
2025-09-27 11:09:84 [[32minfo[39m]: register attempt by asifandhi10@gmail.com
2025-09-27 11:09:25 [[32minfo[39m]: Register Sucess: asifandhi10@gmail.com
2025-09-27 11:09:36 [[32minfo[39m]: Login attempt by: asifandhi0@gmail.com
2025-09-27 11:09:75 [[32minfo[39m]: login success: asifandhi0@gmail.com, role: user
2025-09-27 11:09:92 [[32minfo[39m]: register attempt by asifandhi01@gmail.com
2025-09-27 11:09:28 [[32minfo[39m]: Register Sucess: asifandhi01@gmail.com
2025-09-27 11:09:70 [[32minfo[39m]: Login attempt by: asifandhi25@gmail.com
2025-09-27 11:09:16 [[32minfo[39m]: login success: asifandhi25@gmail.com, role: superadmin
2025-09-27 11:09:60 [[32minfo[39m]: [0mGET /api/auth/getuser [33m404[0m 5.600 ms - 155[0m
2025-09-27 16:09:38 [[32minfo[39m]: Login attempt by: asifandhi0@gmail.com
2025-09-27 16:09:85 [[32minfo[39m]: login success: asifandhi0@gmail.com, role: user
2025-09-27 16:09:24 [[32minfo[39m]: Login attempt by: asifandhi25@gmail.com
2025-09-27 16:09:90 [[32minfo[39m]: login success: asifandhi25@gmail.com, role: superadmin
2025-09-27 16:09:57 [[32minfo[39m]: [0mPUT /api/auth/update/2 [33m404[0m 3.847 ms - 156[0m
2025-09-27 16:09:24 [[32minfo[39m]: [0mPUT /api/auth/update/2 [33m404[0m 1.056 ms - 156[0m
2025-09-27 16:09:14 [[32minfo[39m]: Login attempt by: asifandhi0@gmail.com
2025-09-27 16:09:67 [[32minfo[39m]: login success: asifandhi0@gmail.com, role: superadmin
2025-09-27 16:09:48 [[32minfo[39m]: [0mPOST /api/auth/users [33m404[0m 2.611 ms - 154[0m
2025-09-27 16:09:34 [[32minfo[39m]: Login attempt by: asifandhi@gmail.com
2025-09-27 16:09:80 [[32minfo[39m]: login success: asifandhi@gmail.com, role: admin
2025-09-27 16:09:53 [[32minfo[39m]: Login attempt by: asifandhi123@gmail.com
2025-09-27 16:09:98 [[32minfo[39m]: login success: asifandhi123@gmail.com, role: user
2025-09-27 16:09:65 [[32minfo[39m]: [0mPOST /api/auth/update/1 [33m404[0m 0.530 ms - 157[0m
2025-09-27 19:09:78 [[32minfo[39m]: [0mDELETE /api/auth/delete/1 [33m404[0m 5.546 ms - 159[0m
2025-09-27 19:09:68 [[32minfo[39m]: [0mDELETE /api/auth/delete/1 [33m404[0m 4.234 ms - 159[0m
2025-09-27 19:09:30 [[32minfo[39m]: [0mDELETE /api/auth/delete/2 [33m404[0m 1.406 ms - 159[0m
2025-09-27 19:09:79 [[32minfo[39m]: Login attempt by: asifandhi25@gmail.com
2025-09-27 19:09:35 [[32minfo[39m]: login success: asifandhi25@gmail.com, role: superadmin
2025-09-27 19:09:08 [[32minfo[39m]: [0mPOST /api/auth/users [33m404[0m 0.812 ms - 154[0m
2025-09-27 19:09:56 [[32minfo[39m]: [0mDELETE /api/auth/delete/3 [33m404[0m 1.225 ms - 159[0m
2025-09-27 19:09:66 [[32minfo[39m]: [0mPOST /api/auth/users [33m404[0m 3.516 ms - 154[0m
2025-09-27 19:09:58 [[32minfo[39m]: Login attempt by: asifandhi25@gmail.com
2025-09-27 19:09:16 [[32minfo[39m]: login success: asifandhi25@gmail.com, role: superadmin
2025-09-27 19:09:72 [[32minfo[39m]: register attempt by asifandhi250@gmail.com
2025-09-27 19:09:28 [[32minfo[39m]: Register Sucess: asifandhi250@gmail.com
2025-09-27 22:09:13 [[32minfo[39m]: Login attempt by: asifandhi25@gmail.com
2025-09-27 22:09:77 [[32minfo[39m]: login success: asifandhi25@gmail.com, role: superadmin
2025-09-28 00:09:79 [[32minfo[39m]: Login attempt by: asifandhi25@gmail.com
2025-09-28 00:09:39 [[32minfo[39m]: login success: asifandhi25@gmail.com, role: superadmin
2025-09-28 00:09:74 [[32minfo[39m]: [0mDELETE /api/auth/delete [33m404[0m 5.164 ms - 157[0m
2025-09-29 16:09:21 [[32minfo[39m]: Login attempt by: asifandhi25@gmail.com
2025-09-29 16:09:59 [[32minfo[39m]: login success: asifandhi25@gmail.com, role: superadmin
2025-09-29 23:09:43 [[32minfo[39m]: Login attempt by: undefined
2025-09-29 23:09:66 [[31merror[39m]: login error for  undefined: Illegal arguments: undefined, string
2025-09-29 23:09:06 [[32minfo[39m]: Login attempt by: undefined
2025-09-29 23:09:12 [[31merror[39m]: login error for  undefined: Illegal arguments: undefined, string
2025-09-29 23:09:45 [[32minfo[39m]: Login attempt by: undefined
2025-09-29 23:09:65 [[31merror[39m]: login error for  undefined: Illegal arguments: undefined, string
2025-09-29 23:09:06 [[32minfo[39m]: Login attempt by: undefined
2025-09-29 23:09:36 [[31merror[39m]: login error for  undefined: Illegal arguments: undefined, string
2025-09-29 23:09:73 [[32minfo[39m]: Login attempt by: undefined
2025-09-29 23:09:91 [[31merror[39m]: login error for  undefined: Illegal arguments: undefined, string
2025-09-29 23:09:50 [[32minfo[39m]: Login attempt by: undefined
2025-09-29 23:09:70 [[31merror[39m]: login error for  undefined: Illegal arguments: undefined, string
2025-09-29 23:09:29 [[32minfo[39m]: Login attempt by: undefined
2025-09-29 23:09:33 [[31merror[39m]: login error for  undefined: Illegal arguments: undefined, string
2025-09-29 23:09:88 [[32minfo[39m]: Login attempt by: undefined
2025-09-29 23:09:21 [[31merror[39m]: login error for  undefined: Illegal arguments: undefined, string
2025-09-29 23:09:92 [[32minfo[39m]: Login attempt by: asifandhi25@gmail.com
2025-09-29 23:09:46 [[32minfo[39m]: login success: asifandhi25@gmail.com, role: superadmin
2025-09-29 23:09:27 [[32minfo[39m]: Login attempt by: asifandhi25@gmail.com
2025-09-29 23:09:58 [[32minfo[39m]: login success: asifandhi25@gmail.com, role: superadmin
2025-09-29 23:09:73 [[32minfo[39m]: Login attempt by: asifandhi25@gmail.com
2025-09-29 23:09:04 [[32minfo[39m]: login success: asifandhi25@gmail.com, role: superadmin
2025-09-30 22:09:48 [[32minfo[39m]: Login attempt by: asifandhi25@gmail.com
2025-09-30 22:09:79 [[32minfo[39m]: login success: asifandhi25@gmail.com, role: superadmin
2025-09-30 22:09:38 [[32minfo[39m]: Login attempt by: asifandhi25@gmail.com
2025-09-30 22:09:51 [[32minfo[39m]: login success: asifandhi25@gmail.com, role: superadmin
2025-09-30 22:09:40 [[32minfo[39m]: Login attempt by: asifandhi25@gmail.com
2025-09-30 22:09:52 [[32minfo[39m]: login success: asifandhi25@gmail.com, role: superadmin
2025-09-30 22:09:59 [[32minfo[39m]: Login attempt by: asifandhi25@gmail.com
2025-09-30 22:09:71 [[32minfo[39m]: login success: asifandhi25@gmail.com, role: superadmin
2025-09-30 22:09:77 [[32minfo[39m]: Login attempt by: asifandhi25@gmail.com
2025-09-30 22:09:89 [[32minfo[39m]: login success: asifandhi25@gmail.com, role: superadmin
2025-09-30 22:09:95 [[32minfo[39m]: Login attempt by: asifandhi25@gmail.com
2025-09-30 22:09:07 [[32minfo[39m]: login success: asifandhi25@gmail.com, role: superadmin
2025-09-30 22:09:19 [[32minfo[39m]: Login attempt by: asifandhi25@gmail.com
2025-09-30 22:09:33 [[32minfo[39m]: login success: asifandhi25@gmail.com, role: superadmin
2025-09-30 22:09:88 [[32minfo[39m]: Login attempt by: asifandhi25@gmail.com
2025-09-30 22:09:12 [[33mwarn[39m]: login failed (Wrong password): asifandhi25@gmail.com
2025-09-30 22:09:98 [[32minfo[39m]: Login attempt by: asifandhi25@gmail.com
2025-09-30 22:09:23 [[33mwarn[39m]: login failed (Wrong password): asifandhi25@gmail.com
2025-09-30 22:09:32 [[32minfo[39m]: Login attempt by: asifandhi25@gmail.com
2025-09-30 22:09:55 [[32minfo[39m]: login success: asifandhi25@gmail.com, role: superadmin
2025-09-30 22:09:19 [[32minfo[39m]: Login attempt by: asifandhi25@gmail.com
2025-09-30 22:09:39 [[32minfo[39m]: login success: asifandhi25@gmail.com, role: superadmin
2025-09-30 22:09:39 [[32minfo[39m]: Login attempt by: asifandhi25@gmail.com
2025-09-30 22:09:59 [[32minfo[39m]: login success: asifandhi25@gmail.com, role: superadmin
2025-09-30 22:09:34 [[32minfo[39m]: Login attempt by: asifandhi25@gmail.com
2025-09-30 22:09:52 [[32minfo[39m]: login success: asifandhi25@gmail.com, role: superadmin
2025-10-05 09:10:92 [[32minfo[39m]: Login attempt by: asifandhi25@gmail.com
2025-10-05 09:10:28 [[32minfo[39m]: login success: asifandhi25@gmail.com, role: superadmin
2025-10-05 09:10:61 [[32minfo[39m]: register attempt by parmarbricks@gmail.com
2025-10-05 09:10:57 [[32minfo[39m]: Register Sucess: parmarbricks@gmail.com
2025-10-05 09:10:18 [[32minfo[39m]: register attempt by sohelbricks@gmail.com
2025-10-05 09:10:16 [[32minfo[39m]: Register Sucess: sohelbricks@gmail.com
2025-10-05 11:10:11 [[32minfo[39m]: Login attempt by: asifandhi25@gmail.com
2025-10-05 11:10:24 [[31merror[39m]: login error for  asifandhi25@gmail.com: column User.name does not exist
2025-10-05 11:10:42 [[32minfo[39m]: Login attempt by: asifandhi25@gmail.com
2025-10-05 11:10:42 [[31merror[39m]: login error for  asifandhi25@gmail.com: column User.name does not exist
2025-10-05 11:10:92 [[32minfo[39m]: Login attempt by: asifandhi25@gmail.com
2025-10-05 11:10:56 [[32minfo[39m]: login success: asifandhi25@gmail.com, role: superadmin
2025-10-07 10:10:35 [[32minfo[39m]: Login attempt by: asifandhi25@gmail.com
2025-10-07 10:10:02 [[32minfo[39m]: login success: asifandhi25@gmail.com, role: superadmin
2025-10-07 10:10:90 [[32minfo[39m]: Login attempt by: asifandhi25@gmail.com
2025-10-07 10:10:36 [[32minfo[39m]: login success: asifandhi25@gmail.com, role: superadmin
2025-10-09 09:10:52 [[32minfo[39m]: Login attempt by: asifandhi25@gmail.com
2025-10-09 09:10:50 [[32minfo[39m]: login success: asifandhi25@gmail.com, role: superadmin
2025-10-09 09:10:66 [[32minfo[39m]: [0mPOST /api/auth/logout [33m404[0m 3.031 ms - 155[0m
2025-10-09 09:10:50 [[32minfo[39m]: Login attempt by: asifandhi25@gmail.com
2025-10-09 09:10:34 [[32minfo[39m]: login success: asifandhi25@gmail.com, role: superadmin
2025-10-09 09:10:04 [[32minfo[39m]: [0mGET /api/auth/users [33m404[0m 2.206 ms - 153[0m
2025-10-09 09:10:41 [[32minfo[39m]: [0mGET /api/auth/users [33m404[0m 0.566 ms - 153[0m
2025-10-09 09:10:23 [[32minfo[39m]: [0mGET /api/auth/users [33m404[0m 0.395 ms - 153[0m
2025-10-09 09:10:90 [[32minfo[39m]: Login attempt by: asifandhi25@gmail.com
2025-10-09 09:10:73 [[32minfo[39m]: login success: asifandhi25@gmail.com, role: superadmin
2025-10-09 09:10:67 [[32minfo[39m]: [0mGET /api/auth/users [33m404[0m 0.576 ms - 153[0m
2025-10-09 09:10:48 [[32minfo[39m]: [0mGET /api/auth/users [33m404[0m 1.938 ms - 153[0m
2025-10-09 10:10:67 [[32minfo[39m]: [0mGET /api/auth/users [33m404[0m 1.079 ms - 153[0m
2025-10-09 10:10:55 [[32minfo[39m]: [0mGET /api/auth/users [33m404[0m 0.650 ms - 153[0m
2025-10-11 14:10:73 [[32minfo[39m]: Login attempt by: asifandhi@gmail.com
2025-10-11 14:10:77 [[32minfo[39m]: login success: asifandhi@gmail.com, role: admin
2025-10-11 14:10:20 [[32minfo[39m]: Login attempt by: asifandhi@gmail.com
2025-10-11 14:10:71 [[32minfo[39m]: login success: asifandhi@gmail.com, role: admin
2025-10-11 14:10:30 [[32minfo[39m]: Login attempt by: asifandhi2567@gmail.com
2025-10-11 14:10:21 [[32minfo[39m]: login success: asifandhi2567@gmail.com, role: user
2025-10-11 14:10:100 [[32minfo[39m]: Login attempt by: asifandhi2567@gmail.com
2025-10-11 14:10:51 [[32minfo[39m]: login success: asifandhi2567@gmail.com, role: user
2025-10-11 14:10:63 [[32minfo[39m]: Login attempt by: asifandhi25@gmail.com
2025-10-11 14:10:62 [[32minfo[39m]: login success: asifandhi25@gmail.com, role: superadmin
2025-10-11 14:10:77 [[32minfo[39m]: [0mGET /api/auth/ [33m404[0m 1.482 ms - 148[0m
2025-10-11 14:10:62 [[32minfo[39m]: Login attempt by: asifandhi@gmail.com
2025-10-11 14:10:74 [[32minfo[39m]: login success: asifandhi@gmail.com, role: admin
2025-10-11 14:10:02 [[32minfo[39m]: Login attempt by: asifandhi@gmail.com
2025-10-11 14:10:87 [[32minfo[39m]: login success: asifandhi@gmail.com, role: admin
2025-10-11 15:10:15 [[32minfo[39m]: [0mPOST /api/auth/add [33m404[0m 2.096 ms - 152[0m
2025-10-11 15:10:31 [[32minfo[39m]: Login attempt by: asifandhi@gmail.com
2025-10-11 15:10:18 [[32minfo[39m]: login success: asifandhi@gmail.com, role: admin
2025-10-11 15:10:41 [[32minfo[39m]: [0mPOST /api/auth/add [33m404[0m 0.558 ms - 152[0m
2025-10-11 15:10:93 [[32minfo[39m]: [0mPOST /api/auth/add [33m404[0m 0.304 ms - 152[0m
2025-10-11 15:10:49 [[32minfo[39m]: [0mPOST /api/auth/add [33m404[0m 0.693 ms - 152[0m
2025-10-11 15:10:15 [[32minfo[39m]: Login attempt by: asifandhi25@gmail.com
2025-10-11 15:10:39 [[32minfo[39m]: login success: asifandhi25@gmail.com, role: superadmin
2025-10-11 15:10:58 [[32minfo[39m]: Login attempt by: asifandhi25@gmail.com
2025-10-11 15:10:71 [[32minfo[39m]: login success: asifandhi25@gmail.com, role: superadmin
2025-10-11 15:10:63 [[32minfo[39m]: Login attempt by: asifandhi2567@gmail.com
2025-10-11 15:10:54 [[32minfo[39m]: login success: asifandhi2567@gmail.com, role: user
2025-10-11 15:10:63 [[32minfo[39m]: [0mPOST /api/auth/add [33m404[0m 0.298 ms - 152[0m
2025-10-11 15:10:03 [[32minfo[39m]: [0mPOST /api/auth/add [33m404[0m 0.607 ms - 152[0m
2025-10-11 15:10:31 [[32minfo[39m]: [0mPOST /api/auth/add/6 [33m404[0m 0.453 ms - 154[0m
2025-10-11 15:10:97 [[32minfo[39m]: [0mPOST /api/auth/add [33m404[0m 0.273 ms - 152[0m
2025-10-11 15:10:39 [[32minfo[39m]: [0mPOST /api/auth/add [33m404[0m 2.521 ms - 152[0m
2025-10-11 15:10:14 [[32minfo[39m]: [0mPOST /api/auth/add [33m404[0m 1.016 ms - 152[0m
2025-10-11 15:10:28 [[32minfo[39m]: [0mPOST /api/auth/add [33m404[0m 3.157 ms - 152[0m
2025-10-11 15:10:97 [[32minfo[39m]: [0mPOST /api/auth/add [33m404[0m 0.430 ms - 152[0m
2025-10-11 15:10:54 [[32minfo[39m]: Login attempt by: asifandhi2567@gmail.com
2025-10-11 15:10:56 [[32minfo[39m]: login success: asifandhi2567@gmail.com, role: user
2025-10-11 17:10:61 [[32minfo[39m]: [0mGET /api/auth/balance/6 [33m404[0m 2.111 ms - 157[0m
2025-10-11 17:10:45 [[32minfo[39m]: Login attempt by: asifandhi@gmail.com
2025-10-11 17:10:78 [[32minfo[39m]: login success: asifandhi@gmail.com, role: admin
2025-10-11 17:10:95 [[32minfo[39m]: Login attempt by: asifandhi100@gmail.com
2025-10-11 17:10:69 [[32minfo[39m]: login success: asifandhi100@gmail.com, role: admin
2025-10-11 19:10:52 [[32minfo[39m]: Login attempt by: asifandhi25@gmail.com
2025-10-11 19:10:48 [[32minfo[39m]: login success: asifandhi25@gmail.com, role: superadmin
2025-10-11 19:10:29 [[32minfo[39m]: Login attempt by: asifandhi2567@gmail.com
2025-10-11 19:10:08 [[32minfo[39m]: login success: asifandhi2567@gmail.com, role: user
2025-10-11 19:10:98 [[32minfo[39m]: Login attempt by: asifandhi25@gmail.com
2025-10-11 19:10:84 [[32minfo[39m]: login success: asifandhi25@gmail.com, role: superadmin
2025-10-11 19:10:79 [[32minfo[39m]: Login attempt by: asifandhi25@gmail.com
2025-10-11 19:10:66 [[32minfo[39m]: login success: asifandhi25@gmail.com, role: superadmin
2025-10-11 19:10:84 [[32minfo[39m]: Login attempt by: asifandhi25@gmail.com
2025-10-11 19:10:58 [[32minfo[39m]: login success: asifandhi25@gmail.com, role: superadmin
2025-10-11 19:10:13 [[32minfo[39m]: Login attempt by: asifandhi01@gmail.com
2025-10-11 19:10:53 [[32minfo[39m]: login success: asifandhi01@gmail.com, role: user
2025-10-11 19:10:77 [[32minfo[39m]: Login attempt by: asifandhi01@gmail.com
2025-10-11 19:10:92 [[32minfo[39m]: login success: asifandhi01@gmail.com, role: user
2025-10-11 20:10:86 [[32minfo[39m]: Login attempt by: asifandhi25@gmail.com
2025-10-11 20:10:98 [[32minfo[39m]: login success: asifandhi25@gmail.com, role: superadmin
2025-10-11 20:10:26 [[32minfo[39m]: Login attempt by: asifandhi01@gmail.com
2025-10-11 20:10:03 [[32minfo[39m]: login success: asifandhi01@gmail.com, role: user
2025-10-12 09:10:29 [[32minfo[39m]: Login attempt by: asifandhi2567@gmail.com
2025-10-12 09:10:14 [[32minfo[39m]: login success: asifandhi2567@gmail.com, role: user
2025-10-12 09:10:26 [[32minfo[39m]: Login attempt by: asifandhi@gmail.com
2025-10-12 09:10:16 [[32minfo[39m]: login success: asifandhi@gmail.com, role: admin
2025-10-12 09:10:01 [[32minfo[39m]: Login attempt by: asifandhi25@gmail.com
2025-10-12 09:10:06 [[32minfo[39m]: login success: asifandhi25@gmail.com, role: superadmin
2025-10-12 09:10:55 [[32minfo[39m]: Login attempt by: asifandhi@gmail.com
2025-10-12 09:10:72 [[32minfo[39m]: login success: asifandhi@gmail.com, role: admin
2025-10-12 20:10:32 [[32minfo[39m]: Login attempt by: asifandhi25@gmail.com
2025-10-12 20:10:52 [[32minfo[39m]: login success: asifandhi25@gmail.com, role: superadmin
2025-10-12 20:10:34 [[32minfo[39m]: [0mPOST /api/auth/getBalance/:userId [33m404[0m 17.466 ms - 167[0m
2025-10-12 20:10:35 [[32minfo[39m]: [0mPOST /api/auth/getBalance/:userId [33m404[0m 1.218 ms - 167[0m
2025-10-12 20:10:37 [[32minfo[39m]: [0mPOST /api/auth/getBalance/userId [33m404[0m 0.583 ms - 166[0m
2025-10-12 20:10:02 [[32minfo[39m]: [0mPOST /api/auth/getBalance/userId [33m404[0m 0.526 ms - 166[0m
2025-10-12 20:10:97 [[32minfo[39m]: [0mPOST /api/auth/getBalance/userId [33m404[0m 0.975 ms - 166[0m
2025-10-12 20:10:48 [[32minfo[39m]: [0mPOST /api/auth/getBalance/:userId [33m404[0m 0.715 ms - 167[0m
2025-10-12 20:10:54 [[32minfo[39m]: [0mPOST /api/auth/getBalance/:userId [33m404[0m 0.629 ms - 167[0m
2025-10-12 20:10:67 [[32minfo[39m]: Login attempt by: asifandhi25@gmail.com
2025-10-12 20:10:58 [[32minfo[39m]: login success: asifandhi25@gmail.com, role: superadmin
2025-10-12 20:10:86 [[32minfo[39m]: [0mPOST /api/auth/getBalance/:userId%7D [33m404[0m 1.429 ms - 170[0m
2025-10-12 21:10:15 [[32minfo[39m]: Login attempt by: asifandhi25@gmail.com
2025-10-12 21:10:65 [[32minfo[39m]: login success: asifandhi25@gmail.com, role: superadmin
2025-10-12 21:10:23 [[32minfo[39m]: [0mPOST /api/auth/getBalance/:userId [33m404[0m 1.049 ms - 167[0m
2025-10-12 21:10:50 [[32minfo[39m]: [0mPOST /api/auth/getBalance/:userId [33m404[0m 0.763 ms - 167[0m
2025-10-12 22:10:29 [[32minfo[39m]: Login attempt by: asifandhi25@gmail.com
2025-10-12 22:10:79 [[32minfo[39m]: login success: asifandhi25@gmail.com, role: superadmin
2025-10-13 08:10:08 [[32minfo[39m]: Login attempt by: asifandhi25@gmail.com
2025-10-13 08:10:58 [[32minfo[39m]: login success: asifandhi25@gmail.com, role: superadmin
2025-10-13 08:10:49 [[32minfo[39m]: Login attempt by: asifandhi25@gmail.com
2025-10-13 08:10:93 [[32minfo[39m]: login success: asifandhi25@gmail.com, role: superadmin
2025-10-13 09:10:52 [[32minfo[39m]: Login attempt by: asifandhi25@gmail.com
2025-10-13 09:10:94 [[32minfo[39m]: login success: asifandhi25@gmail.com, role: superadmin
2025-10-13 09:10:78 [[32minfo[39m]: Login attempt by: asifandhi25@gmail.com
2025-10-13 09:10:21 [[32minfo[39m]: login success: asifandhi25@gmail.com, role: superadmin
2025-10-13 09:10:73 [[32minfo[39m]: Login attempt by: asifandhi25@gmail.com
2025-10-13 09:10:28 [[32minfo[39m]: login success: asifandhi25@gmail.com, role: superadmin
2025-10-13 09:10:68 [[32minfo[39m]: Login attempt by: asifandhi25@gmail.com
2025-10-13 09:10:29 [[32minfo[39m]: login success: asifandhi25@gmail.com, role: superadmin
2025-10-13 09:10:21 [[32minfo[39m]: Login attempt by: asifandhi25@gmail.com
2025-10-13 09:10:69 [[32minfo[39m]: login success: asifandhi25@gmail.com, role: superadmin
2025-10-13 09:10:09 [[32minfo[39m]: Login attempt by: asifandhi25@gmail.com
2025-10-13 09:10:30 [[32minfo[39m]: login success: asifandhi25@gmail.com, role: superadmin
2025-10-13 09:10:22 [[32minfo[39m]: Login attempt by: asifandhi25@gmail.com
2025-10-13 09:10:64 [[32minfo[39m]: login success: asifandhi25@gmail.com, role: superadmin
2025-10-13 09:10:94 [[32minfo[39m]: Login attempt by: asifandhi25@gmail.com
2025-10-13 09:10:34 [[32minfo[39m]: login success: asifandhi25@gmail.com, role: superadmin
2025-10-13 09:10:84 [[32minfo[39m]: Login attempt by: asifandhi25@gmail.com
2025-10-13 09:10:20 [[32minfo[39m]: login success: asifandhi25@gmail.com, role: superadmin
2025-10-13 09:10:51 [[32minfo[39m]: Login attempt by: asifandhi25@gmail.com
2025-10-13 09:10:40 [[32minfo[39m]: login success: asifandhi25@gmail.com, role: superadmin
2025-10-13 09:10:59 [[32minfo[39m]: Login attempt by: asifandhi25@gmail.com
2025-10-13 09:10:01 [[32minfo[39m]: login success: asifandhi25@gmail.com, role: superadmin
2025-10-13 09:10:08 [[32minfo[39m]: Login attempt by: asifandhi25@gmail.com
2025-10-13 09:10:49 [[32minfo[39m]: login success: asifandhi25@gmail.com, role: superadmin
2025-10-13 10:10:83 [[32minfo[39m]: Login attempt by: asifandhi25@gmail.com
2025-10-13 10:10:69 [[32minfo[39m]: login success: asifandhi25@gmail.com, role: superadmin
2025-10-13 10:10:49 [[32minfo[39m]: Login attempt by: asifandhi25@gmail.com
2025-10-13 10:10:89 [[32minfo[39m]: login success: asifandhi25@gmail.com, role: superadmin
2025-10-13 10:10:98 [[32minfo[39m]: Login attempt by: asifandhi25@gmail.com
2025-10-13 10:10:90 [[32minfo[39m]: login success: asifandhi25@gmail.com, role: superadmin
2025-10-13 10:10:96 [[32minfo[39m]: Login attempt by: asifandhi25@gmail.com
2025-10-13 10:10:90 [[32minfo[39m]: login success: asifandhi25@gmail.com, role: superadmin
2025-10-13 12:10:08 [[32minfo[39m]: Login attempt by: asifandhi25@gmail.com
2025-10-13 12:10:41 [[32minfo[39m]: login success: asifandhi25@gmail.com, role: superadmin
2025-10-13 12:10:47 [[32minfo[39m]: Login attempt by: asifandhi25@gmail.com
2025-10-13 12:10:87 [[32minfo[39m]: login success: asifandhi25@gmail.com, role: superadmin
2025-10-13 12:10:57 [[32minfo[39m]: Login attempt by: asifandhi25@gmail.com
2025-10-13 12:10:96 [[32minfo[39m]: login success: asifandhi25@gmail.com, role: superadmin
2025-10-13 12:10:18 [[32minfo[39m]: Login attempt by: asifandhi25@gmail.com
2025-10-13 12:10:69 [[32minfo[39m]: login success: asifandhi25@gmail.com, role: superadmin
2025-10-13 12:10:22 [[32minfo[39m]: Login attempt by: asifandhi2567@gmail.com
2025-10-13 12:10:61 [[32minfo[39m]: login success: asifandhi2567@gmail.com, role: user
2025-10-13 12:10:31 [[32minfo[39m]: Login attempt by: asifandhi25@gmail.com
2025-10-13 12:10:68 [[32minfo[39m]: login success: asifandhi25@gmail.com, role: superadmin
2025-10-13 12:10:81 [[32minfo[39m]: Login attempt by: asifandhi25@gmail.com
2025-10-13 12:10:87 [[32minfo[39m]: login success: asifandhi25@gmail.com, role: superadmin
2025-10-13 13:10:40 [[32minfo[39m]: Login attempt by: asifandhi25@gmail.com
2025-10-13 13:10:32 [[32minfo[39m]: login success: asifandhi25@gmail.com, role: superadmin
2025-10-13 13:10:83 [[32minfo[39m]: Login attempt by: asifandhi25@gmail.com
2025-10-13 13:10:84 [[32minfo[39m]: login success: asifandhi25@gmail.com, role: superadmin
2025-10-13 13:10:83 [[32minfo[39m]: Login attempt by: asifandhi25@gmail.com
2025-10-13 13:10:28 [[32minfo[39m]: login success: asifandhi25@gmail.com, role: superadmin
2025-10-13 13:10:33 [[32minfo[39m]: Login attempt by: asifandhi25@gmail.com
2025-10-13 13:10:76 [[32minfo[39m]: login success: asifandhi25@gmail.com, role: superadmin
2025-10-13 13:10:19 [[32minfo[39m]: Login attempt by: asifandhi25@gmail.com
2025-10-13 13:10:08 [[32minfo[39m]: login success: asifandhi25@gmail.com, role: superadmin
2025-10-13 13:10:87 [[32minfo[39m]: Login attempt by: asifandhi25@gmail.com
2025-10-13 13:10:50 [[32minfo[39m]: login success: asifandhi25@gmail.com, role: superadmin
2025-10-13 13:10:47 [[32minfo[39m]: Login attempt by: asifandhi25@gmail.com
2025-10-13 13:10:17 [[32minfo[39m]: login success: asifandhi25@gmail.com, role: superadmin
2025-10-13 13:10:83 [[32minfo[39m]: Login attempt by: asifandhi25@gmail.com
2025-10-13 13:10:05 [[32minfo[39m]: login success: asifandhi25@gmail.com, role: superadmin
2025-10-13 13:10:20 [[32minfo[39m]: Login attempt by: asifandhi25@gmail.com
2025-10-13 13:10:61 [[32minfo[39m]: login success: asifandhi25@gmail.com, role: superadmin
2025-10-13 14:10:20 [[32minfo[39m]: Login attempt by: asifandhi25@gmail.com
2025-10-13 14:10:64 [[32minfo[39m]: login success: asifandhi25@gmail.com, role: superadmin
2025-10-13 14:10:59 [[32minfo[39m]: Login attempt by: asifandhi25@gmail.com
2025-10-13 14:10:100 [[32minfo[39m]: login success: asifandhi25@gmail.com, role: superadmin
2025-10-13 14:10:52 [[32minfo[39m]: Login attempt by: asifandhi25@gmail.com
2025-10-13 14:10:94 [[32minfo[39m]: login success: asifandhi25@gmail.com, role: superadmin
2025-10-13 14:10:30 [[32minfo[39m]: Login attempt by: asifandhi25@gmail.com
2025-10-13 14:10:77 [[32minfo[39m]: login success: asifandhi25@gmail.com, role: superadmin
2025-10-13 14:10:71 [[32minfo[39m]: Login attempt by: asifandhi25@gmail.com
2025-10-13 14:10:13 [[32minfo[39m]: login success: asifandhi25@gmail.com, role: superadmin
2025-10-13 17:10:82 [[32minfo[39m]: Login attempt by: asifandhi25@gmail.com
2025-10-13 17:10:92 [[32minfo[39m]: login success: asifandhi25@gmail.com, role: superadmin
2025-10-13 17:10:46 [[32minfo[39m]: Login attempt by: asifandhi25@gmail.com
2025-10-13 17:10:86 [[32minfo[39m]: login success: asifandhi25@gmail.com, role: superadmin
2025-10-13 17:10:83 [[32minfo[39m]: Login attempt by: asifandhi25@gmail.com
2025-10-13 17:10:27 [[32minfo[39m]: login success: asifandhi25@gmail.com, role: superadmin
2025-10-13 17:10:74 [[32minfo[39m]: Login attempt by: asifandhi25@gmail.com
2025-10-13 17:10:15 [[32minfo[39m]: login success: asifandhi25@gmail.com, role: superadmin
2025-10-13 17:10:04 [[32minfo[39m]: Login attempt by: asifandhi25@gmail.com
2025-10-13 17:10:47 [[32minfo[39m]: login success: asifandhi25@gmail.com, role: superadmin
2025-10-13 22:10:66 [[32minfo[39m]: Login attempt by: asifandhi25@gmail.com
2025-10-13 22:10:14 [[32minfo[39m]: login success: asifandhi25@gmail.com, role: superadmin
2025-10-13 22:10:86 [[32minfo[39m]: Login attempt by: asifandhi25@gmail.com
2025-10-13 22:10:15 [[32minfo[39m]: login success: asifandhi25@gmail.com, role: superadmin
2025-10-14 08:10:03 [[32minfo[39m]: Login attempt by: asifandhi25@gmail.com
2025-10-14 08:10:52 [[32minfo[39m]: login success: asifandhi25@gmail.com, role: superadmin
2025-10-14 08:10:63 [[32minfo[39m]: Login attempt by: asifandhi25@gmail.com
2025-10-14 08:10:91 [[32minfo[39m]: login success: asifandhi25@gmail.com, role: superadmin
2025-10-14 12:10:24 [[32minfo[39m]: Login attempt by: asifandhi25@gmail.com
2025-10-14 12:10:75 [[32minfo[39m]: login success: asifandhi25@gmail.com, role: superadmin
2025-10-14 13:10:31 [[32minfo[39m]: Login attempt by: asifandhi25@gmail.com
2025-10-14 13:10:47 [[32minfo[39m]: login success: asifandhi25@gmail.com, role: superadmin
2025-10-16 07:10:38 [[32minfo[39m]: Login attempt by: asifandhi25@gmail.com
2025-10-16 07:10:29 [[32minfo[39m]: login success: asifandhi25@gmail.com, role: superadmin
2025-10-16 08:10:98 [[32minfo[39m]: Login attempt by: asifandhi25@gmail.com
2025-10-16 08:10:83 [[32minfo[39m]: login success: asifandhi25@gmail.com, role: superadmin
2025-10-16 08:10:06 [[32minfo[39m]: Login attempt by: asifandhi25@gmail.com
2025-10-16 08:10:47 [[32minfo[39m]: login success: asifandhi25@gmail.com, role: superadmin
2025-10-16 08:10:34 [[32minfo[39m]: Login attempt by: asifandhi25@gmail.com
2025-10-16 08:10:72 [[32minfo[39m]: login success: asifandhi25@gmail.com, role: superadmin
2025-10-16 08:10:48 [[32minfo[39m]: Login attempt by: asifandhi25@gmail.com
2025-10-16 08:10:96 [[32minfo[39m]: login success: asifandhi25@gmail.com, role: superadmin
2025-10-16 09:10:00 [[32minfo[39m]: Login attempt by: asifandhi25@gmail.com
2025-10-16 09:10:46 [[32minfo[39m]: login success: asifandhi25@gmail.com, role: superadmin
2025-10-16 09:10:02 [[32minfo[39m]: Login attempt by: asifandhi25@gmail.com
2025-10-16 09:10:21 [[32minfo[39m]: login success: asifandhi25@gmail.com, role: superadmin
2025-10-16 09:10:05 [[32minfo[39m]: Login attempt by: asifandhi25@gmail.com
2025-10-16 09:10:99 [[32minfo[39m]: login success: asifandhi25@gmail.com, role: superadmin
2025-10-16 10:10:57 [[32minfo[39m]: Login attempt by: asifandhi25@gmail.com
2025-10-16 10:10:98 [[32minfo[39m]: login success: asifandhi25@gmail.com, role: superadmin
2025-10-16 10:10:73 [[32minfo[39m]: Login attempt by: asifandhi25@gmail.com
2025-10-16 10:10:13 [[32minfo[39m]: login success: asifandhi25@gmail.com, role: superadmin
2025-10-16 10:10:81 [[32minfo[39m]: Login attempt by: asifandhi25@gmail.com
2025-10-16 10:10:22 [[32minfo[39m]: login success: asifandhi25@gmail.com, role: superadmin
2025-10-16 10:10:27 [[32minfo[39m]: Login attempt by: asifandhi25@gmail.com
2025-10-16 10:10:47 [[32minfo[39m]: login success: asifandhi25@gmail.com, role: superadmin
2025-10-16 11:10:33 [[32minfo[39m]: Login attempt by: asifan@gmail.com
2025-10-16 11:10:22 [[33mwarn[39m]: Login failed(user not found: asifan@gmail.com)
2025-10-16 11:10:89 [[32minfo[39m]: Login attempt by: asifan@gmail.com
2025-10-16 11:10:21 [[33mwarn[39m]: Login failed(user not found: asifan@gmail.com)
2025-10-16 11:10:99 [[32minfo[39m]: Login attempt by: asifan@gmail.com
2025-10-16 11:10:34 [[33mwarn[39m]: Login failed(user not found: asifan@gmail.com)
2025-10-16 11:10:77 [[32minfo[39m]: Login attempt by: asifan@gmail.com
2025-10-16 11:10:14 [[33mwarn[39m]: Login failed(user not found: asifan@gmail.com)
2025-10-16 11:10:17 [[32minfo[39m]: Login attempt by: asifanhi@gmail.com
2025-10-16 11:10:48 [[33mwarn[39m]: Login failed(user not found: asifanhi@gmail.com)
2025-10-16 11:10:01 [[32minfo[39m]: Login attempt by: asifandhi@gmail.com
2025-10-16 11:10:43 [[32minfo[39m]: login success: asifandhi@gmail.com, role: admin
2025-10-16 11:10:75 [[32minfo[39m]: Login attempt by: asifandhi2567@gmail.com
2025-10-16 11:10:19 [[32minfo[39m]: login success: asifandhi2567@gmail.com, role: user
2025-10-16 11:10:31 [[32minfo[39m]: Login attempt by: asifandhi25@gmail.com
2025-10-16 11:10:39 [[32minfo[39m]: login success: asifandhi25@gmail.com, role: superadmin
2025-10-16 11:10:88 [[32minfo[39m]: Login attempt by: asifandhi25@gmail.com
2025-10-16 11:10:72 [[32minfo[39m]: login success: asifandhi25@gmail.com, role: superadmin
2025-10-16 11:10:24 [[32minfo[39m]: Login attempt by: asifandhi25@gmail.com
2025-10-16 11:10:66 [[32minfo[39m]: login success: asifandhi25@gmail.com, role: superadmin
2025-10-16 11:10:77 [[32minfo[39m]: Login attempt by: asifandhi25@gmail.com
2025-10-16 11:10:03 [[32minfo[39m]: login success: asifandhi25@gmail.com, role: superadmin
2025-10-16 11:10:87 [[32minfo[39m]: Login attempt by: asifandhi25@gmail.com
2025-10-16 11:10:36 [[32minfo[39m]: login success: asifandhi25@gmail.com, role: superadmin
2025-10-16 11:10:64 [[32minfo[39m]: Login attempt by: asifandhi25@gmail.com
2025-10-16 11:10:04 [[32minfo[39m]: login success: asifandhi25@gmail.com, role: superadmin
2025-10-16 11:10:91 [[32minfo[39m]: Login attempt by: asifandhi25@gmail.com
2025-10-16 11:10:09 [[32minfo[39m]: login success: asifandhi25@gmail.com, role: superadmin
2025-10-16 11:10:00 [[32minfo[39m]: Login attempt by: asifandhi25@gmail.com
2025-10-16 11:10:85 [[32minfo[39m]: login success: asifandhi25@gmail.com, role: superadmin
2025-10-16 11:10:64 [[32minfo[39m]: Login attempt by: asifandhi25@gmail.com
2025-10-16 11:10:45 [[32minfo[39m]: login success: asifandhi25@gmail.com, role: superadmin
2025-10-16 11:10:21 [[32minfo[39m]: Login attempt by: asifandhi25@gmail.com
2025-10-16 11:10:27 [[32minfo[39m]: login success: asifandhi25@gmail.com, role: superadmin
2025-10-16 11:10:96 [[32minfo[39m]: Login attempt by: asifandhi25@gmail.com
2025-10-16 11:10:19 [[32minfo[39m]: login success: asifandhi25@gmail.com, role: superadmin
2025-10-16 11:10:100 [[32minfo[39m]: Login attempt by: asifandhi25@gmail.com
2025-10-16 11:10:91 [[32minfo[39m]: login success: asifandhi25@gmail.com, role: superadmin
2025-10-16 12:10:92 [[32minfo[39m]: Login attempt by: asifandhi25@gmail.com
2025-10-16 12:10:23 [[32minfo[39m]: login success: asifandhi25@gmail.com, role: superadmin
2025-10-16 12:10:62 [[32minfo[39m]: Login attempt by: asifandh@gmail.com
2025-10-16 12:10:22 [[33mwarn[39m]: Login failed(user not found: asifandh@gmail.com)
2025-10-16 12:10:80 [[32minfo[39m]: Login attempt by: asifandh@gmail.com
2025-10-16 12:10:51 [[33mwarn[39m]: Login failed(user not found: asifandh@gmail.com)
2025-10-16 12:10:79 [[32minfo[39m]: Login attempt by: asifandhi@gmail.com
2025-10-16 12:10:54 [[32minfo[39m]: login success: asifandhi@gmail.com, role: admin
2025-10-16 12:10:60 [[32minfo[39m]: Login attempt by: asifandhi25@gmail.com
2025-10-16 12:10:84 [[32minfo[39m]: login success: asifandhi25@gmail.com, role: superadmin
2025-10-16 12:10:12 [[32minfo[39m]: Login attempt by: asifandhi25@gmail.com
2025-10-16 12:10:04 [[32minfo[39m]: login success: asifandhi25@gmail.com, role: superadmin
2025-10-16 12:10:79 [[32minfo[39m]: Login attempt by: asifandhi25@gmail.com
2025-10-16 12:10:82 [[32minfo[39m]: login success: asifandhi25@gmail.com, role: superadmin
2025-10-16 12:10:50 [[32minfo[39m]: Login attempt by: asifandhi25@gmail.com
2025-10-16 12:10:89 [[32minfo[39m]: login success: asifandhi25@gmail.com, role: superadmin
2025-10-16 12:10:98 [[32minfo[39m]: Login attempt by: asifandhi25@gmail.com
2025-10-16 12:10:40 [[32minfo[39m]: login success: asifandhi25@gmail.com, role: superadmin
2025-10-16 13:10:25 [[32minfo[39m]: Login attempt by: asifandhi25@gmail.com
2025-10-16 13:10:64 [[32minfo[39m]: login success: asifandhi25@gmail.com, role: superadmin
2025-10-16 13:10:59 [[32minfo[39m]: Login attempt by: asifandhi2567@gmail.com
2025-10-16 13:10:01 [[32minfo[39m]: login success: asifandhi2567@gmail.com, role: user
2025-10-16 13:10:76 [[32minfo[39m]: Login attempt by: asifandhi25@gmail.com
2025-10-16 13:10:78 [[32minfo[39m]: login success: asifandhi25@gmail.com, role: superadmin
2025-10-16 13:10:53 [[32minfo[39m]: Login attempt by: asifandhi2567@gmail.com
2025-10-16 13:10:58 [[32minfo[39m]: login success: asifandhi2567@gmail.com, role: user
2025-10-16 13:10:76 [[32minfo[39m]: Login attempt by: asifandhi25@gmail.com
2025-10-16 13:10:65 [[32minfo[39m]: login success: asifandhi25@gmail.com, role: superadmin
2025-10-16 16:10:99 [[32minfo[39m]: Login attempt by: asifandhi25@gmail.com
2025-10-16 16:10:47 [[32minfo[39m]: login success: asifandhi25@gmail.com, role: superadmin
2025-10-16 16:10:68 [[32minfo[39m]: Login attempt by: asifandhi2567@gmail.com
2025-10-16 16:10:19 [[32minfo[39m]: login success: asifandhi2567@gmail.com, role: user
2025-10-16 16:10:13 [[32minfo[39m]: Login attempt by: asifandhi25@gmail.com
2025-10-16 16:10:93 [[32minfo[39m]: login success: asifandhi25@gmail.com, role: superadmin
2025-10-16 18:10:58 [[32minfo[39m]: Login attempt by: asifandhi25@gmail.com
2025-10-16 18:10:60 [[32minfo[39m]: login success: asifandhi25@gmail.com, role: superadmin
2025-10-16 18:10:15 [[32minfo[39m]: Login attempt by: asifandhi25@gmail.com
2025-10-16 18:10:52 [[32minfo[39m]: login success: asifandhi25@gmail.com, role: superadmin
2025-10-16 18:10:42 [[32minfo[39m]: register attempt by asif@gmail.com
2025-10-16 18:10:59 [[32minfo[39m]: Register Sucess: asif@gmail.com
2025-10-16 18:10:67 [[32minfo[39m]: Login attempt by: asifandhi25@gmail.com
2025-10-16 18:10:06 [[32minfo[39m]: login success: asifandhi25@gmail.com, role: superadmin
2025-10-16 18:10:69 [[32minfo[39m]: Login attempt by: asifandhi25@gmail.com
2025-10-16 18:10:08 [[32minfo[39m]: login success: asifandhi25@gmail.com, role: superadmin
2025-10-16 19:10:22 [[32minfo[39m]: Login attempt by: asifandhi25@gmail.com
2025-10-16 19:10:68 [[32minfo[39m]: login success: asifandhi25@gmail.com, role: superadmin
2025-10-16 19:10:72 [[32minfo[39m]: register attempt by adil@gmail.com
2025-10-16 19:10:90 [[32minfo[39m]: Register Sucess: adil@gmail.com
2025-10-16 19:10:88 [[32minfo[39m]: Login attempt by: asifandhi25@gmail.com
2025-10-16 19:10:28 [[32minfo[39m]: login success: asifandhi25@gmail.com, role: superadmin
2025-10-16 19:10:73 [[32minfo[39m]: Login attempt by: asif@gmail.com
2025-10-16 19:10:12 [[33mwarn[39m]: login failed (Wrong password): asif@gmail.com
2025-10-16 19:10:99 [[32minfo[39m]: Login attempt by: asif@gmail.com
2025-10-16 19:10:96 [[33mwarn[39m]: login failed (Wrong password): asif@gmail.com
2025-10-16 19:10:36 [[32minfo[39m]: Login attempt by: asifandhi25@gmail.com
2025-10-16 19:10:76 [[32minfo[39m]: login success: asifandhi25@gmail.com, role: superadmin
2025-10-16 19:10:89 [[32minfo[39m]: register attempt by akram@gmail.com
2025-10-16 19:10:12 [[32minfo[39m]: Register Sucess: akram@gmail.com
2025-10-16 19:10:25 [[32minfo[39m]: Login attempt by: asifandhi25@gmail.com
2025-10-16 19:10:67 [[32minfo[39m]: login success: asifandhi25@gmail.com, role: superadmin
2025-10-16 19:10:07 [[32minfo[39m]: register attempt by andhi@gmail.com
2025-10-16 19:10:24 [[32minfo[39m]: Register Sucess: andhi@gmail.com
2025-10-16 19:10:79 [[32minfo[39m]: Login attempt by: asifandhi25@gmail.com
2025-10-16 19:10:18 [[32minfo[39m]: login success: asifandhi25@gmail.com, role: superadmin
2025-10-16 19:10:18 [[32minfo[39m]: Login attempt by: asifandhi25@gmail.com
2025-10-16 19:10:57 [[32minfo[39m]: login success: asifandhi25@gmail.com, role: superadmin
2025-10-16 19:10:19 [[32minfo[39m]: Login attempt by: asifandhi25@gmail.com
2025-10-16 19:10:64 [[32minfo[39m]: login success: asifandhi25@gmail.com, role: superadmin
2025-10-16 19:10:51 [[32minfo[39m]: register attempt by shabbir@gmail.com
2025-10-16 19:10:66 [[32minfo[39m]: Register Sucess: shabbir@gmail.com
2025-10-16 20:10:40 [[32minfo[39m]: Login attempt by: asifandhi25@gmail.com
2025-10-16 20:10:85 [[32minfo[39m]: login success: asifandhi25@gmail.com, role: superadmin
2025-10-16 20:10:85 [[32minfo[39m]: register attempt by mariyam@gmail.com
2025-10-16 20:10:06 [[32minfo[39m]: Register Sucess: mariyam@gmail.com
2025-10-16 20:10:95 [[32minfo[39m]: register attempt by asma@gmail.com
2025-10-16 20:10:13 [[32minfo[39m]: Register Sucess: asma@gmail.com
2025-10-16 20:10:69 [[32minfo[39m]: Login attempt by: asifandhi25@gmail.com
2025-10-16 20:10:12 [[32minfo[39m]: login success: asifandhi25@gmail.com, role: superadmin
2025-10-16 20:10:57 [[32minfo[39m]: register attempt by falak@gmail.com
2025-10-16 20:10:78 [[32minfo[39m]: Register Sucess: falak@gmail.com
2025-10-16 20:10:57 [[32minfo[39m]: register attempt by inaya@gmail.com
2025-10-16 20:10:78 [[32minfo[39m]: Register Sucess: inaya@gmail.com
2025-10-16 20:10:07 [[32minfo[39m]: register attempt by maa@gmail.com
2025-10-16 20:10:25 [[32minfo[39m]: Register Sucess: maa@gmail.com
2025-10-16 20:10:45 [[32minfo[39m]: Login attempt by: asifandhi25@gmail.com
2025-10-16 20:10:85 [[32minfo[39m]: login success: asifandhi25@gmail.com, role: superadmin
2025-10-16 20:10:20 [[32minfo[39m]: register attempt by 12@gmail.com
2025-10-16 20:10:37 [[32minfo[39m]: Register Sucess: 12@gmail.com
2025-10-16 20:10:47 [[32minfo[39m]: register attempt by 23@gmail.com
2025-10-16 20:10:73 [[32minfo[39m]: Register Sucess: 23@gmail.com
2025-10-16 20:10:02 [[32minfo[39m]: register attempt by ab@gmail.com
2025-10-16 20:10:19 [[32minfo[39m]: Register Sucess: ab@gmail.com
2025-10-16 20:10:68 [[32minfo[39m]: Login attempt by: asifandhi25@gmail.com
2025-10-16 20:10:23 [[32minfo[39m]: login success: asifandhi25@gmail.com, role: superadmin
2025-10-16 20:10:48 [[32minfo[39m]: register attempt by mb@gmail.com
2025-10-16 20:10:77 [[32minfo[39m]: Register Sucess: mb@gmail.com
2025-10-16 20:10:18 [[32minfo[39m]: register attempt by 778@gmail.com
2025-10-16 20:10:44 [[32minfo[39m]: Register Sucess: 778@gmail.com
2025-10-16 20:10:05 [[32minfo[39m]: register attempt by 99@gmail.com
2025-10-16 20:10:43 [[32minfo[39m]: Register Sucess: 99@gmail.com
2025-10-16 20:10:24 [[32minfo[39m]: Login attempt by: asifandhi25@gmail.com
2025-10-16 20:10:71 [[32minfo[39m]: login success: asifandhi25@gmail.com, role: superadmin
2025-10-16 20:10:39 [[32minfo[39m]: register attempt by 22@gmail.com
2025-10-16 20:10:86 [[32minfo[39m]: Register Sucess: 22@gmail.com
2025-10-16 21:10:97 [[32minfo[39m]: register attempt by 33@gmail.com
2025-10-16 21:10:34 [[32minfo[39m]: Register Sucess: 33@gmail.com
2025-10-16 21:10:23 [[32minfo[39m]: Login attempt by: 33@gmail.com
2025-10-16 21:10:63 [[32minfo[39m]: login success: 33@gmail.com, role: superadmin
2025-10-16 21:10:90 [[32minfo[39m]: register attempt by 25@gmail.com
2025-10-16 21:10:26 [[32minfo[39m]: Register Sucess: 25@gmail.com
2025-10-17 00:10:09 [[32minfo[39m]: Login attempt by: asifandhi25@gmail.com
2025-10-17 00:10:49 [[32minfo[39m]: login success: asifandhi25@gmail.com, role: superadmin
2025-10-17 00:10:21 [[32minfo[39m]: Login attempt by: asifandhi25@gmail.com
2025-10-17 00:10:62 [[32minfo[39m]: login success: asifandhi25@gmail.com, role: superadmin
2025-10-17 00:10:24 [[32minfo[39m]: Login attempt by: asifandhi25@gmail.com
2025-10-17 00:10:70 [[32minfo[39m]: login success: asifandhi25@gmail.com, role: superadmin
2025-10-17 00:10:11 [[32minfo[39m]: [0mPUT /api/auth/update/:userId/1 [33m404[0m 3.162 ms - 164[0m
2025-10-17 00:10:22 [[32minfo[39m]: [0mPUT /api/auth/update/:userId/2 [33m404[0m 0.381 ms - 164[0m
2025-10-17 00:10:07 [[32minfo[39m]: [0mPUT /api/auth/update/:userId/2 [33m404[0m 0.673 ms - 164[0m
2025-10-17 00:10:99 [[32minfo[39m]: [0mPUT /api/auth/update/:userId/update/1 [33m404[0m 0.297 ms - 171[0m
2025-10-17 00:10:34 [[32minfo[39m]: Login attempt by: asifandhi25@gmail.com
2025-10-17 00:10:75 [[32minfo[39m]: login success: asifandhi25@gmail.com, role: superadmin
2025-10-17 00:10:51 [[32minfo[39m]: Login attempt by: asifandhi25@gmail.com
2025-10-17 00:10:93 [[32minfo[39m]: login success: asifandhi25@gmail.com, role: superadmin
2025-10-17 00:10:72 [[32minfo[39m]: Login attempt by: asifandhi25@gmail.com
2025-10-17 00:10:12 [[32minfo[39m]: login success: asifandhi25@gmail.com, role: superadmin
2025-10-17 00:10:99 [[32minfo[39m]: Login attempt by: asifandhi25@gmail.com
2025-10-17 00:10:40 [[32minfo[39m]: login success: asifandhi25@gmail.com, role: superadmin
2025-10-17 00:10:26 [[32minfo[39m]: Login attempt by: asifandhi25@gmail.com
2025-10-17 00:10:72 [[32minfo[39m]: login success: asifandhi25@gmail.com, role: superadmin
2025-10-17 00:10:81 [[32minfo[39m]: Login attempt by: asifandhi25@gmail.com
2025-10-17 00:10:24 [[32minfo[39m]: login success: asifandhi25@gmail.com, role: superadmin
2025-10-17 01:10:20 [[32minfo[39m]: Login attempt by: asifandhi25@gmail.com
2025-10-17 01:10:59 [[32minfo[39m]: login success: asifandhi25@gmail.com, role: superadmin
2025-10-17 01:10:56 [[32minfo[39m]: Login attempt by: asifandhi25@gmail.com
2025-10-17 01:10:97 [[32minfo[39m]: login success: asifandhi25@gmail.com, role: superadmin
2025-10-17 01:10:80 [[32minfo[39m]: Login attempt by: asifandhi25@gmail.com
2025-10-17 01:10:22 [[32minfo[39m]: login success: asifandhi25@gmail.com, role: superadmin
2025-10-17 09:10:45 [[32minfo[39m]: Login attempt by: asifandhi25@gmail.com
2025-10-17 09:10:68 [[32minfo[39m]: login success: asifandhi25@gmail.com, role: superadmin
2025-10-17 09:10:21 [[32minfo[39m]: Login attempt by: asifandhi25@gmail.com
2025-10-17 09:10:66 [[32minfo[39m]: login success: asifandhi25@gmail.com, role: superadmin
2025-10-17 09:10:13 [[32minfo[39m]: [0mDELETE /api/auth/update/5 [33m404[0m 4.038 ms - 159[0m
2025-10-17 09:10:15 [[32minfo[39m]: Login attempt by: asifandhi25@gmail.com
2025-10-17 09:10:54 [[32minfo[39m]: login success: asifandhi25@gmail.com, role: superadmin
2025-10-17 09:10:61 [[32minfo[39m]: [0mDELETE /api/auth/update/5 [33m404[0m 1.103 ms - 159[0m
2025-10-17 09:10:00 [[32minfo[39m]: [0mDELETE /api/auth/update/5 [33m404[0m 3.060 ms - 159[0m
2025-10-17 09:10:03 [[32minfo[39m]: Login attempt by: asifandhi25@gmail.com
2025-10-17 09:10:48 [[32minfo[39m]: login success: asifandhi25@gmail.com, role: superadmin
2025-10-17 09:10:67 [[32minfo[39m]: Login attempt by: asifandhi25@gmail.com
2025-10-17 09:10:74 [[32minfo[39m]: login success: asifandhi25@gmail.com, role: superadmin
2025-10-17 09:10:18 [[32minfo[39m]: Login attempt by: asifandhi25@gmail.com
2025-10-17 09:10:62 [[32minfo[39m]: login success: asifandhi25@gmail.com, role: superadmin
2025-10-17 10:10:14 [[32minfo[39m]: Login attempt by: asifandhi25@gmail.com
2025-10-17 10:10:60 [[32minfo[39m]: login success: asifandhi25@gmail.com, role: superadmin
2025-10-17 10:10:82 [[32minfo[39m]: Login attempt by: asifandhi25@gmail.com
2025-10-17 10:10:29 [[32minfo[39m]: login success: asifandhi25@gmail.com, role: superadmin
2025-10-17 10:10:22 [[32minfo[39m]: Login attempt by: asifandhi25@gmail.com
2025-10-17 10:10:08 [[32minfo[39m]: login success: asifandhi25@gmail.com, role: superadmin
2025-10-17 11:10:94 [[32minfo[39m]: Login attempt by: asifandhi25@gmail.com
2025-10-17 11:10:11 [[32minfo[39m]: login success: asifandhi25@gmail.com, role: superadmin
2025-10-17 11:10:25 [[32minfo[39m]: Login attempt by: asif@gmail.com
2025-10-17 11:10:67 [[33mwarn[39m]: login failed (Wrong password): asif@gmail.com
2025-10-17 11:10:98 [[32minfo[39m]: Login attempt by: asifandhi@gmail.com
2025-10-17 11:10:69 [[33mwarn[39m]: Login failed(user not found: asifandhi@gmail.com)
2025-10-17 11:10:14 [[32minfo[39m]: Login attempt by: asifandhi25@gmail.com
2025-10-17 11:10:62 [[32minfo[39m]: login success: asifandhi25@gmail.com, role: superadmin
2025-10-17 11:10:88 [[32minfo[39m]: register attempt by asifandhi25@gmail.com
2025-10-17 11:10:20 [[33mwarn[39m]: existing user asifandhi25@gmail.com
2025-10-17 12:10:87 [[32minfo[39m]: Login attempt by: asifandhi25@gmail.com
2025-10-17 12:10:33 [[32minfo[39m]: login success: asifandhi25@gmail.com, role: superadmin
2025-10-17 12:10:49 [[32minfo[39m]: Login attempt by: asifandhi25@gmail.com
2025-10-17 12:10:99 [[32minfo[39m]: login success: asifandhi25@gmail.com, role: superadmin
2025-10-17 13:10:98 [[32minfo[39m]: Login attempt by: asifandhi25@gmail.com
2025-10-17 13:10:07 [[32minfo[39m]: login success: asifandhi25@gmail.com, role: superadmin
2025-10-17 14:10:24 [[32minfo[39m]: Login attempt by: asifandhi25@gmail.com
2025-10-17 14:10:76 [[32minfo[39m]: login success: asifandhi25@gmail.com, role: superadmin
2025-10-17 14:10:24 [[32minfo[39m]: Login attempt by: asifandhi25@gmail.com
2025-10-17 14:10:37 [[32minfo[39m]: login success: asifandhi25@gmail.com, role: superadmin
2025-10-17 15:10:55 [[32minfo[39m]: Login attempt by: asifandhi25@gmail.com
2025-10-17 15:10:24 [[32minfo[39m]: login success: asifandhi25@gmail.com, role: superadmin
2025-10-17 15:10:06 [[32minfo[39m]: Login attempt by: k r patelbricks@gmail.com
2025-10-17 15:10:02 [[32minfo[39m]: login success: k r patelbricks@gmail.com, role: user
2025-10-17 19:10:70 [[32minfo[39m]: Login attempt by: asifandhi25@gmail.com
2025-10-17 19:10:18 [[32minfo[39m]: login success: asifandhi25@gmail.com, role: superadmin
2025-10-17 19:10:73 [[32minfo[39m]: Login attempt by: asifandhi25@gmail.com
2025-10-17 19:10:22 [[32minfo[39m]: login success: asifandhi25@gmail.com, role: superadmin
2025-10-17 19:10:25 [[32minfo[39m]: [0mGET /api/auth/token [33m404[0m 2.779 ms - 153[0m
2025-10-17 19:10:09 [[32minfo[39m]: [0mGET /api/auth/token [33m404[0m 3.162 ms - 153[0m
2025-10-17 19:10:90 [[32minfo[39m]: [0mGET /api/auth/token [33m404[0m 0.847 ms - 153[0m
2025-10-17 19:10:24 [[32minfo[39m]: [0mGET /api/auth/token [33m404[0m 0.468 ms - 153[0m
2025-10-17 19:10:46 [[32minfo[39m]: Login attempt by: k r patelbricks@gmail.com
2025-10-17 19:10:67 [[32minfo[39m]: login success: k r patelbricks@gmail.com, role: user
2025-10-17 19:10:48 [[32minfo[39m]: [0mGET /api/auth/token [33m404[0m 0.832 ms - 153[0m
2025-10-17 19:10:35 [[32minfo[39m]: [0mGET /api/auth/token [33m404[0m 0.450 ms - 153[0m
2025-10-17 20:10:29 [[32minfo[39m]: Login attempt by: asifandhi25@gmail.com
2025-10-17 20:10:79 [[32minfo[39m]: login success: asifandhi25@gmail.com, role: superadmin
2025-10-17 21:10:24 [[32minfo[39m]: Login attempt by: k r patelbricks@gmail.com
2025-10-17 21:10:17 [[32minfo[39m]: login success: k r patelbricks@gmail.com, role: user
2025-10-17 21:10:09 [[32minfo[39m]: [0mGET /api/auth/token [33m404[0m 2.746 ms - 153[0m
2025-10-17 21:10:40 [[32minfo[39m]: Login attempt by: asifandhi25@gmail.com
2025-10-17 21:10:87 [[32minfo[39m]: login success: asifandhi25@gmail.com, role: superadmin
2025-10-17 21:10:10 [[32minfo[39m]: [0mGET /api/auth/token [33m404[0m 1.674 ms - 153[0m
2025-10-17 21:10:05 [[32minfo[39m]: [0mGET /api/auth/token [33m404[0m 0.825 ms - 153[0m
2025-10-17 22:10:52 [[32minfo[39m]: Login attempt by: asifandhi25@gmail.com
2025-10-17 22:10:94 [[32minfo[39m]: login success: asifandhi25@gmail.com, role: superadmin
2025-10-17 22:10:17 [[32minfo[39m]: [0mGET /favicon.ico [33m404[0m 0.936 ms - 150[0m
2025-10-17 22:10:87 [[32minfo[39m]: Login attempt by: asifandhi25@gmail.com
2025-10-17 22:10:17 [[32minfo[39m]: login success: asifandhi25@gmail.com, role: superadmin
2025-10-17 22:10:74 [[32minfo[39m]: Login attempt by: asifandhi25@gmail.com
2025-10-17 22:10:19 [[32minfo[39m]: login success: asifandhi25@gmail.com, role: superadmin
2025-10-17 22:10:81 [[32minfo[39m]: Login attempt by: asifandhi25@gmail.com
2025-10-17 22:10:78 [[32minfo[39m]: login success: asifandhi25@gmail.com, role: superadmin
2025-10-17 22:10:63 [[32minfo[39m]: Login attempt by: asifandhi25@gmail.com
2025-10-17 22:10:10 [[32minfo[39m]: login success: asifandhi25@gmail.com, role: superadmin
2025-10-18 07:10:91 [[32minfo[39m]: Login attempt by: asifandhi25@gmail.com
2025-10-18 07:10:46 [[32minfo[39m]: login success: asifandhi25@gmail.com, role: superadmin
2025-10-18 08:10:29 [[32minfo[39m]: Login attempt by: asifandhi25@gmail.com
2025-10-18 08:10:19 [[32minfo[39m]: login success: asifandhi25@gmail.com, role: superadmin
2025-10-18 08:10:89 [[32minfo[39m]: Login attempt by: asifandhi25@gmail.com
2025-10-18 08:10:85 [[32minfo[39m]: login success: asifandhi25@gmail.com, role: superadmin
2025-10-18 10:10:03 [[32minfo[39m]: Login attempt by: asifandhi25@gmail.com
2025-10-18 10:10:92 [[32minfo[39m]: login success: asifandhi25@gmail.com, role: superadmin
2025-10-18 10:10:27 [[32minfo[39m]: Login attempt by: asifandhi25@gmail.com
2025-10-18 10:10:69 [[32minfo[39m]: login success: asifandhi25@gmail.com, role: superadmin
2025-10-18 11:10:41 [[32minfo[39m]: [0mPUT /api/api/token/update/15 [33m404[0m 4.425 ms - 162[0m
2025-10-18 11:10:45 [[32minfo[39m]: [0mPUT /api/api/token/update/15 [33m404[0m 1.089 ms - 162[0m
2025-10-18 11:10:82 [[32minfo[39m]: Login attempt by: asifandhi25@gmail.com
2025-10-18 11:10:30 [[32minfo[39m]: login success: asifandhi25@gmail.com, role: superadmin
2025-10-18 11:10:55 [[32minfo[39m]: [0mPUT /api/api/token/update [33m404[0m 0.713 ms - 159[0m
2025-10-18 11:10:40 [[32minfo[39m]: [0mPUT /api/api/token/update/15 [33m404[0m 7.041 ms - 162[0m
2025-10-18 11:10:58 [[32minfo[39m]: [0mPUT /api/api/token/update/15 [33m404[0m 0.845 ms - 162[0m
2025-10-18 11:10:35 [[32minfo[39m]: [0mPUT /api/api/token/update/14 [33m404[0m 0.895 ms - 162[0m
2025-10-18 11:10:44 [[32minfo[39m]: [0mPUT /api/api/token/update/15 [33m404[0m 3.078 ms - 162[0m
2025-10-18 11:10:19 [[32minfo[39m]: [0mPUT /api/api/token/update/15 [33m404[0m 4.831 ms - 162[0m
2025-10-18 11:10:21 [[32minfo[39m]: [0mPUT /api/api/token/update/15 [33m404[0m 0.674 ms - 162[0m
2025-10-18 11:10:76 [[32minfo[39m]: [0mPUT /api/api/token/update/:tokenId15 [33m404[0m 0.501 ms - 170[0m
2025-10-18 11:10:93 [[32minfo[39m]: [0mPUT /api/api/token/update [33m404[0m 7.535 ms - 159[0m
2025-10-18 11:10:33 [[32minfo[39m]: [0mPUT /api/api/token/update [33m404[0m 0.772 ms - 159[0m
2025-10-18 11:10:47 [[32minfo[39m]: [0mPUT /api/api/token/update [33m404[0m 0.704 ms - 159[0m
2025-10-18 11:10:92 [[32minfo[39m]: [0mPUT /api/api/token/update [33m404[0m 0.505 ms - 159[0m
2025-10-18 11:10:92 [[32minfo[39m]: [0mPUT /api/token/update [33m404[0m 0.739 ms - 155[0m
2025-10-18 12:10:52 [[32minfo[39m]: Login attempt by: asifandhi25@gmail.com
2025-10-18 12:10:01 [[32minfo[39m]: login success: asifandhi25@gmail.com, role: superadmin
2025-10-18 12:10:55 [[32minfo[39m]: Login attempt by: asifandhi25@gmail.com
2025-10-18 12:10:96 [[32minfo[39m]: login success: asifandhi25@gmail.com, role: superadmin
2025-10-18 20:10:32 [[32minfo[39m]: Login attempt by: asifandhi25@gmail.com
2025-10-18 20:10:20 [[32minfo[39m]: login success: asifandhi25@gmail.com, role: superadmin
2025-10-18 21:10:71 [[32minfo[39m]: Login attempt by: asifandhi25@gmail.com
2025-10-18 21:10:23 [[32minfo[39m]: login success: asifandhi25@gmail.com, role: superadmin
2025-10-19 08:10:89 [[32minfo[39m]: Login attempt by: asifandhi25@gmail.com
2025-10-19 08:10:16 [[32minfo[39m]: login success: asifandhi25@gmail.com, role: superadmin
2025-10-19 11:10:64 [[32minfo[39m]: Login attempt by: asifandhi25@gmail.com
2025-10-19 11:10:53 [[32minfo[39m]: login success: asifandhi25@gmail.com, role: superadmin
2025-10-19 12:10:81 [[32minfo[39m]: Login attempt by: asifandhi25@gmail.com
2025-10-19 12:10:26 [[32minfo[39m]: login success: asifandhi25@gmail.com, role: superadmin
2025-10-19 12:10:86 [[32minfo[39m]: Login attempt by: asifandhi25@gmail.com
2025-10-19 12:10:31 [[32minfo[39m]: login success: asifandhi25@gmail.com, role: superadmin
2025-10-19 12:10:10 [[32minfo[39m]: register attempt by asif@gmail.com
2025-10-19 12:10:30 [[32minfo[39m]: Register Sucess: asif@gmail.com
2025-10-19 13:10:07 [[32minfo[39m]: register attempt by aiif@gmail.com
2025-10-19 13:10:31 [[32minfo[39m]: Register Sucess: aiif@gmail.com
2025-10-19 13:10:22 [[32minfo[39m]: register attempt by adil@gmail.com
2025-10-19 13:10:56 [[32minfo[39m]: Register Sucess: adil@gmail.com
2025-10-19 13:10:97 [[32minfo[39m]: register attempt by adil12@gmail.com
2025-10-19 13:10:12 [[32minfo[39m]: Register Sucess: adil12@gmail.com
2025-10-19 13:10:86 [[32minfo[39m]: register attempt by asif@gmail.com
2025-10-19 13:10:90 [[33mwarn[39m]: existing user asif@gmail.com
2025-10-19 13:10:42 [[32minfo[39m]: register attempt by andhi@gmail.com
2025-10-19 13:10:59 [[32minfo[39m]: Register Sucess: andhi@gmail.com
2025-10-19 13:10:60 [[32minfo[39m]: register attempt by g@gmail.com
2025-10-19 13:10:75 [[32minfo[39m]: Register Sucess: g@gmail.com
2025-10-19 13:10:58 [[32minfo[39m]: register attempt by as@gmail.com
2025-10-19 13:10:87 [[32minfo[39m]: Register Sucess: as@gmail.com
2025-10-19 13:10:63 [[32minfo[39m]: register attempt by a@gmail.com
2025-10-19 13:10:80 [[32minfo[39m]: Register Sucess: a@gmail.com
2025-10-19 13:10:64 [[32minfo[39m]: register attempt by 23@gmail.com
2025-10-19 13:10:80 [[32minfo[39m]: Register Sucess: 23@gmail.com
2025-10-19 13:10:86 [[32minfo[39m]: register attempt by 56@gmail.com
2025-10-19 13:10:24 [[32minfo[39m]: Register Sucess: 56@gmail.com
2025-10-19 13:10:38 [[32minfo[39m]: register attempt by 7@gmail.com
2025-10-19 13:10:29 [[32minfo[39m]: Register Sucess: 7@gmail.com
2025-10-19 13:10:76 [[32minfo[39m]: register attempt by 7@gmail.com
2025-10-19 13:10:03 [[33mwarn[39m]: existing user 7@gmail.com
2025-10-19 13:10:91 [[32minfo[39m]: Login attempt by: asifandhi25@gmail.com
2025-10-19 13:10:35 [[32minfo[39m]: login success: asifandhi25@gmail.com, role: superadmin
2025-10-19 13:10:16 [[32minfo[39m]: register attempt by 12@gmail.com
2025-10-19 13:10:44 [[32minfo[39m]: Register Sucess: 12@gmail.com
2025-10-19 13:10:96 [[32minfo[39m]: register attempt by 12@gmail.com
2025-10-19 13:10:23 [[33mwarn[39m]: existing user 12@gmail.com
2025-10-19 13:10:53 [[32minfo[39m]: register attempt by 31@gmail.com
2025-10-19 13:10:74 [[32minfo[39m]: Register Sucess: 31@gmail.com
2025-10-19 13:10:41 [[32minfo[39m]: register attempt by 20@gmail.com
2025-10-19 13:10:64 [[32minfo[39m]: Register Sucess: 20@gmail.com
2025-10-19 13:10:93 [[32minfo[39m]: register attempt by 20@gmail.com
2025-10-19 13:10:41 [[33mwarn[39m]: existing user 20@gmail.com
2025-10-19 16:10:06 [[32minfo[39m]: Login attempt by: asifandhi25@gmail.com
2025-10-19 16:10:56 [[32minfo[39m]: login success: asifandhi25@gmail.com, role: superadmin
2025-10-19 16:10:55 [[32minfo[39m]: register attempt by andhi@gmail.com
2025-10-19 16:10:44 [[32minfo[39m]: Register Sucess: andhi@gmail.com
2025-10-19 16:10:00 [[32minfo[39m]: register attempt by asif@gmail.com
2025-10-19 16:10:30 [[32minfo[39m]: Register Sucess: asif@gmail.com
2025-10-19 16:10:19 [[32minfo[39m]: Login attempt by: andhi@gmail.com
2025-10-19 16:10:59 [[32minfo[39m]: login success: andhi@gmail.com, role: superadmin
2025-10-19 16:10:05 [[32minfo[39m]: Login attempt by: asifandhi25@gmail.com
2025-10-19 16:10:45 [[32minfo[39m]: login success: asifandhi25@gmail.com, role: superadmin
2025-10-19 16:10:34 [[32minfo[39m]: register attempt by asif@gmail.com
2025-10-19 16:10:62 [[33mwarn[39m]: existing user asif@gmail.com
2025-10-19 16:10:49 [[32minfo[39m]: Login attempt by: asifandhi25@gmail.com
2025-10-19 16:10:94 [[32minfo[39m]: login success: asifandhi25@gmail.com, role: superadmin
2025-10-19 16:10:01 [[32minfo[39m]: Login attempt by: asifandhi25@gmail.com
2025-10-19 16:10:45 [[32minfo[39m]: login success: asifandhi25@gmail.com, role: superadmin
2025-10-19 16:10:41 [[32minfo[39m]: Login attempt by: asifandhi25@gmail.com
2025-10-19 16:10:85 [[32minfo[39m]: login success: asifandhi25@gmail.com, role: superadmin
2025-10-19 16:10:04 [[32minfo[39m]: Login attempt by: asifandhi1@gmail.com
2025-10-19 16:10:84 [[32minfo[39m]: login success: asifandhi1@gmail.com, role: admin
2025-10-19 23:10:67 [[32minfo[39m]: Login attempt by: asifandhi25@gmail.com
2025-10-19 23:10:14 [[32minfo[39m]: login success: asifandhi25@gmail.com, role: superadmin
2025-10-19 23:10:29 [[32minfo[39m]: Login attempt by: asifandhi0@gmail.com
2025-10-19 23:10:65 [[32minfo[39m]: login success: asifandhi0@gmail.com, role: admin
2025-10-19 23:10:36 [[32minfo[39m]: Login attempt by: asifandhi25@gmail.com
2025-10-19 23:10:82 [[32minfo[39m]: login success: asifandhi25@gmail.com, role: superadmin
2025-10-19 23:10:36 [[32minfo[39m]: Login attempt by: da054@gmail.com
2025-10-19 23:10:76 [[32minfo[39m]: login success: da054@gmail.com, role: user
2025-10-19 23:10:94 [[32minfo[39m]: Login attempt by: asifandhi25@gmail.com
2025-10-19 23:10:36 [[32minfo[39m]: login success: asifandhi25@gmail.com, role: superadmin
2025-10-19 23:10:50 [[32minfo[39m]: Login attempt by: asifandhi0@gmail.com
2025-10-19 23:10:92 [[32minfo[39m]: login success: asifandhi0@gmail.com, role: admin
2025-10-20 09:10:50 [[32minfo[39m]: Login attempt by: asifandhi25@gmail.com
2025-10-20 09:10:79 [[32minfo[39m]: login success: asifandhi25@gmail.com, role: superadmin
2025-10-20 09:10:32 [[32minfo[39m]: Login attempt by: as@gmail.com
2025-10-20 09:10:59 [[33mwarn[39m]: Login failed(user not found: as@gmail.com)
2025-10-20 10:10:13 [[32minfo[39m]: Login attempt by: asifandhi25@gmail.com
2025-10-20 10:10:01 [[32minfo[39m]: login success: asifandhi25@gmail.com, role: superadmin
2025-10-20 10:10:49 [[32minfo[39m]: Login attempt by: as@gmail.com
2025-10-20 10:10:78 [[33mwarn[39m]: Login failed(user not found: as@gmail.com)
2025-10-20 10:10:18 [[32minfo[39m]: Login attempt by: as@gmail.com
2025-10-20 10:10:22 [[33mwarn[39m]: Login failed(user not found: as@gmail.com)
2025-10-20 10:10:85 [[32minfo[39m]: Login attempt by: as@gmail.com
2025-10-20 10:10:12 [[33mwarn[39m]: Login failed(user not found: as@gmail.com)
2025-10-20 10:10:19 [[32minfo[39m]: Login attempt by: asifandhi25@gmail.com
2025-10-20 10:10:58 [[33mwarn[39m]: login failed (Wrong password): asifandhi25@gmail.com
2025-10-20 10:10:97 [[32minfo[39m]: Login attempt by: asifandhi25@gmail.com
2025-10-20 10:10:11 [[32minfo[39m]: login success: asifandhi25@gmail.com, role: superadmin
2025-10-20 10:10:91 [[32minfo[39m]: Login attempt by: asifandhi25@gmail.com
2025-10-20 10:10:86 [[32minfo[39m]: login success: asifandhi25@gmail.com, role: superadmin
2025-10-21 16:10:06 [[32minfo[39m]: Login attempt by: asifandhi25@gmail.com
2025-10-21 16:10:30 [[32minfo[39m]: login success: asifandhi25@gmail.com, role: superadmin
2025-10-21 16:10:75 [[32minfo[39m]: [0mPUT /api/balance/getBalance [33m404[0m 5.051 ms - 161[0m
2025-10-21 16:10:75 [[32minfo[39m]: [0mPUT /api/balance/getBalance/62 [33m404[0m 0.794 ms - 164[0m
2025-10-21 17:10:25 [[32minfo[39m]: Login attempt by: asifandhi25@gmail.com
2025-10-21 17:10:73 [[32minfo[39m]: login success: asifandhi25@gmail.com, role: superadmin
2025-10-21 17:10:74 [[32minfo[39m]: Login attempt by: asifandhi25@gmail.com
2025-10-21 17:10:20 [[32minfo[39m]: login success: asifandhi25@gmail.com, role: superadmin
2025-10-21 20:10:33 [[32minfo[39m]: Login attempt by: asifandhi25@gmail.com
2025-10-21 20:10:01 [[32minfo[39m]: login success: asifandhi25@gmail.com, role: superadmin
2025-10-21 21:10:01 [[32minfo[39m]: Login attempt by: asifandhi25@gmail.com
2025-10-21 21:10:52 [[32minfo[39m]: login success: asifandhi25@gmail.com, role: superadmin
2025-10-22 10:10:19 [[32minfo[39m]: Login attempt by: asifandhi25@gmail.com
2025-10-22 10:10:36 [[32minfo[39m]: login success: asifandhi25@gmail.com, role: superadmin
2025-10-22 10:10:93 [[32minfo[39m]: [0mGET /api/message/create [33m404[0m 5.981 ms - 157[0m
2025-10-22 10:10:84 [[32minfo[39m]: [0mPOST /api/message/create [33m404[0m 0.466 ms - 158[0m
2025-10-22 10:10:93 [[32minfo[39m]: [0mPOST /api/message/add [33m404[0m 0.816 ms - 155[0m
2025-10-22 10:10:48 [[32minfo[39m]: [0mPOST /api/message/add [33m404[0m 0.372 ms - 155[0m
2025-10-22 11:10:93 [[32minfo[39m]: Login attempt by: asifandhi25@gmail.com
2025-10-22 11:10:37 [[32minfo[39m]: login success: asifandhi25@gmail.com, role: superadmin
2025-10-22 11:10:10 [[32minfo[39m]: Login attempt by: asifandhi25@gmail.com
2025-10-22 11:10:60 [[32minfo[39m]: login success: asifandhi25@gmail.com, role: superadmin
2025-10-22 11:10:45 [[32minfo[39m]: [0mPOST /api/message/all [33m404[0m 2.408 ms - 155[0m
2025-10-22 12:10:57 [[32minfo[39m]: [0mGET /api/message/congirm/61 [33m404[0m 2.745 ms - 161[0m
2025-10-22 12:10:44 [[32minfo[39m]: [0mGET /api/message/confirm/61 [33m404[0m 0.664 ms - 161[0m
2025-10-22 12:10:23 [[32minfo[39m]: [0mPUT /api/message/confirm/61 [33m404[0m 0.435 ms - 161[0m
2025-10-22 12:10:26 [[32minfo[39m]: Login attempt by: asifandhi25@gmail.com
2025-10-22 12:10:71 [[32minfo[39m]: login success: asifandhi25@gmail.com, role: superadmin
2025-10-22 12:10:38 [[32minfo[39m]: [0mGET /api/message/complate/5 [33m404[0m 1.919 ms - 161[0m
2025-10-22 12:10:27 [[32minfo[39m]: [0mPUT /api/message/complate/5 [33m404[0m 0.331 ms - 161[0m
2025-10-22 12:10:51 [[32minfo[39m]: [0mPUT /api/message/complate/5 [33m404[0m 0.331 ms - 161[0m
2025-10-22 13:10:50 [[32minfo[39m]: Login attempt by: asifandhi25@gmail.com
2025-10-22 13:10:100 [[32minfo[39m]: login success: asifandhi25@gmail.com, role: superadmin
2025-10-22 13:10:44 [[32minfo[39m]: [0mGET /api/bedash/all [33m404[0m 3.552 ms - 153[0m
2025-10-22 13:10:44 [[32minfo[39m]: [0mGET /api/bedash/all [33m404[0m 0.471 ms - 153[0m
2025-10-22 13:10:41 [[32minfo[39m]: [0mGET /api/bedash/all [33m404[0m 0.831 ms - 153[0m
2025-10-22 13:10:48 [[32minfo[39m]: [0mGET /api/bedash/all [33m404[0m 0.892 ms - 153[0m
2025-10-22 13:10:13 [[32minfo[39m]: [0mPUT /api/message/confirm/61 [33m404[0m 0.477 ms - 161[0m
2025-10-22 13:10:26 [[32minfo[39m]: [0mGET /api/message/confirm/1 [33m404[0m 0.670 ms - 160[0m
2025-10-22 13:10:24 [[32minfo[39m]: [0mPUT /api/message/confirm/1 [33m404[0m 0.316 ms - 160[0m
2025-10-22 13:10:52 [[32minfo[39m]: [0mPUT /api/message/complate/61 [33m404[0m 0.292 ms - 162[0m
2025-10-22 13:10:63 [[32minfo[39m]: [0mPUT /api/message/confirm/6 [33m404[0m 0.425 ms - 160[0m
2025-10-22 13:10:52 [[32minfo[39m]: Login attempt by: asifandhi25@gmail.com
2025-10-22 13:10:02 [[32minfo[39m]: login success: asifandhi25@gmail.com, role: superadmin
2025-10-22 14:10:09 [[32minfo[39m]: Login attempt by: asifandhi25@gmail.com
2025-10-22 14:10:50 [[32minfo[39m]: login success: asifandhi25@gmail.com, role: superadmin
2025-10-22 20:10:20 [[32minfo[39m]: Login attempt by: asifandhi25@gmail.com
2025-10-22 20:10:63 [[32minfo[39m]: login success: asifandhi25@gmail.com, role: superadmin
2025-10-24 14:10:97 [[32minfo[39m]: Login attempt by: asifandhi25@gmail.com
2025-10-24 14:10:24 [[32minfo[39m]: Login success: asifandhi25@gmail.com, role: superadmin
2025-10-24 14:10:14 [[32minfo[39m]: Login attempt by: asifandhi25@gmail.com
2025-10-24 14:10:60 [[32minfo[39m]: Login success: asifandhi25@gmail.com, role: superadmin
2025-10-24 14:10:95 [[32minfo[39m]: Login attempt by: asifandhi25@gmail.com
2025-10-24 14:10:89 [[32minfo[39m]: Login success: asifandhi25@gmail.com, role: superadmin
2025-10-24 15:10:07 [[32minfo[39m]: Login attempt by: asifandhi25@gmail.com
2025-10-24 15:10:65 [[32minfo[39m]: Login success: asifandhi25@gmail.com, role: superadmin
2025-10-24 15:10:71 [[32minfo[39m]: Login attempt by: asifandhi25@gmail.com
2025-10-24 15:10:40 [[32minfo[39m]: Login success: asifandhi25@gmail.com, role: superadmin
2025-10-24 15:10:41 [[32minfo[39m]: Login attempt by: asifandhi25@gmail.com
2025-10-24 15:10:51 [[32minfo[39m]: Login success: asifandhi25@gmail.com, role: superadmin
2025-10-24 15:10:26 [[32minfo[39m]: Login attempt by: asifandhi25@gmail.com
2025-10-24 15:10:74 [[32minfo[39m]: Login success: asifandhi25@gmail.com, role: superadmin
2025-10-24 15:10:61 [[32minfo[39m]: Login attempt by: asifandhi25@gmail.com
2025-10-24 15:10:14 [[32minfo[39m]: Login success: asifandhi25@gmail.com, role: superadmin
2025-10-24 15:10:47 [[32minfo[39m]: Login attempt by: asifandhi25@gmail.com
2025-10-24 15:10:03 [[32minfo[39m]: Login success: asifandhi25@gmail.com, role: superadmin
2025-10-24 15:10:27 [[32minfo[39m]: Login attempt by: asifandhi25@gmail.com
2025-10-24 15:10:71 [[32minfo[39m]: Login success: asifandhi25@gmail.com, role: superadmin
2025-10-24 15:10:52 [[32minfo[39m]: Login attempt by: asifandhi25@gmail.com
2025-10-24 15:10:02 [[32minfo[39m]: Login success: asifandhi25@gmail.com, role: superadmin
2025-10-24 15:10:99 [[32minfo[39m]: Login attempt by: asifandhi25@gmail.com
2025-10-24 15:10:52 [[32minfo[39m]: Login success: asifandhi25@gmail.com, role: superadmin
2025-10-24 15:10:40 [[32minfo[39m]: Login attempt by: asifandhi25@gmail.com
2025-10-24 15:10:85 [[32minfo[39m]: Login success: asifandhi25@gmail.com, role: superadmin
2025-10-24 15:10:96 [[32minfo[39m]: Login attempt by: asifandhi25@gmail.com
2025-10-24 15:10:49 [[32minfo[39m]: Login success: asifandhi25@gmail.com, role: superadmin
2025-10-24 15:10:37 [[32minfo[39m]: Login attempt by: asifandhi25@gmail.com
2025-10-24 15:10:01 [[32minfo[39m]: Login success: asifandhi25@gmail.com, role: superadmin
2025-10-24 19:10:25 [[32minfo[39m]: Login attempt by: asifandhi25@gmail.com
2025-10-24 19:10:68 [[32minfo[39m]: Login success: asifandhi25@gmail.com, role: superadmin
2025-10-25 09:10:25 [[32minfo[39m]: Login attempt by: ds027@gmail.com
2025-10-25 09:10:39 [[32minfo[39m]: login success: ds027@gmail.com, role: user
2025-10-25 09:10:34 [[32minfo[39m]: Login attempt by: ds027@gmail.com
2025-10-25 09:10:83 [[32minfo[39m]: login success: ds027@gmail.com, role: user
2025-10-25 09:10:82 [[32minfo[39m]: Login attempt by: ds027@gmail.com
2025-10-25 09:10:26 [[32minfo[39m]: login success: ds027@gmail.com, role: user
2025-10-25 09:10:65 [[32minfo[39m]: Login attempt by: ds027@gmail.com
2025-10-25 09:10:53 [[33mwarn[39m]: Login blocked (Inactive user): ds027@gmail.com
2025-10-25 09:10:95 [[32minfo[39m]: Login attempt by: asifandhi0@gmail.com
2025-10-25 09:10:10 [[32minfo[39m]: Login success: asifandhi0@gmail.com, role: admin
2025-10-25 11:10:52 [[32minfo[39m]: Login attempt by: ds027@gmail.com
2025-10-25 11:10:75 [[33mwarn[39m]: Login blocked (Inactive user): ds027@gmail.com
2025-10-25 12:10:39 [[32minfo[39m]: Login attempt by: asifandhi25@gmail.com
2025-10-25 12:10:94 [[32minfo[39m]: Login success: asifandhi25@gmail.com, role: superadmin
2025-10-25 12:10:41 [[32minfo[39m]: Login attempt by: a@gmail.com
2025-10-25 12:10:86 [[32minfo[39m]: Login success: a@gmail.com, role: admin
2025-10-25 12:10:38 [[32minfo[39m]: Login attempt by: asifandhi25@gmail.com
2025-10-25 12:10:82 [[32minfo[39m]: Login success: asifandhi25@gmail.com, role: superadmin
2025-10-25 12:10:13 [[32minfo[39m]: Login attempt by: asifandhi0@gmail.com
2025-10-25 12:10:13 [[32minfo[39m]: Login success: asifandhi0@gmail.com, role: admin
2025-10-25 12:10:24 [[32minfo[39m]: Login attempt by: asifandhi0@gmail.com
2025-10-25 12:10:77 [[32minfo[39m]: Login success: asifandhi0@gmail.com, role: admin
2025-10-25 12:10:77 [[32minfo[39m]: Login attempt by: a@gmail.com
2025-10-25 12:10:21 [[32minfo[39m]: Login success: a@gmail.com, role: admin
2025-10-25 12:10:82 [[32minfo[39m]: Login attempt by: asifandhi0@gmail.com
2025-10-25 12:10:01 [[32minfo[39m]: Login success: asifandhi0@gmail.com, role: admin
2025-10-25 12:10:64 [[32minfo[39m]: Login attempt by: a@gmail.com
2025-10-25 12:10:08 [[32minfo[39m]: Login success: a@gmail.com, role: admin
2025-10-25 12:10:77 [[32minfo[39m]: Login attempt by: a@gmail.com
2025-10-25 12:10:26 [[32minfo[39m]: Login success: a@gmail.com, role: admin
2025-10-25 12:10:23 [[32minfo[39m]: Login attempt by: asifandhi0@gmail.com
2025-10-25 12:10:76 [[32minfo[39m]: Login success: asifandhi0@gmail.com, role: admin
2025-10-25 12:10:54 [[32minfo[39m]: Login attempt by: asifandhi25@gmail.com
2025-10-25 12:10:08 [[32minfo[39m]: Login success: asifandhi25@gmail.com, role: superadmin
2025-10-25 12:10:94 [[32minfo[39m]: Login attempt by: asifandhi25@gmail.com
2025-10-25 12:10:40 [[32minfo[39m]: Login success: asifandhi25@gmail.com, role: superadmin
2025-10-25 13:10:20 [[32minfo[39m]: Login attempt by: asifandhi25@gmail.com
2025-10-25 13:10:72 [[32minfo[39m]: Login success: asifandhi25@gmail.com, role: superadmin
2025-10-25 13:10:68 [[32minfo[39m]: Login attempt by: asifandhi25@gmail.com
2025-10-25 13:10:15 [[32minfo[39m]: Login success: asifandhi25@gmail.com, role: superadmin
2025-10-25 13:10:52 [[32minfo[39m]: Login attempt by: asifandhi25@gmail.com
2025-10-25 13:10:88 [[32minfo[39m]: Login success: asifandhi25@gmail.com, role: superadmin
2025-10-25 16:10:10 [[32minfo[39m]: Login attempt by: admin1@gmail.com
2025-10-25 16:10:12 [[32minfo[39m]: Login success: admin1@gmail.com, role: user
2025-10-25 16:10:90 [[32minfo[39m]: Login attempt by: admin2@gmail.com
2025-10-25 16:10:35 [[32minfo[39m]: Login success: admin2@gmail.com, role: user
2025-10-25 16:10:93 [[32minfo[39m]: Login attempt by: admin@gmail.com
2025-10-25 16:10:35 [[32minfo[39m]: Login success: admin@gmail.com, role: admin
2025-10-27 20:10:96 [[32minfo[39m]: Login attempt by: b@gmail.com
2025-10-27 20:10:76 [[33mwarn[39m]: Login blocked (Creator inactive): b@gmail.com
2025-10-27 20:10:07 [[32minfo[39m]: Login attempt by: asifandhi25@gmail.com
2025-10-27 20:10:19 [[32minfo[39m]: Login success: asifandhi25@gmail.com, role: superadmin
2025-10-31 14:10:25 [[32minfo[39m]: Login attempt by: asifandhi0@gmail.com
2025-10-31 14:10:52 [[33mwarn[39m]: Login failed (User not found: asifandhi0@gmail.com)
2025-10-31 14:10:42 [[32minfo[39m]: Login attempt by: asifandhi25@gmail.com
2025-10-31 14:10:63 [[33mwarn[39m]: Login failed (User not found: asifandhi25@gmail.com)
2025-10-31 14:10:96 [[32minfo[39m]: Login attempt by: asifandhi25@gmail.com
2025-10-31 14:10:91 [[33mwarn[39m]: Login failed (User not found: asifandhi25@gmail.com)
2025-10-31 14:10:26 [[32minfo[39m]: Login attempt by: asifandhi25@gmail.com
2025-10-31 14:10:48 [[33mwarn[39m]: Login failed (User not found: asifandhi25@gmail.com)
2025-10-31 14:10:64 [[32minfo[39m]: Login attempt by: asifandhi25@gmail.com
2025-10-31 14:10:83 [[33mwarn[39m]: Login failed (User not found: asifandhi25@gmail.com)
2025-10-31 14:10:32 [[32minfo[39m]: Login attempt by: asifandhi025@gmail.com
2025-10-31 14:10:59 [[33mwarn[39m]: Login failed (User not found: asifandhi025@gmail.com)
2025-10-31 14:10:84 [[32minfo[39m]: Login attempt by: asifandhi25@gmail.com
2025-10-31 14:10:05 [[33mwarn[39m]: Login failed (User not found: asifandhi25@gmail.com)
2025-10-31 14:10:60 [[32minfo[39m]: Login attempt by: asifandhi25@gmail.com
2025-10-31 14:10:76 [[33mwarn[39m]: Login failed (Wrong password): asifandhi25@gmail.com
2025-10-31 14:10:37 [[32minfo[39m]: Login attempt by: asifandhi25@gmail.com
2025-10-31 14:10:77 [[33mwarn[39m]: Login failed (Wrong password): asifandhi25@gmail.com
2025-10-31 14:10:68 [[32minfo[39m]: Login attempt by: asifandhi25@gmail.com
2025-10-31 14:10:05 [[33mwarn[39m]: Login failed (Wrong password): asifandhi25@gmail.com
2025-10-31 14:10:36 [[32minfo[39m]: Login attempt by: asifandhi25@gmail.com
2025-10-31 14:10:78 [[33mwarn[39m]: Login failed (Wrong password): asifandhi25@gmail.com
2025-10-31 14:10:81 [[32minfo[39m]: Login attempt by: asifandhi25@gmail.com
2025-10-31 14:10:84 [[33mwarn[39m]: Login failed (Wrong password): asifandhi25@gmail.com
2025-10-31 15:10:67 [[32minfo[39m]: Login attempt by: asifandhi25@gmail.com
2025-10-31 15:10:85 [[33mwarn[39m]: Login failed (Wrong password): asifandhi25@gmail.com
2025-10-31 15:10:21 [[32minfo[39m]: Login attempt by: asifandhi25@gmail.com
2025-10-31 15:10:56 [[33mwarn[39m]: Login failed (Wrong password): asifandhi25@gmail.com
2025-10-31 15:10:77 [[32minfo[39m]: Login attempt by: asifandhi25@gmail.com
2025-10-31 15:10:18 [[33mwarn[39m]: Login failed (Wrong password): asifandhi25@gmail.com
2025-10-31 15:10:76 [[32minfo[39m]: Login attempt by: asifandhi25@gmail.com
2025-10-31 15:10:96 [[32minfo[39m]: Login success: asifandhi25@gmail.com, role: superadmin
2026-02-08 13:02:48 [[32minfo[39m]: Login attempt by: asifandhi0@gmail.com
2026-02-08 13:02:02 [[32minfo[39m]: Login success: asifandhi0@gmail.com, role: admin
2026-02-08 13:02:97 [[32minfo[39m]: Login attempt by: demo@gmail.com
2026-02-08 13:02:39 [[32minfo[39m]: Login success: demo@gmail.com, role: admin
2026-02-08 14:02:21 [[32minfo[39m]: Login attempt by: demo@gmail.com
2026-02-08 14:02:55 [[32minfo[39m]: Login success: demo@gmail.com, role: admin
2026-02-08 16:02:89 [[32minfo[39m]: Login attempt by: demo@gmail.com
2026-02-08 16:02:23 [[32minfo[39m]: Login success: demo@gmail.com, role: admin
2026-02-08 17:02:68 [[32minfo[39m]: Login attempt by: demo@gmail.com
2026-02-08 17:02:67 [[32minfo[39m]: Login success: demo@gmail.com, role: admin
2026-02-08 17:02:77 [[32minfo[39m]: Login attempt by: demo@gmail.com
2026-02-08 17:02:40 [[32minfo[39m]: Login success: demo@gmail.com, role: admin
2026-02-08 21:02:64 [[32minfo[39m]: Login attempt by: demo@gmail.com
2026-02-08 21:02:61 [[32minfo[39m]: Login success: demo@gmail.com, role: admin
2026-02-08 21:02:14 [[32minfo[39m]: Login attempt by: demo@gmail.com
2026-02-08 21:02:22 [[32minfo[39m]: Login success: demo@gmail.com, role: admin
2026-02-08 21:02:76 [[32minfo[39m]: Login attempt by: demo@gmail.com
2026-02-08 21:02:91 [[32minfo[39m]: Login success: demo@gmail.com, role: admin
2026-02-08 22:02:91 [[32minfo[39m]: Login attempt by: demo@gmail.com
2026-02-08 22:02:83 [[31merror[39m]: Login error for demo@gmail.com: 
2026-02-08 22:02:62 [[32minfo[39m]: Login attempt by: demo@gmail.com
2026-02-08 22:02:49 [[31merror[39m]: Login error for demo@gmail.com: 
2026-02-08 22:02:07 [[32minfo[39m]: Login attempt by: asifandhi0@gmail.com
2026-02-08 22:02:63 [[32minfo[39m]: Login success: asifandhi0@gmail.com, role: admin
2026-02-08 22:02:51 [[32minfo[39m]: Login attempt by: demo@gmail.com
2026-02-08 22:02:02 [[32minfo[39m]: Login success: demo@gmail.com, role: admin
2026-02-08 22:02:26 [[32minfo[39m]: Login attempt by: asifandhi0@gmail.com
2026-02-08 22:02:87 [[32minfo[39m]: Login success: asifandhi0@gmail.com, role: admin
2026-02-08 22:02:04 [[32minfo[39m]: [0mGET /api/token/getAdminAllUserTokens [33m404[0m 14.525 ms - 170[0m
2026-02-08 22:02:87 [[32minfo[39m]: Login attempt by: demo@gmail.com
2026-02-08 22:02:64 [[32minfo[39m]: Login success: demo@gmail.com, role: admin
2026-02-08 22:02:74 [[32minfo[39m]: Login attempt by: demo@gmail.com
2026-02-08 22:02:66 [[32minfo[39m]: Login success: demo@gmail.com, role: admin
2026-02-08 22:02:51 [[32minfo[39m]: [0mGET /api/token/getAdminAllUserTokens [33m404[0m 0.871 ms - 170[0m
2026-02-08 22:02:50 [[32minfo[39m]: Login attempt by: demo@gmail.com
2026-02-08 22:02:35 [[32minfo[39m]: Login success: demo@gmail.com, role: admin
2026-02-09 22:02:15 [[32minfo[39m]: Login attempt by: demo@gmail.com
2026-02-09 22:02:45 [[32minfo[39m]: Login success: demo@gmail.com, role: admin
2026-02-10 19:02:45 [[32minfo[39m]: Login attempt by: demo@gmail.com
2026-02-10 19:02:58 [[32minfo[39m]: Login success: demo@gmail.com, role: admin
2026-02-10 19:02:85 [[32minfo[39m]: Login attempt by: demo@gmail.com
2026-02-10 19:02:75 [[32minfo[39m]: Login success: demo@gmail.com, role: admin
2026-02-10 20:02:43 [[32minfo[39m]: Login attempt by: asifandhi0@gmail.com
2026-02-10 20:02:59 [[32minfo[39m]: Login success: asifandhi0@gmail.com, role: admin
2026-02-11 15:02:60 [[32minfo[39m]: Login attempt by: demo@gmail.com
2026-02-11 15:02:34 [[32minfo[39m]: Login success: demo@gmail.com, role: admin
2026-02-11 15:02:15 [[32minfo[39m]: [0mGET /api/token/getAdminAllUserTokens [33m404[0m 4.907 ms - 170[0m
2026-02-11 15:02:75 [[32minfo[39m]: [0mGET /api/token/getAdminAllUserTokens [33m404[0m 0.638 ms - 170[0m
2026-02-11 15:02:45 [[32minfo[39m]: [0mGET /api/token/getAdminAllUserTokens [33m404[0m 0.492 ms - 170[0m
2026-02-11 16:02:90 [[32minfo[39m]: Login attempt by: demo@gmail.com
2026-02-11 16:02:26 [[32minfo[39m]: Login success: demo@gmail.com, role: admin
2026-02-11 17:02:83 [[32minfo[39m]: Login attempt by: demo@gmail.com
2026-02-11 17:02:29 [[32minfo[39m]: Login success: demo@gmail.com, role: admin
2026-02-11 17:02:03 [[32minfo[39m]: [0mGET /api/getAllUserBalance [33m404[0m 13.172 ms - 160[0m
2026-02-11 17:02:04 [[32minfo[39m]: [0mGET /api/getAllUserBalance [33m404[0m 2.064 ms - 160[0m
2026-02-11 17:02:32 [[32minfo[39m]: [0mGET /api/getAllUserBalance [33m404[0m 0.565 ms - 160[0m
2026-02-11 17:02:32 [[32minfo[39m]: [0mGET /api/getAllUserBalance [33m404[0m 0.745 ms - 160[0m
2026-02-11 17:02:69 [[32minfo[39m]: Login attempt by: demo@gmail.com
2026-02-11 17:02:98 [[32minfo[39m]: Login success: demo@gmail.com, role: admin
2026-02-11 17:02:69 [[32minfo[39m]: [0mGET /api/getAllUserBalance [33m404[0m 0.719 ms - 160[0m
2026-02-11 17:02:70 [[32minfo[39m]: [0mGET /api/getAllUserBalance [33m404[0m 1.807 ms - 160[0m
2026-02-11 18:02:70 [[32minfo[39m]: Login attempt by: demo@gmail.com
2026-02-11 18:02:09 [[32minfo[39m]: Login success: demo@gmail.com, role: admin
2026-02-11 19:02:70 [[32minfo[39m]: Login attempt by: demo@gmail.com
2026-02-11 19:02:08 [[32minfo[39m]: Login success: demo@gmail.com, role: admin
2026-02-11 19:02:59 [[32minfo[39m]: Login attempt by: asifandhi0@gmail.com
2026-02-11 19:02:01 [[32minfo[39m]: Login success: asifandhi0@gmail.com, role: admin
2026-02-11 19:02:70 [[32minfo[39m]: Login attempt by: da043@gmail.com
2026-02-11 19:02:45 [[32minfo[39m]: Login success: da043@gmail.com, role: user
2026-02-11 19:02:00 [[32minfo[39m]: Login attempt by: asifandhi0@gmail.com
2026-02-11 19:02:33 [[32minfo[39m]: Login success: asifandhi0@gmail.com, role: admin
2026-02-11 19:02:01 [[32minfo[39m]: Login attempt by: demo@gmail.com
2026-02-11 19:02:96 [[32minfo[39m]: Login success: demo@gmail.com, role: admin
2026-02-12 01:02:14 [[32minfo[39m]: Login attempt by: demo@gmail.com
2026-02-12 01:02:33 [[32minfo[39m]: Login success: demo@gmail.com, role: admin
2026-02-12 08:02:55 [[32minfo[39m]: Login attempt by: demo@gmail.com
2026-02-12 08:02:66 [[32minfo[39m]: Login success: demo@gmail.com, role: admin
2026-02-12 09:02:21 [[32minfo[39m]: Login attempt by: demo@gmail.com
2026-02-12 09:02:10 [[32minfo[39m]: Login success: demo@gmail.com, role: admin
2026-02-12 09:02:32 [[32minfo[39m]: Login attempt by: asifandhi25@gmail.com
2026-02-12 09:02:91 [[32minfo[39m]: Login success: asifandhi25@gmail.com, role: superadmin
2026-02-12 09:02:07 [[32minfo[39m]: Login attempt by: demo@gmail.com
2026-02-12 09:02:58 [[33mwarn[39m]: Login failed (User not found: demo@gmail.com)
2026-02-12 14:02:86 [[32minfo[39m]: Login attempt by: demo@gmail.com
2026-02-12 14:02:68 [[33mwarn[39m]: Login failed (User not found: demo@gmail.com)
2026-02-12 14:02:36 [[32minfo[39m]: Login attempt by: demo@gmail.com
2026-02-12 14:02:48 [[33mwarn[39m]: Login failed (User not found: demo@gmail.com)
2026-02-12 14:02:44 [[32minfo[39m]: Login attempt by: asifandhi0@gmail.com
2026-02-12 14:02:21 [[32minfo[39m]: Login success: asifandhi0@gmail.com, role: admin
2026-02-13 15:02:78 [[32minfo[39m]: Login attempt by: asifandhi0@gmail.com
2026-02-13 15:02:72 [[32minfo[39m]: Login success: asifandhi0@gmail.com, role: admin
2026-02-13 15:02:94 [[32minfo[39m]: Login attempt by: asifandhi25@gmail.com
2026-02-13 15:02:34 [[32minfo[39m]: Login success: asifandhi25@gmail.com, role: superadmin
2026-02-13 15:02:86 [[32minfo[39m]: Login attempt by: asif@gmail.com
2026-02-13 15:02:17 [[33mwarn[39m]: Login failed (Wrong password): asif@gmail.com
2026-02-13 15:02:86 [[32minfo[39m]: Login attempt by: asif@gmail.com
2026-02-13 15:02:18 [[32minfo[39m]: Login success: asif@gmail.com, role: admin
2026-02-13 15:02:24 [[32minfo[39m]: [0mDELETE /api/token/64 [33m404[0m 7.137 ms - 154[0m
2026-02-13 15:02:83 [[32minfo[39m]: [0mDELETE /api/token/64 [33m404[0m 1.000 ms - 154[0m
2026-02-13 16:02:22 [[32minfo[39m]: Login attempt by: asif@gmail.com
2026-02-13 16:02:63 [[33mwarn[39m]: Login failed (Wrong password): asif@gmail.com
2026-02-13 16:02:39 [[32minfo[39m]: Login attempt by: asif@gmail.com
2026-02-13 16:02:12 [[33mwarn[39m]: Login failed (Wrong password): asif@gmail.com
2026-02-13 16:02:19 [[32minfo[39m]: Login attempt by: asif@gmail.com
2026-02-13 16:02:97 [[33mwarn[39m]: Login failed (Wrong password): asif@gmail.com
2026-02-13 16:02:62 [[32minfo[39m]: Login attempt by: asif@gmail.com
2026-02-13 16:02:38 [[32minfo[39m]: Login success: asif@gmail.com, role: admin
2026-02-19 21:02:57 [[32minfo[39m]: Login attempt by: demo@gmail.com
2026-02-19 21:02:02 [[32minfo[39m]: Login success: demo@gmail.com, role: admin
2026-02-21 13:02:38 [[32minfo[39m]: Login attempt by: asifandhi0@gmail.com
2026-02-21 13:02:89 [[32minfo[39m]: Login success: asifandhi0@gmail.com, role: admin
2026-02-21 14:02:76 [[32minfo[39m]: Login attempt by: demo@gmail.com
2026-02-21 14:02:21 [[32minfo[39m]: Login success: demo@gmail.com, role: admin
2026-02-21 15:02:60 [[32minfo[39m]: Login attempt by: asifandhi0@gmail.com
2026-02-21 15:02:99 [[32minfo[39m]: Login success: asifandhi0@gmail.com, role: admin
2026-02-21 15:02:71 [[32minfo[39m]: Login attempt by: demo@gmail.com
2026-02-21 15:02:06 [[32minfo[39m]: Login success: demo@gmail.com, role: admin
2026-02-21 15:02:68 [[32minfo[39m]: Login attempt by: asifandhi0@gmail.com
2026-02-21 15:02:02 [[32minfo[39m]: Login success: asifandhi0@gmail.com, role: admin
2026-02-21 15:02:76 [[32minfo[39m]: Login attempt by: asifandhi25@gmail.com
2026-02-21 15:02:66 [[32minfo[39m]: Login success: asifandhi25@gmail.com, role: superadmin
2026-02-21 15:02:92 [[32minfo[39m]: Login attempt by: demo1@gmail.com
2026-02-21 15:02:29 [[32minfo[39m]: Login success: demo1@gmail.com, role: admin
2026-02-21 15:02:33 [[32minfo[39m]: Login attempt by: demo@gmail.com
2026-02-21 15:02:77 [[32minfo[39m]: Login success: demo@gmail.com, role: admin
2026-02-21 22:02:04 [[32minfo[39m]: Login attempt by: asifandhi0@gmail.com
2026-02-21 22:02:53 [[32minfo[39m]: Login success: asifandhi0@gmail.com, role: admin
2026-02-21 23:02:62 [[32minfo[39m]: Login attempt by: demo@gmail.com
2026-02-21 23:02:00 [[32minfo[39m]: Login success: demo@gmail.com, role: admin
2026-02-22 11:02:06 [[32minfo[39m]: Login attempt by: asifandhi0@gmail.com
2026-02-22 11:02:16 [[32minfo[39m]: Login success: asifandhi0@gmail.com, role: admin
2026-02-22 13:02:66 [[32minfo[39m]: Login attempt by: asifandhi0@gmail.com
2026-02-22 13:02:01 [[32minfo[39m]: Login success: asifandhi0@gmail.com, role: admin
2026-02-22 14:02:43 [[32minfo[39m]: Login attempt by: asifandhi0@gmail.com
2026-02-22 14:02:92 [[32minfo[39m]: Login success: asifandhi0@gmail.com, role: admin
2026-02-22 15:02:97 [[32minfo[39m]: Login attempt by: asifandhi0@gmail.com
2026-02-22 15:02:42 [[32minfo[39m]: Login success: asifandhi0@gmail.com, role: admin
2026-02-22 19:02:12 [[32minfo[39m]: Login attempt by: asifandhi0@gmail.com
2026-02-22 19:02:54 [[32minfo[39m]: Login success: asifandhi0@gmail.com, role: admin
2026-02-22 19:02:59 [[32minfo[39m]: Login attempt by: demo@gmail.com
2026-02-22 19:02:52 [[32minfo[39m]: Login success: demo@gmail.com, role: admin
2026-02-22 20:02:53 [[32minfo[39m]: Login attempt by: asifandhi0@gmail.com
2026-02-22 20:02:40 [[32minfo[39m]: Login success: asifandhi0@gmail.com, role: admin
2026-02-22 20:02:84 [[32minfo[39m]: Login attempt by: demo@gmail.com
2026-02-22 20:02:46 [[32minfo[39m]: Login success: demo@gmail.com, role: admin
2026-02-22 21:02:59 [[32minfo[39m]: Login attempt by: demo@gmail.com
2026-02-22 21:02:47 [[32minfo[39m]: Login success: demo@gmail.com, role: admin
2026-03-28 10:03:04 [[32minfo[39m]: Login attempt by: asifandhi0@gmail.com
2026-03-28 10:03:93 [[32minfo[39m]: Login success: asifandhi0@gmail.com, role: admin
2026-03-28 10:03:54 [[32minfo[39m]: Login attempt by: temp@gmail.com
2026-03-28 10:03:89 [[32minfo[39m]: Login success: temp@gmail.com, role: admin
2026-03-28 10:03:36 [[32minfo[39m]: Login attempt by: temp@gmail.com
2026-03-28 10:03:82 [[32minfo[39m]: Login success: temp@gmail.com, role: admin
2026-04-25 20:04:97 [[32minfo[39m]: Login attempt by: asifandhi0@gmail.com
2026-04-25 20:04:12 [[32minfo[39m]: Login success: asifandhi0@gmail.com, role: admin
2026-04-25 20:04:72 [[32minfo[39m]: Login attempt by: asifandhi25@gmail.com
2026-04-25 20:04:44 [[32minfo[39m]: Login success: asifandhi25@gmail.com, role: superadmin
2026-04-29 11:04:91 [[32minfo[39m]: Login attempt by: temp@gmail.com
2026-04-29 11:04:18 [[32minfo[39m]: Login success: temp@gmail.com, role: admin
2026-04-29 17:04:75 [[32minfo[39m]: Login attempt by: temp@gmail.com
2026-04-29 17:04:57 [[32minfo[39m]: Login success: temp@gmail.com, role: admin
2026-05-02 14:05:71 [[32minfo[39m]: Login attempt by: asifandhi25@gmail.com
2026-05-02 14:05:72 [[32minfo[39m]: Login success: asifandhi25@gmail.com, role: superadmin
2026-05-02 14:05:98 [[32minfo[39m]: Login attempt by: asifandhi0@gmail.com
2026-05-02 14:05:98 [[32minfo[39m]: Login success: asifandhi0@gmail.com, role: admin
2026-05-02 15:05:33 [[32minfo[39m]: Login attempt by: asifandhi25@gmail.com
2026-05-02 15:05:40 [[32minfo[39m]: Login success: asifandhi25@gmail.com, role: superadmin
2026-05-02 15:05:51 [[32minfo[39m]: Login attempt by: temp@gmail.com
2026-05-02 15:05:65 [[32minfo[39m]: Login success: temp@gmail.com, role: admin
2026-05-09 16:05:63 [[32minfo[39m]: Login attempt by: asifandhi0@gmail.com
2026-05-09 16:05:76 [[32minfo[39m]: Login success: asifandhi0@gmail.com, role: admin
2026-05-09 16:05:18 [[32minfo[39m]: Login attempt by: asifandhi25@gmail.com
2026-05-09 16:05:58 [[32minfo[39m]: Login success: asifandhi25@gmail.com, role: superadmin
2026-05-09 16:05:37 [[32minfo[39m]: Login attempt by: temp@gmail.com
2026-05-09 16:05:55 [[32minfo[39m]: Login success: temp@gmail.com, role: admin
2026-05-09 19:05:38 [[32minfo[39m]: Login attempt by: temp@gmail.com
2026-05-09 19:05:22 [[32minfo[39m]: Login success: temp@gmail.com, role: admin
2026-07-24 20:07:88 [[32minfo[39m]: Login attempt by: asifandhi0@gmail.com
2026-07-24 20:07:02 [[32minfo[39m]: Login success: asifandhi0@gmail.com, role: admin
2026-07-24 23:07:40 [[32minfo[39m]: Login attempt by: asifandhi0@gmail.com
2026-07-24 23:07:81 [[32minfo[39m]: Login success: asifandhi0@gmail.com, role: admin
2026-07-24 23:07:07 [[32minfo[39m]: Login attempt by: asifandhi0@gmail.com
2026-07-24 23:07:57 [[32minfo[39m]: Login success: asifandhi0@gmail.com, role: admin
2026-07-24 23:07:56 [[32minfo[39m]: Login attempt by: asifandhi0@gmail.com
2026-07-24 23:07:05 [[32minfo[39m]: Login success: asifandhi0@gmail.com, role: admin
2026-07-25 00:07:87 [[32minfo[39m]: Login attempt by: asifandhi25@gmail.com
2026-07-25 00:07:31 [[32minfo[39m]: Login success: asifandhi25@gmail.com, role: superadmin
2026-07-25 00:07:05 [[32minfo[39m]: Login attempt by: asifandhi25@gmail.com
2026-07-25 00:07:49 [[32minfo[39m]: Login success: asifandhi25@gmail.com, role: superadmin
2026-07-25 00:07:31 [[32minfo[39m]: Login attempt by: temp@gmail.com
2026-07-25 00:07:73 [[32minfo[39m]: Login success: temp@gmail.com, role: admin
2026-09-05 12:09:51 [[32minfo[39m]: Login attempt by: temp@gmail.com
2026-09-05 12:09:89 [[32minfo[39m]: Login success: temp@gmail.com, role: admin
2026-09-05 13:09:43 [[32minfo[39m]: Login attempt by: temp@gmail.com
2026-09-05 13:09:88 [[32minfo[39m]: Login success: temp@gmail.com, role: admin
2026-09-05 14:09:56 [[32minfo[39m]: Login attempt by: asifandhi25@gmail.com
2026-09-05 14:09:95 [[32minfo[39m]: Login success: asifandhi25@gmail.com, role: superadmin
2026-09-05 14:09:56 [[32minfo[39m]: Login attempt by: temp@gmail.com
2026-09-05 14:09:96 [[32minfo[39m]: Login success: temp@gmail.com, role: admin
2026-09-05 14:09:45 [[32minfo[39m]: Login attempt by: asifandhi0@gmail.com
2026-09-05 14:09:43 [[32minfo[39m]: Login success: asifandhi0@gmail.com, role: admin
2026-09-05 14:09:46 [[32minfo[39m]: Login attempt by: asifandhi25@gmail.com
2026-09-05 14:09:31 [[32minfo[39m]: Login success: asifandhi25@gmail.com, role: superadmin
2026-09-05 14:09:78 [[32minfo[39m]: Login attempt by: temp@gmail.com
2026-09-05 14:09:50 [[33mwarn[39m]: Login failed (User not found: temp@gmail.com)
2026-09-05 14:09:44 [[32minfo[39m]: Login attempt by: temp@gmail.com
2026-09-05 14:09:55 [[33mwarn[39m]: Login failed (User not found: temp@gmail.com)
2026-09-05 14:09:61 [[32minfo[39m]: Login attempt by: asifandhi25@gmail.com
2026-09-05 14:09:53 [[32minfo[39m]: Login success: asifandhi25@gmail.com, role: superadmin
2026-09-05 14:09:32 [[32minfo[39m]: Login attempt by: temp@gmail.com
2026-09-05 14:09:19 [[32minfo[39m]: Login success: temp@gmail.com, role: admin
2026-09-05 14:09:93 [[32minfo[39m]: Login attempt by: temp@gmail.com
2026-09-05 14:09:26 [[32minfo[39m]: Login success: temp@gmail.com, role: admin
2026-09-05 14:09:68 [[32minfo[39m]: Login attempt by: asifandhi25@gmail.com
2026-09-05 14:09:03 [[32minfo[39m]: Login success: asifandhi25@gmail.com, role: superadmin
2026-09-05 14:09:87 [[32minfo[39m]: Login attempt by: temp@gmail.com
2026-09-05 14:09:23 [[32minfo[39m]: Login success: temp@gmail.com, role: admin
2026-09-05 15:09:71 [[32minfo[39m]: Login attempt by: asifandhi25gmail.com
2026-09-05 15:09:86 [[33mwarn[39m]: Login failed (User not found: asifandhi25gmail.com)
2026-09-05 15:09:11 [[32minfo[39m]: Login attempt by: asifandhi25@gmail.com
2026-09-05 15:09:59 [[32minfo[39m]: Login success: asifandhi25@gmail.com, role: superadmin
2026-09-05 15:09:35 [[32minfo[39m]: Login attempt by: temp@gmail.com
2026-09-05 15:09:80 [[32minfo[39m]: Login success: temp@gmail.com, role: admin
2026-09-05 15:09:07 [[32minfo[39m]: Login attempt by: asifandhi25@gmail.com
2026-09-05 15:09:46 [[32minfo[39m]: Login success: asifandhi25@gmail.com, role: superadmin
2026-09-05 15:09:30 [[32minfo[39m]: Login attempt by: temp@gmail.com
2026-09-05 15:09:69 [[32minfo[39m]: Login success: temp@gmail.com, role: admin
2026-09-05 15:09:33 [[32minfo[39m]: Login attempt by: temp@gmail.com
2026-09-05 15:09:73 [[32minfo[39m]: Login success: temp@gmail.com, role: admin
2026-09-05 15:09:79 [[32minfo[39m]: Login attempt by: asifandhi25@gmail.com
2026-09-05 15:09:18 [[32minfo[39m]: Login success: asifandhi25@gmail.com, role: superadmin
2026-09-05 15:09:15 [[32minfo[39m]: Login attempt by: temp@gmail.com
2026-09-05 15:09:50 [[32minfo[39m]: Login success: temp@gmail.com, role: admin
2026-09-05 15:09:49 [[32minfo[39m]: Login attempt by: asifandhi25@gmail.com
2026-09-05 15:09:89 [[32minfo[39m]: Login success: asifandhi25@gmail.com, role: superadmin
2026-09-05 15:09:42 [[32minfo[39m]: Login attempt by: temp@gmail.com
2026-09-05 15:09:79 [[32minfo[39m]: Login success: temp@gmail.com, role: admin
2026-09-05 15:09:28 [[32minfo[39m]: Login attempt by: asifandhi0@gmail.com
2026-09-05 15:09:75 [[32minfo[39m]: Login success: asifandhi0@gmail.com, role: admin
2026-09-05 15:09:39 [[32minfo[39m]: Login attempt by: temp@gmail.com
2026-09-05 15:09:74 [[32minfo[39m]: Login success: temp@gmail.com, role: admin
2026-09-06 06:09:24 [[32minfo[39m]: Login attempt by: temp@gmail.com
2026-09-06 06:09:35 [[32minfo[39m]: Login success: temp@gmail.com, role: admin
2026-09-06 06:09:57 [[32minfo[39m]: Login attempt by: temp@gmail.com
2026-09-06 06:09:86 [[32minfo[39m]: Login success: temp@gmail.com, role: admin
2026-09-06 06:09:17 [[32minfo[39m]: Login attempt by: temp@gmail.com
2026-09-06 06:09:63 [[32minfo[39m]: Login success: temp@gmail.com, role: admin
2026-09-06 07:09:08 [[32minfo[39m]: [0mGET /api/payment-history [33m404[0m 5.029 ms - 158[0m
2026-09-06 07:09:32 [[32minfo[39m]: [0mGET /api/payment-history [33m404[0m 0.658 ms - 158[0m
2026-09-06 07:09:63 [[32minfo[39m]: [0mGET /api/payment-history [33m404[0m 0.578 ms - 158[0m
2026-09-06 07:09:04 [[32minfo[39m]: Login attempt by: temp@gmail.com
2026-09-06 07:09:61 [[32minfo[39m]: Login success: temp@gmail.com, role: admin
2026-09-06 10:09:30 [[32minfo[39m]: Login attempt by: asifandhi0@gmail.com
2026-09-06 10:09:31 [[32minfo[39m]: Login success: asifandhi0@gmail.com, role: admin
2026-09-06 10:09:37 [[32minfo[39m]: Login attempt by: asifandhi25@gmail.com
2026-09-06 10:09:70 [[32minfo[39m]: Login success: asifandhi25@gmail.com, role: superadmin
2026-09-06 11:09:17 [[32minfo[39m]: Login attempt by: temp@gmail.com
2026-09-06 11:09:72 [[32minfo[39m]: Login success: temp@gmail.com, role: admin
2026-09-06 13:09:60 [[32minfo[39m]: Login attempt by: temp@gmail.com
2026-09-06 13:09:06 [[32minfo[39m]: Login success: temp@gmail.com, role: admin
2026-09-06 13:09:50 [[32minfo[39m]: Login attempt by: asifandhi0@gmail.com
2026-09-06 13:09:92 [[32minfo[39m]: Login success: asifandhi0@gmail.com, role: admin
2026-09-06 13:09:79 [[32minfo[39m]: Login attempt by: temp@gmail.com
2026-09-06 13:09:90 [[32minfo[39m]: Login success: temp@gmail.com, role: admin
2026-09-06 14:09:48 [[32minfo[39m]: Login attempt by: asifandhi25@gmail.com
2026-09-06 14:09:87 [[32minfo[39m]: Login success: asifandhi25@gmail.com, role: superadmin
2026-09-06 14:09:25 [[32minfo[39m]: Login attempt by: temp@gmail.com
2026-09-06 14:09:45 [[32minfo[39m]: Login success: temp@gmail.com, role: admin
2026-09-06 14:09:72 [[32minfo[39m]: Login attempt by: temp@gmail.com
2026-09-06 14:09:66 [[32minfo[39m]: Login success: temp@gmail.com, role: admin
2026-09-06 14:09:59 [[32minfo[39m]: Login attempt by: asifandhi25@gmail.com
2026-09-06 14:09:97 [[32minfo[39m]: Login success: asifandhi25@gmail.com, role: superadmin
2026-09-06 14:09:53 [[32minfo[39m]: Login attempt by: asifandhi0@gmail.com
2026-09-06 14:09:86 [[32minfo[39m]: Login success: asifandhi0@gmail.com, role: admin
2026-09-06 14:09:46 [[32minfo[39m]: Login attempt by: temp@gmail.com
2026-09-06 14:09:82 [[32minfo[39m]: Login success: temp@gmail.com, role: admin
2026-09-06 14:09:25 [[32minfo[39m]: Login attempt by: asifandhi0@gmail.com
2026-09-06 14:09:66 [[32minfo[39m]: Login success: asifandhi0@gmail.com, role: admin
2026-09-06 14:09:59 [[32minfo[39m]: Login attempt by: asifandhi0@gmail.com
2026-09-06 14:09:25 [[32minfo[39m]: Login success: asifandhi0@gmail.com, role: admin
2026-09-06 14:09:62 [[32minfo[39m]: Login attempt by: asifandhi0@gmail.com
2026-09-06 14:09:07 [[32minfo[39m]: Login success: asifandhi0@gmail.com, role: admin
2026-09-06 14:09:00 [[32minfo[39m]: Login attempt by: temp@gmail.com
2026-09-06 14:09:32 [[32minfo[39m]: Login success: temp@gmail.com, role: admin
2026-09-06 15:09:10 [[32minfo[39m]: Login attempt by: asifandhi0@gmail.com
2026-09-06 15:09:45 [[32minfo[39m]: Login success: asifandhi0@gmail.com, role: admin
2026-09-06 15:09:95 [[32minfo[39m]: Login attempt by: temp@gmail.com
2026-09-06 15:09:22 [[32minfo[39m]: Login success: temp@gmail.com, role: admin
2026-09-06 15:09:17 [[32minfo[39m]: Login attempt by: asifandhi25@gmail.com
2026-09-06 15:09:51 [[32minfo[39m]: Login success: asifandhi25@gmail.com, role: superadmin
2026-09-06 15:09:95 [[32minfo[39m]: Login attempt by: temp@gmail.com
2026-09-06 15:09:46 [[32minfo[39m]: Login success: temp@gmail.com, role: admin
2026-09-06 15:09:22 [[32minfo[39m]: Login attempt by: asifandhi25@gmail.com
2026-09-06 15:09:58 [[32minfo[39m]: Login success: asifandhi25@gmail.com, role: superadmin
2026-09-06 15:09:06 [[32minfo[39m]: Login attempt by: asifandhi25@gmail.com
2026-09-06 15:09:37 [[32minfo[39m]: Login success: asifandhi25@gmail.com, role: superadmin
2026-09-06 15:09:92 [[32minfo[39m]: Login attempt by: asifandhi25@gmail.com
2026-09-06 15:09:39 [[32minfo[39m]: Login success: asifandhi25@gmail.com, role: superadmin
2026-09-06 15:09:21 [[32minfo[39m]: Login attempt by: temp@gmail.com
2026-09-06 15:09:58 [[32minfo[39m]: Login success: temp@gmail.com, role: admin
2026-09-06 15:09:38 [[32minfo[39m]: Login attempt by: asifandhi25@gmail.com
2026-09-06 15:09:73 [[32minfo[39m]: Login success: asifandhi25@gmail.com, role: superadmin
2026-09-06 15:09:57 [[32minfo[39m]: Login attempt by: asifandhi25@gmail.com
2026-09-06 15:09:92 [[32minfo[39m]: Login success: asifandhi25@gmail.com, role: superadmin
2026-09-06 15:09:30 [[32minfo[39m]: Login attempt by: asifandhi25@gmail.com
2026-09-06 15:09:14 [[32minfo[39m]: Login success: asifandhi25@gmail.com, role: superadmin
2026-09-06 15:09:17 [[32minfo[39m]: Login attempt by: asifandhi25@gmail.com
2026-09-06 15:09:04 [[32minfo[39m]: Login success: asifandhi25@gmail.com, role: superadmin
2026-09-06 15:09:42 [[32minfo[39m]: Login attempt by: asifandhi25@gmail.com
2026-09-06 15:09:47 [[32minfo[39m]: Login success: asifandhi25@gmail.com, role: superadmin
2026-09-06 16:09:27 [[32minfo[39m]: Login attempt by: asifandhi25@gmail.com
2026-09-06 16:09:11 [[32minfo[39m]: Login success: asifandhi25@gmail.com, role: superadmin
2026-09-08 16:09:80 [[32minfo[39m]: Login attempt by: temp@gmail.com
2026-09-08 16:09:18 [[32minfo[39m]: Login success: temp@gmail.com, role: admin
2026-09-08 17:09:19 [[32minfo[39m]: Login attempt by: temp@gmail.com
2026-09-08 17:09:47 [[32minfo[39m]: Login success: temp@gmail.com, role: admin
2026-09-08 20:09:78 [[32minfo[39m]: Login attempt by: asifandhi25@gmail.com
2026-09-08 20:09:75 [[32minfo[39m]: Login success: asifandhi25@gmail.com, role: superadmin
2026-09-08 20:09:95 [[32minfo[39m]: Login attempt by: temp@gmail.com
2026-09-08 20:09:39 [[32minfo[39m]: Login success: temp@gmail.com, role: admin
2026-09-08 21:09:25 [[32minfo[39m]: Login attempt by: asifandhi25@gmail.com
2026-09-08 21:09:62 [[32minfo[39m]: Login success: asifandhi25@gmail.com, role: superadmin
2026-09-08 22:09:02 [[32minfo[39m]: Login attempt by: temp@gmail.com
2026-09-08 22:09:14 [[33mwarn[39m]: Login failed (User not found: temp@gmail.com)
2026-09-08 22:09:11 [[32minfo[39m]: Login attempt by: asifandhi0@gmail.com
2026-09-08 22:09:09 [[32minfo[39m]: Login success: asifandhi0@gmail.com, role: admin
2026-09-08 22:09:75 [[32minfo[39m]: [0mPOST /api/backup/export [33m404[0m 2.399 ms - 157[0m
2026-09-08 22:09:74 [[32minfo[39m]: [0mPOST /api/backup/export [33m404[0m 0.630 ms - 157[0m
2026-09-08 22:09:74 [[32minfo[39m]: Login attempt by: asifandhi0@gmail.com
2026-09-08 22:09:29 [[32minfo[39m]: Login success: asifandhi0@gmail.com, role: admin
2026-09-08 22:09:53 [[32minfo[39m]: Login attempt by: asifandhi0@gmail.com
2026-09-08 22:09:41 [[32minfo[39m]: Login success: asifandhi0@gmail.com, role: admin
2026-09-08 22:09:05 [[32minfo[39m]: Login attempt by: asifandhi0@gmail.com
2026-09-08 22:09:44 [[32minfo[39m]: Login success: asifandhi0@gmail.com, role: admin
2026-09-08 22:09:53 [[32minfo[39m]: Login attempt by: asifandhi0@gmail.com
2026-09-08 22:09:93 [[32minfo[39m]: Login success: asifandhi0@gmail.com, role: admin
2026-09-08 22:09:54 [[32minfo[39m]: Login attempt by: asifandhi0@gmail.com
2026-09-08 22:09:89 [[32minfo[39m]: Login success: asifandhi0@gmail.com, role: admin
2026-09-08 23:09:50 [[32minfo[39m]: Login attempt by: asifandhi0@gmail.com
2026-09-08 23:09:35 [[32minfo[39m]: Login success: asifandhi0@gmail.com, role: admin
2026-09-08 23:09:29 [[32minfo[39m]: Login attempt by: asifandhi0@gmail.com
2026-09-08 23:09:79 [[32minfo[39m]: Login success: asifandhi0@gmail.com, role: admin
2026-09-09 00:09:26 [[32minfo[39m]: Login attempt by: asifandhi0@gmail.com
2026-09-09 00:09:06 [[32minfo[39m]: Login success: asifandhi0@gmail.com, role: admin
2026-09-09 00:09:87 [[32minfo[39m]: Login attempt by: asifandhi0@gmail.com
2026-09-09 00:09:31 [[32minfo[39m]: Login success: asifandhi0@gmail.com, role: admin
2026-09-09 00:09:80 [[32minfo[39m]: Login attempt by: asifandhi0@gmail.com
2026-09-09 00:09:23 [[32minfo[39m]: Login success: asifandhi0@gmail.com, role: admin
2026-09-09 00:09:91 [[32minfo[39m]: Login attempt by: asifandhi0@gmail.com
2026-09-09 00:09:30 [[32minfo[39m]: Login success: asifandhi0@gmail.com, role: admin
2026-09-09 07:09:35 [[32minfo[39m]: Login attempt by: asifandhi0@gmail.com
2026-09-09 07:09:88 [[32minfo[39m]: Login success: asifandhi0@gmail.com, role: admin
2026-09-09 08:09:01 [[32minfo[39m]: Login attempt by: asifandhi0@gmail.com
2026-09-09 08:09:42 [[32minfo[39m]: Login success: asifandhi0@gmail.com, role: admin
2026-09-09 08:09:44 [[32minfo[39m]: Login attempt by: asifandhi0@gmail.com
2026-09-09 08:09:88 [[32minfo[39m]: Login success: asifandhi0@gmail.com, role: admin
2026-09-09 08:09:24 [[32minfo[39m]: Login attempt by: asifandhi0@gmail.com
2026-09-09 08:09:71 [[32minfo[39m]: Login success: asifandhi0@gmail.com, role: admin
2026-09-09 08:09:53 [[32minfo[39m]: Login attempt by: asifandhi0@gmail.com
2026-09-09 08:09:16 [[32minfo[39m]: Login success: asifandhi0@gmail.com, role: admin
2026-09-09 09:09:46 [[32minfo[39m]: Login attempt by: asifandhi0@gmail.com
2026-09-09 09:09:86 [[32minfo[39m]: Login success: asifandhi0@gmail.com, role: admin
2026-09-09 09:09:35 [[32minfo[39m]: Login attempt by: asifandhi25@gmail.com
2026-09-09 09:09:76 [[32minfo[39m]: Login success: asifandhi25@gmail.com, role: superadmin
2026-09-09 09:09:81 [[32minfo[39m]: Login attempt by: asifandhi0@gmail.com
2026-09-09 09:09:18 [[32minfo[39m]: Login success: asifandhi0@gmail.com, role: admin
2026-09-09 09:09:39 [[32minfo[39m]: Login attempt by: asifandhi0@gmail.com
2026-09-09 09:09:73 [[32minfo[39m]: Login success: asifandhi0@gmail.com, role: admin
2026-09-09 09:09:95 [[32minfo[39m]: Login attempt by: asifandhi0@gmail.com
2026-09-09 09:09:93 [[32minfo[39m]: Login success: asifandhi0@gmail.com, role: admin
2026-09-09 09:09:64 [[32minfo[39m]: Login attempt by: asifandhi0@gmail.com
2026-09-09 09:09:44 [[32minfo[39m]: Login success: asifandhi0@gmail.com, role: admin
2026-09-09 09:09:21 [[32minfo[39m]: Login attempt by: asifandhi0@gmail.com
2026-09-09 09:09:55 [[32minfo[39m]: Login success: asifandhi0@gmail.com, role: admin
2026-09-09 09:09:98 [[32minfo[39m]: Login attempt by: asifandhi25@gmail.com
2026-09-09 09:09:35 [[32minfo[39m]: Login success: asifandhi25@gmail.com, role: superadmin
2026-09-09 09:09:48 [[32minfo[39m]: Login attempt by: asifandhi0@gmail.com
2026-09-09 09:09:85 [[32minfo[39m]: Login success: asifandhi0@gmail.com, role: admin
2026-09-09 09:09:61 [[32minfo[39m]: Login attempt by: asifandhi0@gmail.com
2026-09-09 09:09:07 [[32minfo[39m]: Login success: asifandhi0@gmail.com, role: admin
2026-09-09 09:09:05 [[32minfo[39m]: Login attempt by: asifandhi0@gmail.com
2026-09-09 09:09:38 [[32minfo[39m]: Login success: asifandhi0@gmail.com, role: admin
2026-09-09 09:09:69 [[32minfo[39m]: Login attempt by: asifandhi0@gmail.com
2026-09-09 09:09:03 [[32minfo[39m]: Login success: asifandhi0@gmail.com, role: admin
2026-09-09 09:09:90 [[32minfo[39m]: Login attempt by: asifandhi25@gmail.com
2026-09-09 09:09:33 [[32minfo[39m]: Login success: asifandhi25@gmail.com, role: superadmin
2026-09-09 09:09:04 [[32minfo[39m]: Login attempt by: asifandhi0@gmail.com
2026-09-09 09:09:90 [[32minfo[39m]: Login success: asifandhi0@gmail.com, role: admin
2026-09-09 09:09:80 [[32minfo[39m]: Login attempt by: asifandhi0@gmail.com
2026-09-09 09:09:16 [[32minfo[39m]: Login success: asifandhi0@gmail.com, role: admin
2026-09-09 09:09:11 [[32minfo[39m]: Login attempt by: asifandhi0@gmail.com
2026-09-09 09:09:56 [[32minfo[39m]: Login success: asifandhi0@gmail.com, role: admin
2026-09-09 09:09:77 [[32minfo[39m]: Login attempt by: asifandhi0@gmail.com
2026-09-09 09:09:17 [[32minfo[39m]: Login success: asifandhi0@gmail.com, role: admin
2026-09-09 09:09:79 [[32minfo[39m]: Login attempt by: asifandhi25@gmail.com
2026-09-09 09:09:82 [[32minfo[39m]: Login success: asifandhi25@gmail.com, role: superadmin
2026-09-09 09:09:49 [[32minfo[39m]: Login attempt by: asifandhi0@gmail.com
2026-09-09 09:09:41 [[32minfo[39m]: Login success: asifandhi0@gmail.com, role: admin
2026-09-09 09:09:15 [[32minfo[39m]: Login attempt by: asifandhi25@gmail.com
2026-09-09 09:09:57 [[32minfo[39m]: Login success: asifandhi25@gmail.com, role: superadmin
2026-09-09 09:09:50 [[32minfo[39m]: Login attempt by: asifandhi0@gmail.com
2026-09-09 09:09:88 [[32minfo[39m]: Login success: asifandhi0@gmail.com, role: admin
2026-09-09 10:09:17 [[32minfo[39m]: Login attempt by: asifandhi0@gmail.com
2026-09-09 10:09:54 [[32minfo[39m]: Login success: asifandhi0@gmail.com, role: admin
2026-09-09 10:09:07 [[32minfo[39m]: Login attempt by: asifandhi25@gmail.com
2026-09-09 10:09:38 [[32minfo[39m]: Login success: asifandhi25@gmail.com, role: superadmin
2026-09-09 10:09:43 [[32minfo[39m]: Login attempt by: asifandhi0@gmail.com
2026-09-09 10:09:96 [[32minfo[39m]: Login success: asifandhi0@gmail.com, role: admin
2026-09-09 10:09:28 [[32minfo[39m]: Login attempt by: asifandhi0@gmail.com
2026-09-09 10:09:65 [[32minfo[39m]: Login success: asifandhi0@gmail.com, role: admin
2026-09-09 11:09:23 [[32minfo[39m]: Login attempt by: asifandhi25@gmail.com
2026-09-09 11:09:100 [[32minfo[39m]: Login success: asifandhi25@gmail.com, role: superadmin
2026-09-09 12:09:75 [[32minfo[39m]: Login attempt by: asifandhi0@gmail.com
2026-09-09 12:09:07 [[32minfo[39m]: Login success: asifandhi0@gmail.com, role: admin
2026-09-09 13:09:35 [[32minfo[39m]: Login attempt by: asifandhi0@gmail.com
2026-09-09 13:09:05 [[32minfo[39m]: Login success: asifandhi0@gmail.com, role: admin
2026-09-09 23:09:54 [[32minfo[39m]: Login attempt by: asifandhi0@gmail.com
2026-09-09 23:09:02 [[32minfo[39m]: Login success: asifandhi0@gmail.com, role: admin
2026-09-09 23:09:17 [[32minfo[39m]: Login attempt by: asifandhi0@gmail.com
2026-09-09 23:09:62 [[32minfo[39m]: Login success: asifandhi0@gmail.com, role: admin
2026-09-09 23:09:71 [[32minfo[39m]: Login attempt by: asifandhi25@gmail.com
2026-09-09 23:09:21 [[32minfo[39m]: Login success: asifandhi25@gmail.com, role: superadmin
2026-09-09 23:09:99 [[32minfo[39m]: Login attempt by: asifandhi0@gmail.com
2026-09-09 23:09:29 [[32minfo[39m]: Login success: asifandhi0@gmail.com, role: admin
2026-09-10 12:09:61 [[32minfo[39m]: Login attempt by: asifandhi0@gmail.com
2026-09-10 12:09:84 [[32minfo[39m]: Login success: asifandhi0@gmail.com, role: admin
2026-09-10 12:09:12 [[32minfo[39m]: Login attempt by: asifandhi0@gmail.com
2026-09-10 12:09:20 [[32minfo[39m]: Login success: asifandhi0@gmail.com, role: admin
2026-09-10 12:09:19 [[32minfo[39m]: Login attempt by: da043@gmail.com
2026-09-10 12:09:10 [[32minfo[39m]: Login success: da043@gmail.com, role: user
2026-09-10 13:09:26 [[32minfo[39m]: Login attempt by: dk057@gmail.com
2026-09-10 13:09:31 [[32minfo[39m]: Login success: dk057@gmail.com, role: user
2026-09-10 13:09:83 [[32minfo[39m]: Login attempt by: asifandhi0@gmail.com
2026-09-10 13:09:48 [[32minfo[39m]: Login success: asifandhi0@gmail.com, role: admin
2026-09-10 14:09:35 [[32minfo[39m]: Login attempt by: asifandhi0@gmail.com
2026-09-10 14:09:49 [[32minfo[39m]: Login success: asifandhi0@gmail.com, role: admin
2026-09-10 17:09:03 [[32minfo[39m]: Login attempt by: asifandhi0@gmail.com
2026-09-10 17:09:47 [[32minfo[39m]: Login success: asifandhi0@gmail.com, role: admin
2026-09-10 18:09:37 [[32minfo[39m]: Login attempt by: asifandhi25@gmail.com
2026-09-10 18:09:77 [[32minfo[39m]: Login success: asifandhi25@gmail.com, role: superadmin
2026-09-10 18:09:89 [[32minfo[39m]: Login attempt by: asifandhi0@gmail.com
2026-09-10 18:09:28 [[32minfo[39m]: Login success: asifandhi0@gmail.com, role: admin
2026-09-10 20:09:63 [[32minfo[39m]: Login attempt by: asifandhi0@gmail.com
2026-09-10 20:09:18 [[32minfo[39m]: Login success: asifandhi0@gmail.com, role: admin
2026-09-11 14:09:16 [[32minfo[39m]: Login attempt by: asifandhi0@gmail.com
2026-09-11 14:09:62 [[32minfo[39m]: Login success: asifandhi0@gmail.com, role: admin
2026-09-11 14:09:46 [[32minfo[39m]: Login attempt by: asifandhi0@gmail.com
2026-09-11 14:09:94 [[32minfo[39m]: Login success: asifandhi0@gmail.com, role: admin
2026-09-11 14:09:68 [[32minfo[39m]: Login attempt by: asifandhi0@gmail.com
2026-09-11 14:09:05 [[32minfo[39m]: Login success: asifandhi0@gmail.com, role: admin
2026-09-11 14:09:44 [[32minfo[39m]: Login attempt by: asifandhi0@gmail.com
2026-09-11 14:09:81 [[32minfo[39m]: Login success: asifandhi0@gmail.com, role: admin
2026-09-11 14:09:79 [[32minfo[39m]: Login attempt by: asifandhi0@gmail.com
2026-09-11 14:09:95 [[32minfo[39m]: Login success: asifandhi0@gmail.com, role: admin
2026-09-11 14:09:100 [[32minfo[39m]: Login attempt by: asifandhi@gmail.com
2026-09-11 14:09:37 [[32minfo[39m]: Login success: asifandhi@gmail.com, role: admin
2026-09-11 16:09:24 [[32minfo[39m]: Login attempt by: asifandhi0@gmail.com
2026-09-11 16:09:57 [[32minfo[39m]: Login success: asifandhi0@gmail.com, role: admin
2026-09-11 16:09:15 [[32minfo[39m]: Login attempt by: asifandhi@gmail.com
2026-09-11 16:09:47 [[32minfo[39m]: Login success: asifandhi@gmail.com, role: admin
2026-09-11 17:09:45 [[32minfo[39m]: Login attempt by: asifandhi0@gmail.com
2026-09-11 17:09:87 [[32minfo[39m]: Login success: asifandhi0@gmail.com, role: admin
2026-09-11 17:09:06 [[32minfo[39m]: Login attempt by: asifandhi@gmail.com
2026-09-11 17:09:38 [[32minfo[39m]: Login success: asifandhi@gmail.com, role: admin
2026-09-11 19:09:74 [[32minfo[39m]: Login attempt by: asifandhi@gmail.com
2026-09-11 19:09:48 [[32minfo[39m]: Login success: asifandhi@gmail.com, role: admin
2026-09-12 19:09:73 [[32minfo[39m]: Login attempt by: asifandhi0@gmail.com
2026-09-12 19:09:16 [[32minfo[39m]: Login success: asifandhi0@gmail.com, role: admin
2026-09-12 20:09:37 [[32minfo[39m]: Login attempt by: asifandhi0@gmail.com
2026-09-12 20:09:77 [[32minfo[39m]: Login success: asifandhi0@gmail.com, role: admin
2026-09-13 19:09:08 [[32minfo[39m]: Login attempt by: asifandhi0@gmail.com
2026-09-13 19:09:23 [[32minfo[39m]: Login success: asifandhi0@gmail.com, role: admin
2026-09-13 20:09:32 [[32minfo[39m]: Login attempt by: asifandhi0@gmail.com
2026-09-13 20:09:89 [[32minfo[39m]: Login success: asifandhi0@gmail.com, role: admin
2026-09-13 20:09:49 [[32minfo[39m]: Login attempt by: asifandhi0@gmail.com
2026-09-13 20:09:96 [[32minfo[39m]: Login success: asifandhi0@gmail.com, role: admin
2026-09-13 20:09:31 [[32minfo[39m]: Login attempt by: asifandhi0@gmail.com
2026-09-13 20:09:70 [[32minfo[39m]: Login success: asifandhi0@gmail.com, role: admin
2026-09-14 11:09:55 [[32minfo[39m]: Login attempt by: asifandhi0@gmail.com
2026-09-14 11:09:18 [[32minfo[39m]: Login success: asifandhi0@gmail.com, role: admin
2026-09-14 12:09:89 [[32minfo[39m]: Login attempt by: asifandhi0@gmail.com
2026-09-14 12:09:26 [[32minfo[39m]: Login success: asifandhi0@gmail.com, role: admin
2026-09-14 14:09:29 [[32minfo[39m]: Login attempt by: asifandhi0@gmail.com
2026-09-14 14:09:70 [[32minfo[39m]: Login success: asifandhi0@gmail.com, role: admin
2026-09-14 15:09:92 [[32minfo[39m]: Login attempt by: asifandhi0@gmail.com
2026-09-14 15:09:32 [[32minfo[39m]: Login success: asifandhi0@gmail.com, role: admin
2026-09-14 16:09:35 [[32minfo[39m]: Login attempt by: asifandhi0@gmail.com
2026-09-14 16:09:77 [[32minfo[39m]: Login success: asifandhi0@gmail.com, role: admin
2026-09-14 18:09:87 [[32minfo[39m]: Login attempt by: asifandhi0@gmail.com
2026-09-14 18:09:89 [[32minfo[39m]: Login success: asifandhi0@gmail.com, role: admin
2026-09-14 20:09:85 [[32minfo[39m]: Login attempt by: asifandhi0@gmail.com
2026-09-14 20:09:35 [[32minfo[39m]: Login success: asifandhi0@gmail.com, role: admin
2026-09-14 20:09:94 [[32minfo[39m]: Login attempt by: asifandhi0@gmail.com
2026-09-14 20:09:30 [[32minfo[39m]: Login success: asifandhi0@gmail.com, role: admin
2026-09-14 20:09:81 [[32minfo[39m]: Login attempt by: asifandhi0@gmail.com
2026-09-14 20:09:21 [[32minfo[39m]: Login success: asifandhi0@gmail.com, role: admin
2026-09-14 22:09:60 [[32minfo[39m]: Login attempt by: asifandhi0@gmail.com
2026-09-14 22:09:99 [[32minfo[39m]: Login success: asifandhi0@gmail.com, role: admin
2026-09-14 22:09:23 [[32minfo[39m]: Login attempt by: da043@gmail.com
2026-09-14 22:09:59 [[32minfo[39m]: Login success: da043@gmail.com, role: user
2026-09-14 22:09:04 [[32minfo[39m]: Login attempt by: asifandhi0@gmail.com
2026-09-14 22:09:39 [[32minfo[39m]: Login success: asifandhi0@gmail.com, role: admin
2026-09-14 22:09:01 [[32minfo[39m]: Login attempt by: asifandhi25@gmail.com
2026-09-14 22:09:35 [[32minfo[39m]: Login success: asifandhi25@gmail.com, role: superadmin
2026-09-14 22:09:85 [[32minfo[39m]: Login attempt by: asifandhi0@gmail.com
2026-09-14 22:09:20 [[32minfo[39m]: Login success: asifandhi0@gmail.com, role: admin
2026-09-14 23:09:76 [[32minfo[39m]: Login attempt by: asifandhi0@gmail.com
2026-09-14 23:09:42 [[32minfo[39m]: Login success: asifandhi0@gmail.com, role: admin
2026-09-15 09:09:77 [[32minfo[39m]: Login attempt by: asifandhi0@gmail.com
2026-09-15 09:09:13 [[32minfo[39m]: Login success: asifandhi0@gmail.com, role: admin
2026-09-15 09:09:23 [[32minfo[39m]: Login attempt by: asifandhi25@gmail.com
2026-09-15 09:09:61 [[32minfo[39m]: Login success: asifandhi25@gmail.com, role: superadmin
2026-09-15 11:09:64 [[32minfo[39m]: Login attempt by: asifandhi@gmail.com
2026-09-15 11:09:11 [[32minfo[39m]: Login success: asifandhi@gmail.com, role: admin
2026-09-15 11:09:95 [[32minfo[39m]: Login attempt by: asifandhi0@gmail.com
2026-09-15 11:09:32 [[32minfo[39m]: Login success: asifandhi0@gmail.com, role: admin
2026-09-15 11:09:87 [[32minfo[39m]: Login attempt by: asifandhi@gmail.com
2026-09-15 11:09:25 [[32minfo[39m]: Login success: asifandhi@gmail.com, role: admin
2026-09-15 11:09:95 [[32minfo[39m]: [0mPOST /api/auth/logout [32m200[0m 727.655 ms - 46[0m
2026-09-15 11:09:11 [[32minfo[39m]: [0mPOST /api/auth/logout [33m401[0m 750.471 ms - 34[0m
2026-09-15 11:09:18 [[32minfo[39m]: Login attempt by: asifandhi@gmail.com
2026-09-15 11:09:59 [[32minfo[39m]: Login success: asifandhi@gmail.com, role: admin
2026-09-15 11:09:59 [[32minfo[39m]: [0mPOST /api/auth/login [32m200[0m 416.667 ms - 199[0m
2026-09-15 11:09:30 [[32minfo[39m]: [0mGET /api/users/users [36m304[0m 232.833 ms - -[0m
2026-09-15 11:09:53 [[32minfo[39m]: [0mGET /api/users/users [36m304[0m 225.222 ms - -[0m
2026-09-15 11:09:10 [[32minfo[39m]: [0mGET /api/message/all [36m304[0m 964.649 ms - -[0m
2026-09-15 11:09:33 [[32minfo[39m]: [0mGET /api/message/all [36m304[0m 212.195 ms - -[0m
2026-09-15 11:09:75 [[32minfo[39m]: [0mGET /api/token/all/211 [36m304[0m 1363.230 ms - -[0m
2026-09-15 11:09:93 [[32minfo[39m]: [0mGET /api/balance/getBalance/211 [36m304[0m 1555.344 ms - -[0m
2026-09-15 11:09:64 [[32minfo[39m]: [0mGET /api/token/all/211 [36m304[0m 450.209 ms - -[0m
2026-09-15 11:09:10 [[32minfo[39m]: [0mGET /api/token/all/211 [36m304[0m 450.203 ms - -[0m
2026-09-15 11:09:15 [[32minfo[39m]: [0mGET /api/balance/getBalance/211 [36m304[0m 843.762 ms - -[0m
2026-09-15 11:09:02 [[32minfo[39m]: [0mGET /api/balance/getBalance/211 [36m304[0m 868.442 ms - -[0m
2026-09-15 11:09:54 [[32minfo[39m]: [0mGET /api/balance/getAllUserBalance [32m200[0m 438.832 ms - 463[0m
2026-09-15 11:09:97 [[32minfo[39m]: [0mGET /api/balance/getAllUserBalance [36m304[0m 427.277 ms - -[0m
2026-09-15 11:09:17 [[32minfo[39m]: [0mGET /api/payment-history/ [32m200[0m 214.442 ms - 333[0m
2026-09-15 11:09:39 [[32minfo[39m]: [0mGET /api/payment-history/ [36m304[0m 216.431 ms - -[0m
2026-09-15 11:09:58 [[32minfo[39m]: [0mGET /api/users/users [36m304[0m 216.233 ms - -[0m
2026-09-15 11:09:80 [[32minfo[39m]: [0mGET /api/users/users [36m304[0m 218.607 ms - -[0m
2026-09-15 11:09:26 [[32minfo[39m]: [0mGET /api/message/all [36m304[0m 894.581 ms - -[0m
2026-09-15 11:09:49 [[32minfo[39m]: [0mGET /api/message/all [36m304[0m 230.297 ms - -[0m
2026-09-15 11:09:08 [[32minfo[39m]: [0mGET /api/message/all [36m304[0m 887.118 ms - -[0m
2026-09-15 11:09:31 [[32minfo[39m]: [0mGET /api/message/all [36m304[0m 233.364 ms - -[0m
2026-09-15 11:09:32 [[32minfo[39m]: [0mGET /api/token/all/211 [36m304[0m 1124.092 ms - -[0m
2026-09-15 11:09:77 [[32minfo[39m]: [0mGET /api/token/all/211 [36m304[0m 439.966 ms - -[0m
2026-09-15 11:09:89 [[32minfo[39m]: [0mGET /api/balance/getBalance/211 [36m304[0m 1700.222 ms - -[0m
2026-09-15 11:09:90 [[32minfo[39m]: [0mGET /api/balance/getBalance/211 [36m304[0m 1011.298 ms - -[0m
2026-09-15 11:09:38 [[32minfo[39m]: [0mGET /api/users/users [36m304[0m 360.134 ms - -[0m
2026-09-15 11:09:91 [[32minfo[39m]: [0mGET /api/message/all [36m304[0m 870.785 ms - -[0m
2026-09-15 11:09:52 [[32minfo[39m]: [0mGET /api/balance/getBalance/211 [36m304[0m 1025.195 ms - -[0m
2026-09-15 11:09:54 [[32minfo[39m]: [0mGET /api/token/all/211 [36m304[0m 1042.227 ms - -[0m
2026-09-15 11:09:49 [[32minfo[39m]: [0mPOST /api/auth/logout [32m200[0m 612.034 ms - 46[0m
2026-09-15 11:09:09 [[32minfo[39m]: Login attempt by: asifandhi0@gmail.com
2026-09-15 11:09:48 [[32minfo[39m]: Login success: asifandhi0@gmail.com, role: admin
2026-09-15 11:09:48 [[32minfo[39m]: [0mPOST /api/auth/login [32m200[0m 384.725 ms - 197[0m
2026-09-15 11:09:04 [[32minfo[39m]: [0mGET /api/message/all [36m304[0m 274.491 ms - -[0m
2026-09-15 11:09:09 [[32minfo[39m]: [0mGET /api/users/users [32m200[0m 256.096 ms - -[0m
2026-09-15 11:09:31 [[32minfo[39m]: [0mGET /api/message/all [36m304[0m 249.000 ms - -[0m
2026-09-15 11:09:34 [[32minfo[39m]: [0mGET /api/users/users [36m304[0m 245.622 ms - -[0m
2026-09-15 11:09:74 [[32minfo[39m]: [0mGET /api/token/all/205 [36m304[0m 526.274 ms - -[0m
2026-09-15 11:09:96 [[32minfo[39m]: [0mGET /api/balance/getBalance/205 [36m304[0m 774.302 ms - -[0m
2026-09-15 11:09:01 [[32minfo[39m]: [0mGET /api/balance/getAllUserBalance [32m200[0m 458.405 ms - -[0m
2026-09-15 11:09:48 [[32minfo[39m]: [0mGET /api/balance/getAllUserBalance [36m304[0m 463.506 ms - -[0m
2026-09-15 11:09:67 [[32minfo[39m]: [0mGET /api/balance/getBalance/205 [36m304[0m 638.158 ms - -[0m
2026-09-15 11:09:33 [[32minfo[39m]: [0mGET /api/balance/getBalance/205 [36m304[0m 652.156 ms - -[0m
2026-09-15 11:09:29 [[32minfo[39m]: [0mGET /api/payment-history/ [32m200[0m 231.873 ms - 47[0m
2026-09-15 11:09:53 [[32minfo[39m]: [0mGET /api/payment-history/ [36m304[0m 231.353 ms - -[0m
2026-09-15 11:09:54 [[32minfo[39m]: [0mPOST /api/auth/logout [32m200[0m 527.703 ms - 46[0m
2026-09-15 11:09:52 [[32minfo[39m]: Login attempt by: asifandhi@gmail.com
2026-09-15 11:09:87 [[32minfo[39m]: Login success: asifandhi@gmail.com, role: admin
2026-09-15 11:09:87 [[32minfo[39m]: [0mPOST /api/auth/login [32m200[0m 353.603 ms - 199[0m
2026-09-15 11:09:55 [[32minfo[39m]: [0mGET /api/users/users [32m200[0m 213.442 ms - 104[0m
2026-09-15 11:09:29 [[32minfo[39m]: [0mGET /api/message/all [36m304[0m 915.914 ms - -[0m
2026-09-15 11:09:48 [[32minfo[39m]: [0mGET /api/balance/getBalance/211 [36m304[0m 849.236 ms - -[0m
2026-09-15 11:09:52 [[32minfo[39m]: [0mGET /api/message/all [36m304[0m 226.931 ms - -[0m
2026-09-15 11:09:52 [[32minfo[39m]: [0mGET /api/users/users [36m304[0m 963.368 ms - -[0m
2026-09-15 11:09:73 [[32minfo[39m]: [0mGET /api/token/all/211 [36m304[0m 1087.662 ms - -[0m
2026-09-15 11:09:53 [[32minfo[39m]: [0mGET /api/payment-history/ [32m200[0m 236.100 ms - 333[0m
2026-09-15 11:09:77 [[32minfo[39m]: [0mGET /api/payment-history/ [36m304[0m 230.219 ms - -[0m
2026-09-15 11:09:40 [[32minfo[39m]: [0mGET /api/balance/getAllUserBalance [32m200[0m 442.182 ms - 463[0m
2026-09-15 11:09:85 [[32minfo[39m]: [0mGET /api/balance/getAllUserBalance [36m304[0m 443.214 ms - -[0m
2026-09-15 11:09:65 [[32minfo[39m]: [0mGET /api/balance/getBalance/211 [36m304[0m 901.716 ms - -[0m
2026-09-15 11:09:57 [[32minfo[39m]: [0mGET /api/balance/getBalance/211 [36m304[0m 920.904 ms - -[0m
2026-09-15 11:09:48 [[32minfo[39m]: [0mGET /api/token/all [36m304[0m 440.760 ms - -[0m
2026-09-15 11:09:93 [[32minfo[39m]: [0mGET /api/token/all [36m304[0m 447.192 ms - -[0m
2026-09-15 11:09:86 [[32minfo[39m]: [0mGET /api/message/all [36m304[0m 881.873 ms - -[0m
2026-09-15 11:09:90 [[32minfo[39m]: [0mGET /api/balance/getBalance/211 [36m304[0m 997.052 ms - -[0m
2026-09-15 11:09:08 [[32minfo[39m]: [0mGET /api/message/all [36m304[0m 214.879 ms - -[0m
2026-09-15 11:09:19 [[32minfo[39m]: [0mGET /api/token/all/211 [36m304[0m 1258.226 ms - -[0m
2026-09-15 11:09:67 [[32minfo[39m]: [0mGET /api/token/all/211 [36m304[0m 476.754 ms - -[0m
2026-09-15 11:09:78 [[32minfo[39m]: [0mGET /api/balance/getBalance/211 [36m304[0m 860.178 ms - -[0m
2026-09-15 12:09:21 [[32minfo[39m]: [0mPOST /api/auth/logout [32m200[0m 752.209 ms - 46[0m
2026-09-15 12:09:49 [[32minfo[39m]: [0mPOST /api/auth/logout [31m500[0m 10013.879 ms - 22[0m
2026-09-15 12:09:98 [[32minfo[39m]: Login attempt by: asifandhi0@gmail.com
2026-09-15 12:09:47 [[32minfo[39m]: Login success: asifandhi0@gmail.com, role: admin
2026-09-15 12:09:47 [[32minfo[39m]: [0mPOST /api/auth/login [32m200[0m 493.651 ms - 197[0m
2026-09-15 12:09:54 [[32minfo[39m]: [0mGET /api/users/users [32m200[0m 248.962 ms - -[0m
2026-09-15 12:09:34 [[32minfo[39m]: [0mGET /api/message/all [36m304[0m 1074.134 ms - -[0m
2026-09-15 12:09:54 [[32minfo[39m]: [0mGET /api/balance/getBalance/205 [36m304[0m 780.727 ms - -[0m
2026-09-15 12:09:57 [[32minfo[39m]: [0mGET /api/users/users [36m304[0m 1005.330 ms - -[0m
2026-09-15 12:09:61 [[32minfo[39m]: [0mGET /api/message/all [36m304[0m 263.705 ms - -[0m
2026-09-15 12:09:15 [[32minfo[39m]: [0mGET /api/token/all/205 [36m304[0m 1362.130 ms - -[0m
2026-09-15 12:09:20 [[32minfo[39m]: [0mGET /api/token/all/205 [36m304[0m 475.852 ms - -[0m
2026-09-15 12:09:68 [[32minfo[39m]: [0mGET /api/token/all/205 [36m304[0m 479.827 ms - -[0m
2026-09-15 12:09:72 [[32minfo[39m]: [0mGET /api/token/all [36m304[0m 527.030 ms - -[0m
2026-09-15 12:09:24 [[32minfo[39m]: [0mGET /api/token/all [36m304[0m 501.464 ms - -[0m
2026-09-15 12:09:03 [[32minfo[39m]: [0mGET /api/balance/getBalance/205 [36m304[0m 721.636 ms - -[0m
2026-09-15 12:09:78 [[32minfo[39m]: [0mGET /api/balance/getBalance/205 [36m304[0m 745.088 ms - -[0m
2026-09-15 12:09:14 [[32minfo[39m]: [0mGET /api/balance/getAllUserBalance [32m200[0m 1129.167 ms - -[0m
2026-09-15 12:09:62 [[32minfo[39m]: [0mGET /api/balance/getAllUserBalance [36m304[0m 462.804 ms - -[0m
2026-09-15 12:09:95 [[32minfo[39m]: [0mGET /api/payment-history/ [32m200[0m 218.618 ms - 47[0m
2026-09-15 12:09:17 [[32minfo[39m]: [0mGET /api/payment-history/ [36m304[0m 222.452 ms - -[0m
2026-09-15 12:09:55 [[32minfo[39m]: [0mGET /api/users/users [36m304[0m 232.953 ms - -[0m
2026-09-15 12:09:77 [[32minfo[39m]: [0mGET /api/users/users [36m304[0m 214.151 ms - -[0m
2026-09-15 12:09:22 [[32minfo[39m]: [0mGET /api/message/all [36m304[0m 900.964 ms - -[0m
2026-09-15 12:09:46 [[32minfo[39m]: [0mGET /api/message/all [36m304[0m 232.660 ms - -[0m
2026-09-15 12:09:33 [[32minfo[39m]: [0mGET /api/token/all [36m304[0m 424.339 ms - -[0m
2026-09-15 12:09:78 [[32minfo[39m]: [0mGET /api/token/all [36m304[0m 441.734 ms - -[0m
2026-09-15 12:09:14 [[32minfo[39m]: [0mGET /api/token/all/205 [36m304[0m 438.881 ms - -[0m
2026-09-15 12:09:36 [[32minfo[39m]: [0mGET /api/balance/getBalance/205 [36m304[0m 663.572 ms - -[0m
2026-09-15 12:09:58 [[32minfo[39m]: [0mGET /api/token/all/205 [36m304[0m 431.994 ms - -[0m
2026-09-15 12:09:59 [[32minfo[39m]: [0mGET /api/message/all [36m304[0m 890.162 ms - -[0m
2026-09-15 12:09:85 [[32minfo[39m]: [0mGET /api/message/all [36m304[0m 252.176 ms - -[0m
2026-09-15 12:09:02 [[32minfo[39m]: [0mGET /api/balance/getBalance/205 [36m304[0m 651.494 ms - -[0m
2026-09-15 12:09:68 [[32minfo[39m]: [0mPOST /api/auth/logout [32m200[0m 1527.923 ms - 46[0m
2026-09-15 12:09:25 [[32minfo[39m]: Login attempt by: asifandhi0@gmail.com
2026-09-15 12:09:65 [[32minfo[39m]: Login success: asifandhi0@gmail.com, role: admin
2026-09-15 12:09:65 [[32minfo[39m]: [0mPOST /api/auth/login [32m200[0m 405.224 ms - 197[0m
2026-09-15 12:09:37 [[32minfo[39m]: [0mGET /api/users/users [36m304[0m 257.137 ms - -[0m
2026-09-15 12:09:61 [[32minfo[39m]: [0mGET /api/users/users [36m304[0m 237.712 ms - -[0m
2026-09-15 12:09:100 [[32minfo[39m]: [0mGET /api/message/all [36m304[0m 885.952 ms - -[0m
2026-09-15 12:09:22 [[32minfo[39m]: [0mGET /api/message/all [36m304[0m 215.190 ms - -[0m
2026-09-15 12:09:55 [[32minfo[39m]: [0mGET /api/token/all/205 [36m304[0m 1081.824 ms - -[0m
2026-09-15 12:09:90 [[32minfo[39m]: [0mGET /api/balance/getBalance/205 [36m304[0m 1439.359 ms - -[0m
2026-09-15 12:09:59 [[32minfo[39m]: [0mGET /api/token/all/205 [36m304[0m 480.503 ms - -[0m
2026-09-15 12:09:09 [[32minfo[39m]: [0mGET /api/token/all/205 [36m304[0m 496.793 ms - -[0m
2026-09-15 12:09:41 [[32minfo[39m]: [0mGET /api/token/all [36m304[0m 491.659 ms - -[0m
2026-09-15 12:09:89 [[32minfo[39m]: [0mGET /api/token/all [36m304[0m 483.280 ms - -[0m
2026-09-15 12:09:22 [[32minfo[39m]: [0mGET /api/balance/getBalance/205 [36m304[0m 729.059 ms - -[0m
2026-09-15 12:09:96 [[32minfo[39m]: [0mGET /api/balance/getBalance/205 [36m304[0m 729.173 ms - -[0m
2026-09-15 12:09:14 [[32minfo[39m]: [0mGET /api/balance/getAllUserBalance [36m304[0m 443.685 ms - -[0m
2026-09-15 12:09:59 [[32minfo[39m]: [0mGET /api/balance/getAllUserBalance [36m304[0m 447.211 ms - -[0m
2026-09-15 12:09:78 [[32minfo[39m]: [0mGET /api/payment-history/ [36m304[0m 222.330 ms - -[0m
2026-09-15 12:09:100 [[32minfo[39m]: [0mGET /api/payment-history/ [36m304[0m 217.954 ms - -[0m
2026-09-15 12:09:96 [[32minfo[39m]: [0mPOST /api/auth/logout [32m200[0m 500.359 ms - 46[0m
2026-09-15 12:09:85 [[32minfo[39m]: Login attempt by: asifandhi@gmail.com
2026-09-15 12:09:21 [[32minfo[39m]: Login success: asifandhi@gmail.com, role: admin
2026-09-15 12:09:21 [[32minfo[39m]: [0mPOST /api/auth/login [32m200[0m 356.380 ms - 199[0m
2026-09-15 12:09:95 [[32minfo[39m]: [0mGET /api/users/users [32m200[0m 225.281 ms - 104[0m
2026-09-15 12:09:82 [[32minfo[39m]: [0mGET /api/balance/getBalance/211 [32m200[0m 767.157 ms - 415[0m
2026-09-15 12:09:92 [[32minfo[39m]: [0mGET /api/users/users [36m304[0m 966.624 ms - -[0m
2026-09-15 12:09:94 [[32minfo[39m]: [0mGET /api/message/all [36m304[0m 1147.110 ms - -[0m
2026-09-15 12:09:27 [[32minfo[39m]: [0mGET /api/message/all [36m304[0m 226.254 ms - -[0m
2026-09-15 12:09:32 [[32minfo[39m]: [0mGET /api/token/all/211 [36m304[0m 1255.971 ms - -[0m
2026-09-15 12:09:30 [[32minfo[39m]: [0mGET /api/token/all/211 [36m304[0m 544.383 ms - -[0m
2026-09-15 12:09:97 [[32minfo[39m]: [0mGET /api/token/all/211 [36m304[0m 667.357 ms - -[0m
2026-09-15 12:09:35 [[32minfo[39m]: [0mGET /api/token/all [36m304[0m 634.663 ms - -[0m
2026-09-15 12:09:01 [[32minfo[39m]: [0mGET /api/token/all [36m304[0m 650.269 ms - -[0m
2026-09-15 12:09:78 [[32minfo[39m]: [0mGET /api/balance/getAllUserBalance [32m200[0m 763.844 ms - 461[0m
2026-09-15 12:09:44 [[32minfo[39m]: [0mGET /api/balance/getAllUserBalance [36m304[0m 656.827 ms - -[0m
2026-09-15 12:09:11 [[32minfo[39m]: [0mGET /api/payment-history/ [32m200[0m 269.542 ms - 333[0m
2026-09-15 12:09:36 [[32minfo[39m]: [0mGET /api/payment-history/ [36m304[0m 247.690 ms - -[0m
2026-09-15 12:09:94 [[32minfo[39m]: [0mGET /api/message/all [36m304[0m 2958.996 ms - -[0m
2026-09-15 12:09:15 [[32minfo[39m]: [0mGET /api/message/all [36m304[0m 208.900 ms - -[0m
2026-09-15 12:09:17 [[32minfo[39m]: [0mGET /api/token/all/211 [36m304[0m 3192.159 ms - -[0m
2026-09-15 12:09:49 [[32minfo[39m]: [0mGET /api/balance/getBalance/211 [36m304[0m 3534.675 ms - -[0m
2026-09-15 12:09:61 [[32minfo[39m]: [0mGET /api/token/all/211 [36m304[0m 437.687 ms - -[0m
2026-09-15 12:09:21 [[32minfo[39m]: [0mGET /api/balance/getBalance/211 [36m304[0m 723.608 ms - -[0m
2026-09-15 12:09:94 [[32minfo[39m]: [0mGET /api/balance/getBalance/211 [36m304[0m 728.492 ms - -[0m
2026-09-15 12:09:66 [[32minfo[39m]: [0mGET /api/balance/getBalance/211 [36m304[0m 718.317 ms - -[0m
2026-09-15 12:09:57 [[32minfo[39m]: [0mPOST /api/auth/logout [32m200[0m 2272.683 ms - 46[0m
2026-09-15 12:09:83 [[32minfo[39m]: Login attempt by: asifandhi0@gmail.com
2026-09-15 12:09:31 [[32minfo[39m]: Login success: asifandhi0@gmail.com, role: admin
2026-09-15 12:09:31 [[32minfo[39m]: [0mPOST /api/auth/login [32m200[0m 480.827 ms - 197[0m
2026-09-15 12:09:98 [[32minfo[39m]: [0mGET /api/message/all [36m304[0m 231.870 ms - -[0m
2026-09-15 12:09:19 [[32minfo[39m]: [0mGET /api/message/all [36m304[0m 199.461 ms - -[0m
2026-09-15 12:09:86 [[32minfo[39m]: [0mGET /api/users/users [32m200[0m 982.639 ms - -[0m
2026-09-15 12:09:17 [[32minfo[39m]: [0mGET /api/users/users [36m304[0m 313.623 ms - -[0m
2026-09-15 12:09:41 [[32minfo[39m]: [0mGET /api/token/all/205 [36m304[0m 434.284 ms - -[0m
2026-09-15 12:09:48 [[32minfo[39m]: [0mGET /api/balance/getBalance/205 [36m304[0m 1484.950 ms - -[0m
2026-09-15 12:09:25 [[32minfo[39m]: [0mGET /api/token/all/205 [36m304[0m 458.097 ms - -[0m
2026-09-15 12:09:75 [[32minfo[39m]: [0mGET /api/token/all/205 [36m304[0m 499.003 ms - -[0m
2026-09-15 12:09:75 [[32minfo[39m]: [0mGET /api/token/all [36m304[0m 517.471 ms - -[0m
2026-09-15 12:09:23 [[32minfo[39m]: [0mGET /api/token/all [36m304[0m 483.203 ms - -[0m
2026-09-15 12:09:19 [[32minfo[39m]: [0mGET /api/users/users [36m304[0m 911.298 ms - -[0m
2026-09-15 12:09:20 [[32minfo[39m]: [0mGET /api/message/all [36m304[0m 951.647 ms - -[0m
2026-09-15 12:09:100 [[32minfo[39m]: [0mGET /api/token/all/205 [36m304[0m 434.335 ms - -[0m
2026-09-15 12:09:22 [[32minfo[39m]: [0mGET /api/balance/getBalance/205 [36m304[0m 659.800 ms - -[0m
2026-09-15 12:09:78 [[32minfo[39m]: [0mGET /api/token/all [36m304[0m 470.984 ms - -[0m
2026-09-15 12:09:24 [[32minfo[39m]: [0mGET /api/token/all [36m304[0m 454.082 ms - -[0m
2026-09-15 12:09:95 [[32minfo[39m]: [0mGET /api/balance/getBalance/205 [36m304[0m 645.272 ms - -[0m
2026-09-15 12:09:55 [[32minfo[39m]: [0mGET /api/balance/getBalance/205 [36m304[0m 598.050 ms - -[0m
2026-09-15 12:09:31 [[32minfo[39m]: [0mGET /api/balance/getAllUserBalance [32m200[0m 438.651 ms - -[0m
2026-09-15 12:09:25 [[32minfo[39m]: [0mGET /api/balance/getAllUserBalance [36m304[0m 507.447 ms - -[0m
2026-09-15 12:09:58 [[32minfo[39m]: [0mGET /api/payment-history/ [32m200[0m 254.949 ms - 47[0m
2026-09-15 12:09:82 [[32minfo[39m]: [0mGET /api/payment-history/ [36m304[0m 228.942 ms - -[0m
2026-09-15 12:09:52 [[32minfo[39m]: [0mGET /api/users/users [36m304[0m 236.436 ms - -[0m
2026-09-15 12:09:75 [[32minfo[39m]: [0mGET /api/users/users [36m304[0m 223.877 ms - -[0m
2026-09-15 12:09:17 [[32minfo[39m]: [0mGET /api/message/all [36m304[0m 880.985 ms - -[0m
2026-09-15 12:09:50 [[32minfo[39m]: [0mGET /api/message/all [36m304[0m 238.677 ms - -[0m
2026-09-15 13:09:81 [[32minfo[39m]: [0mGET /api/message/all [36m304[0m 1961.302 ms - -[0m
2026-09-15 13:09:94 [[32minfo[39m]: [0mGET /api/users/users [36m304[0m 2219.685 ms - -[0m
2026-09-15 13:09:73 [[32minfo[39m]: [0mGET /api/token/all/205 [36m304[0m 612.097 ms - -[0m
2026-09-15 13:09:93 [[32minfo[39m]: [0mGET /api/balance/getBalance/205 [36m304[0m 811.468 ms - -[0m
2026-09-15 13:09:24 [[32minfo[39m]: [0mGET /api/token/all/205 [36m304[0m 710.631 ms - -[0m
2026-09-15 13:09:82 [[32minfo[39m]: [0mGET /api/token/all/205 [36m304[0m 565.350 ms - -[0m
2026-09-15 13:09:33 [[32minfo[39m]: [0mGET /api/token/all [36m304[0m 484.128 ms - -[0m
2026-09-15 13:09:98 [[32minfo[39m]: [0mGET /api/token/all [36m304[0m 504.359 ms - -[0m
2026-09-15 13:09:48 [[32minfo[39m]: [0mGET /api/balance/getBalance/205 [36m304[0m 626.651 ms - -[0m
2026-09-15 13:09:10 [[32minfo[39m]: [0mGET /api/balance/getBalance/205 [36m304[0m 618.877 ms - -[0m
2026-09-15 13:09:90 [[32minfo[39m]: [0mGET /api/balance/getAllUserBalance [36m304[0m 462.841 ms - -[0m
2026-09-15 13:09:34 [[32minfo[39m]: [0mGET /api/balance/getAllUserBalance [36m304[0m 437.839 ms - -[0m
2026-09-15 13:09:13 [[32minfo[39m]: [0mGET /api/payment-history/ [36m304[0m 236.905 ms - -[0m
2026-09-15 13:09:34 [[32minfo[39m]: [0mGET /api/payment-history/ [36m304[0m 206.061 ms - -[0m
2026-09-15 13:09:83 [[32minfo[39m]: [0mGET /api/users/users [36m304[0m 266.472 ms - -[0m
2026-09-15 13:09:06 [[32minfo[39m]: [0mGET /api/users/users [36m304[0m 224.302 ms - -[0m
2026-09-15 13:09:03 [[32minfo[39m]: [0mGET /api/message/all [36m304[0m 2446.829 ms - -[0m
2026-09-15 13:09:25 [[32minfo[39m]: [0mGET /api/message/all [36m304[0m 223.118 ms - -[0m
2026-09-15 13:09:72 [[32minfo[39m]: [0mGET /api/token/all [36m304[0m 770.619 ms - -[0m
2026-09-15 13:09:34 [[32minfo[39m]: [0mGET /api/token/all [36m304[0m 625.288 ms - -[0m
2026-09-15 13:09:11 [[32minfo[39m]: [0mGET /api/token/all/205 [36m304[0m 1589.828 ms - -[0m
2026-09-15 13:09:88 [[32minfo[39m]: [0mGET /api/token/all/205 [36m304[0m 748.810 ms - -[0m
2026-09-15 13:09:67 [[32minfo[39m]: [0mGET /api/balance/getBalance/205 [36m304[0m 10748.706 ms - -[0m
2026-09-15 13:09:55 [[32minfo[39m]: [0mGET /api/balance/getBalance/205 [36m304[0m 877.061 ms - -[0m
2026-09-15 13:09:33 [[32minfo[39m]: [0mGET /api/balance/getAllUserBalance [36m304[0m 1344.260 ms - -[0m
2026-09-15 13:09:87 [[32minfo[39m]: [0mGET /api/balance/getAllUserBalance [36m304[0m 526.275 ms - -[0m
2026-09-15 13:09:54 [[32minfo[39m]: [0mPOST /api/auth/logout [32m200[0m 2089.199 ms - 46[0m
2026-09-15 13:09:41 [[32minfo[39m]: Login attempt by: asifandhi0@gmail.com
2026-09-15 13:09:85 [[32minfo[39m]: Login success: asifandhi0@gmail.com, role: admin
2026-09-15 13:09:85 [[32minfo[39m]: [0mPOST /api/auth/login [32m200[0m 1436.522 ms - 197[0m
2026-09-15 13:09:89 [[32minfo[39m]: [0mGET /api/users/users [36m304[0m 223.240 ms - -[0m
2026-09-15 13:09:69 [[32minfo[39m]: [0mGET /api/users/users [36m304[0m 753.856 ms - -[0m
2026-09-15 13:09:40 [[32minfo[39m]: [0mGET /api/balance/getBalance/205 [36m304[0m 660.443 ms - -[0m
2026-09-15 13:09:46 [[32minfo[39m]: [0mGET /api/message/all [36m304[0m 1797.924 ms - -[0m
2026-09-15 13:09:73 [[32minfo[39m]: [0mGET /api/message/all [36m304[0m 228.846 ms - -[0m
2026-09-15 13:09:93 [[32minfo[39m]: [0mGET /api/token/all/205 [36m304[0m 2367.554 ms - -[0m
2026-09-15 13:09:15 [[32minfo[39m]: [0mPOST /api/auth/logout [32m200[0m 1817.138 ms - 46[0m
2026-09-15 13:09:13 [[32minfo[39m]: Login attempt by: asifandhi@gmail.com
2026-09-15 13:09:22 [[32minfo[39m]: Login success: asifandhi@gmail.com, role: admin
2026-09-15 13:09:22 [[32minfo[39m]: [0mPOST /api/auth/login [32m200[0m 4181.966 ms - 199[0m
2026-09-15 13:09:42 [[32minfo[39m]: [0mGET /api/users/users [32m200[0m 401.692 ms - 104[0m
2026-09-15 13:09:91 [[32minfo[39m]: [0mGET /api/balance/getBalance/211 [36m304[0m 1123.559 ms - -[0m
2026-09-15 13:09:21 [[32minfo[39m]: [0mGET /api/users/users [36m304[0m 1098.494 ms - -[0m
2026-09-15 13:09:52 [[32minfo[39m]: [0mGET /api/message/all [36m304[0m 2213.820 ms - -[0m
2026-09-15 13:09:77 [[32minfo[39m]: [0mGET /api/message/all [36m304[0m 225.290 ms - -[0m
2026-09-15 13:09:100 [[32minfo[39m]: [0mGET /api/token/all/211 [36m304[0m 2723.437 ms - -[0m
2026-09-15 13:09:14 [[32minfo[39m]: [0mPOST /api/auth/register [32m201[0m 1578.311 ms - 258[0m
2026-09-15 13:09:63 [[32minfo[39m]: [0mGET /api/users/users [32m200[0m 676.500 ms - 210[0m
2026-09-15 13:09:31 [[32minfo[39m]: [0mPOST /api/auth/logout [32m200[0m 2413.662 ms - 46[0m
2026-09-19 10:09:90 [[32minfo[39m]: Login attempt by: asifandhi0@gmail.com
2026-09-19 10:09:32 [[32minfo[39m]: Login success: asifandhi0@gmail.com, role: admin
2026-09-19 10:09:32 [[32minfo[39m]: [0mPOST /api/auth/login [32m200[0m 1080.142 ms - 197[0m
2026-09-19 10:09:19 [[32minfo[39m]: [0mGET /api/users/users [32m200[0m 207.160 ms - -[0m
2026-09-19 10:09:37 [[32minfo[39m]: [0mGET /api/users/users [36m304[0m 175.199 ms - -[0m
2026-09-19 10:09:65 [[32minfo[39m]: [0mGET /api/message/all [32m200[0m 687.595 ms - 2[0m
2026-09-19 10:09:83 [[32minfo[39m]: [0mGET /api/message/all [36m304[0m 177.492 ms - -[0m
2026-09-19 10:09:24 [[32minfo[39m]: [0mGET /api/token/all/205 [32m200[0m 880.760 ms - 48[0m
2026-09-19 10:09:39 [[32minfo[39m]: [0mGET /api/balance/getBalance/205 [32m200[0m 1035.006 ms - 183[0m
2026-09-19 10:09:88 [[32minfo[39m]: [0mPOST /api/auth/logout [32m200[0m 432.601 ms - 46[0m
2026-09-19 10:09:97 [[32minfo[39m]: Login attempt by: asifandhi@gmail.com
2026-09-19 10:09:32 [[33mwarn[39m]: Login failed (Wrong password): asifandhi@gmail.com
2026-09-19 10:09:32 [[32minfo[39m]: [0mPOST /api/auth/login [33m400[0m 355.802 ms - 35[0m
2026-09-19 10:09:39 [[32minfo[39m]: Login attempt by: asifandhi@gmail.com
2026-09-19 10:09:69 [[33mwarn[39m]: Login failed (Wrong password): asifandhi@gmail.com
2026-09-19 10:09:69 [[32minfo[39m]: [0mPOST /api/auth/login [33m400[0m 308.990 ms - 35[0m
2026-09-19 10:09:03 [[32minfo[39m]: Login attempt by: asifandhi25@gmail.com
2026-09-19 10:09:44 [[33mwarn[39m]: Login failed (Wrong password): asifandhi25@gmail.com
2026-09-19 10:09:44 [[32minfo[39m]: [0mPOST /api/auth/login [33m400[0m 404.198 ms - 35[0m
2026-09-19 10:09:89 [[32minfo[39m]: Login attempt by: asifandhi25@gmail.com
2026-09-19 10:09:67 [[32minfo[39m]: Login success: asifandhi25@gmail.com, role: superadmin
2026-09-19 10:09:68 [[32minfo[39m]: [0mPOST /api/auth/login [32m200[0m 784.172 ms - 195[0m
2026-09-19 10:09:24 [[32minfo[39m]: [0mGET /api/users/users [32m200[0m 185.588 ms - -[0m
2026-09-19 10:09:42 [[32minfo[39m]: [0mGET /api/users/users [36m304[0m 172.997 ms - -[0m
2026-09-19 10:09:70 [[32minfo[39m]: [0mGET /api/message/all [36m304[0m 642.527 ms - -[0m
2026-09-19 10:09:86 [[32minfo[39m]: [0mGET /api/message/all [36m304[0m 158.957 ms - -[0m
2026-09-19 10:09:14 [[32minfo[39m]: [0mGET /api/token/all/211 [32m200[0m 802.184 ms - 603[0m
2026-09-19 10:09:45 [[32minfo[39m]: [0mGET /api/balance/getBalance/211 [32m200[0m 1114.911 ms - 417[0m
2026-09-19 10:09:59 [[32minfo[39m]: [0mPOST /api/auth/logout [32m200[0m 403.749 ms - 46[0m
2026-09-19 10:09:62 [[32minfo[39m]: Login attempt by: asifandhi@gmail.com
2026-09-19 10:09:90 [[32minfo[39m]: Login success: asifandhi@gmail.com, role: admin
2026-09-19 10:09:90 [[32minfo[39m]: [0mPOST /api/auth/login [32m200[0m 281.754 ms - 199[0m
2026-09-19 10:09:42 [[32minfo[39m]: [0mGET /api/users/users [32m200[0m 157.254 ms - 103[0m
2026-09-19 10:09:59 [[32minfo[39m]: [0mGET /api/users/users [36m304[0m 159.725 ms - -[0m
2026-09-19 10:09:93 [[32minfo[39m]: [0mGET /api/message/all [36m304[0m 658.065 ms - -[0m
2026-09-19 10:09:10 [[32minfo[39m]: [0mGET /api/message/all [36m304[0m 167.292 ms - -[0m
2026-09-19 10:09:31 [[32minfo[39m]: [0mGET /api/token/all/211 [36m304[0m 813.389 ms - -[0m
2026-09-19 10:09:62 [[32minfo[39m]: [0mGET /api/balance/getBalance/211 [36m304[0m 1120.738 ms - -[0m
2026-09-19 10:09:04 [[32minfo[39m]: [0mGET /api/token/all/211 [36m304[0m 314.029 ms - -[0m
2026-09-19 10:09:35 [[32minfo[39m]: [0mGET /api/token/all/211 [36m304[0m 310.885 ms - -[0m
2026-09-19 10:09:85 [[32minfo[39m]: [0mGET /api/token/all [32m200[0m 324.925 ms - 392[0m
2026-09-19 10:09:62 [[32minfo[39m]: [0mPOST /api/token/create [32m200[0m 1285.953 ms - 863[0m
2026-09-19 10:09:47 [[32minfo[39m]: [0mGET /api/token/all/211 [32m200[0m 801.177 ms - -[0m
2026-09-19 10:09:23 [[32minfo[39m]: [0mGET /api/token/all [32m200[0m 1132.351 ms - -[0m
2026-09-19 10:09:93 [[32minfo[39m]: [0mPOST /api/token/create [32m200[0m 1885.467 ms - -[0m
2026-09-19 10:09:32 [[32minfo[39m]: [0mGET /api/token/all/211 [32m200[0m 301.790 ms - -[0m
2026-09-19 10:09:08 [[32minfo[39m]: [0mPUT /api/token/update [32m200[0m 3248.124 ms - -[0m
2026-09-19 10:09:45 [[32minfo[39m]: [0mGET /api/token/all/211 [32m200[0m 219.711 ms - -[0m
2026-09-19 10:09:19 [[32minfo[39m]: [0mGET /api/token/all [32m200[0m 772.599 ms - -[0m
2026-09-19 10:09:47 [[32minfo[39m]: [0mGET /api/token/all [36m304[0m 275.915 ms - -[0m
2026-09-19 10:09:39 [[32minfo[39m]: [0mGET /api/token/all/211 [36m304[0m 174.402 ms - -[0m
2026-09-19 10:09:57 [[32minfo[39m]: [0mGET /api/token/all/211 [36m304[0m 182.446 ms - -[0m
2026-09-19 10:09:95 [[32minfo[39m]: [0mGET /api/users/users [36m304[0m 764.873 ms - -[0m
2026-09-19 10:09:07 [[32minfo[39m]: [0mGET /api/token/all/211 [36m304[0m 193.406 ms - -[0m
2026-09-19 10:09:12 [[32minfo[39m]: [0mGET /api/token/all/211 [36m304[0m 744.250 ms - -[0m
2026-09-19 10:09:49 [[32minfo[39m]: [0mGET /api/users/users [36m304[0m 160.177 ms - -[0m
2026-09-19 10:09:32 [[32minfo[39m]: [0mGET /api/token/all/211 [36m304[0m 180.080 ms - -[0m
2026-09-19 10:09:01 [[32minfo[39m]: [0mGET /api/users/users [36m304[0m 736.225 ms - -[0m
2026-09-19 10:09:64 [[32minfo[39m]: [0mGET /api/token/all/211 [36m304[0m 166.284 ms - -[0m
2026-09-19 10:09:42 [[32minfo[39m]: [0mGET /api/users/users [36m304[0m 839.325 ms - -[0m
2026-09-19 10:09:54 [[32minfo[39m]: [0mGET /api/token/all/211 [36m304[0m 169.147 ms - -[0m
2026-09-19 10:09:79 [[32minfo[39m]: [0mGET /api/users/users [36m304[0m 808.229 ms - -[0m
2026-09-19 10:09:15 [[32minfo[39m]: [0mGET /api/token/all/211 [36m304[0m 173.807 ms - -[0m
2026-09-19 10:09:100 [[32minfo[39m]: [0mGET /api/users/users [36m304[0m 1085.242 ms - -[0m
2026-09-19 10:09:59 [[32minfo[39m]: [0mGET /api/token/all/211 [36m304[0m 282.451 ms - -[0m
2026-09-19 10:09:90 [[32minfo[39m]: [0mGET /api/users/users [36m304[0m 1983.532 ms - -[0m
2026-09-19 10:09:16 [[32minfo[39m]: [0mGET /api/message/all [36m304[0m 2150.976 ms - -[0m
2026-09-19 10:09:81 [[32minfo[39m]: [0mGET /api/token/all/211 [36m304[0m 738.908 ms - -[0m
2026-09-19 10:09:84 [[32minfo[39m]: [0mGET /api/balance/getBalance/211 [36m304[0m 773.124 ms - -[0m
2026-09-19 11:09:02 [[32minfo[39m]: [0mGET /api/message/all [33m401[0m 633.110 ms - 23[0m
2026-09-19 11:09:03 [[32minfo[39m]: [0mGET /api/users/users [33m401[0m 658.644 ms - 23[0m
2026-09-19 11:09:44 [[32minfo[39m]: Login attempt by: asifandhi@gmail.com
2026-09-19 11:09:76 [[32minfo[39m]: Login success: asifandhi@gmail.com, role: admin
2026-09-19 11:09:77 [[32minfo[39m]: [0mPOST /api/auth/login [32m200[0m 1355.601 ms - 199[0m
2026-09-19 11:09:20 [[32minfo[39m]: [0mGET /api/users/users [36m304[0m 1003.940 ms - -[0m
2026-09-19 11:09:56 [[32minfo[39m]: [0mGET /api/users/users [36m304[0m 354.769 ms - -[0m
2026-09-19 11:09:56 [[32minfo[39m]: [0mGET /api/message/all [36m304[0m 2330.504 ms - -[0m
2026-09-19 11:09:57 [[32minfo[39m]: [0mGET /api/token/all/211 [36m304[0m 1136.129 ms - -[0m
2026-09-19 11:09:22 [[32minfo[39m]: [0mGET /api/message/all [36m304[0m 631.586 ms - -[0m
2026-09-19 11:09:59 [[32minfo[39m]: [0mGET /api/balance/getBalance/211 [36m304[0m 2164.947 ms - -[0m
2026-09-19 11:09:83 [[32minfo[39m]: [0mGET /api/token/all/211 [36m304[0m 894.675 ms - -[0m
2026-09-19 11:09:07 [[32minfo[39m]: [0mGET /api/token/all/211 [36m304[0m 239.284 ms - -[0m
2026-09-19 11:09:28 [[32minfo[39m]: [0mGET /api/token/all [36m304[0m 945.552 ms - -[0m
2026-09-19 11:09:01 [[32minfo[39m]: [0mGET /api/token/all [36m304[0m 727.737 ms - -[0m
2026-09-19 11:09:51 [[32minfo[39m]: [0mGET /api/token/all/211 [36m304[0m 248.444 ms - -[0m
2026-09-19 11:09:95 [[32minfo[39m]: [0mGET /api/token/all/211 [36m304[0m 356.230 ms - -[0m
2026-09-19 11:09:29 [[32minfo[39m]: [0mPUT /api/token/confirm [32m200[0m 1908.706 ms - 50[0m
2026-09-19 11:09:65 [[32minfo[39m]: [0mGET /api/token/all/211 [32m200[0m 164.366 ms - -[0m
2026-09-19 11:09:67 [[32minfo[39m]: [0mGET /api/payment-history/ [32m200[0m 1106.313 ms - 333[0m
2026-09-19 11:09:89 [[32minfo[39m]: [0mGET /api/payment-history/ [36m304[0m 207.125 ms - -[0m
2026-09-19 11:09:87 [[32minfo[39m]: [0mGET /api/token/all [32m200[0m 299.064 ms - -[0m
2026-09-19 11:09:20 [[32minfo[39m]: [0mGET /api/token/all [36m304[0m 333.220 ms - -[0m
2026-09-19 11:09:69 [[32minfo[39m]: [0mGET /api/token/all/211 [36m304[0m 889.306 ms - -[0m
2026-09-19 11:09:91 [[32minfo[39m]: [0mGET /api/token/all/211 [36m304[0m 209.460 ms - -[0m
2026-09-19 11:09:06 [[32minfo[39m]: [0mGET /api/token/all [36m304[0m 503.345 ms - -[0m
2026-09-19 11:09:08 [[32minfo[39m]: [0mPOST /api/token/create [32m200[0m 1396.571 ms - -[0m
2026-09-19 11:09:33 [[32minfo[39m]: [0mGET /api/token/all/211 [32m200[0m 182.593 ms - -[0m
2026-09-19 11:09:61 [[32minfo[39m]: [0mGET /api/token/all [32m200[0m 883.571 ms - -[0m
2026-09-19 11:09:04 [[32minfo[39m]: [0mPOST /api/token/create [32m200[0m 1842.407 ms - -[0m
2026-09-19 11:09:36 [[32minfo[39m]: [0mGET /api/token/all/211 [32m200[0m 231.354 ms - -[0m
2026-09-19 11:09:17 [[32minfo[39m]: [0mGET /api/token/all [32m200[0m 1177.989 ms - -[0m
2026-09-19 11:09:48 [[32minfo[39m]: [0mGET /api/token/all [36m304[0m 306.799 ms - -[0m
2026-09-19 11:09:20 [[32minfo[39m]: [0mGET /api/payment-history/ [36m304[0m 919.510 ms - -[0m
2026-09-19 11:09:37 [[32minfo[39m]: [0mGET /api/payment-history/ [36m304[0m 171.609 ms - -[0m
2026-09-19 11:09:68 [[32minfo[39m]: [0mGET /api/balance/getAllUserBalance [32m200[0m 470.460 ms - 463[0m
2026-09-19 11:09:08 [[32minfo[39m]: [0mGET /api/balance/getAllUserBalance [36m304[0m 393.591 ms - -[0m
2026-09-19 11:09:72 [[32minfo[39m]: [0mGET /api/balance/getBalance/211 [36m304[0m 935.044 ms - -[0m
2026-09-19 11:09:58 [[32minfo[39m]: [0mGET /api/balance/getBalance/211 [36m304[0m 861.157 ms - -[0m
2026-09-19 11:09:28 [[32minfo[39m]: [0mGET /api/payment-history/ [36m304[0m 951.125 ms - -[0m
2026-09-19 11:09:48 [[32minfo[39m]: [0mGET /api/payment-history/ [36m304[0m 194.008 ms - -[0m
2026-09-19 11:09:44 [[32minfo[39m]: [0mGET /api/token/all [36m304[0m 241.303 ms - -[0m
2026-09-19 11:09:09 [[32minfo[39m]: [0mGET /api/token/all [36m304[0m 642.460 ms - -[0m
2026-09-19 11:09:57 [[32minfo[39m]: [0mGET /api/token/all/211 [36m304[0m 852.432 ms - -[0m
2026-09-19 11:09:79 [[32minfo[39m]: [0mGET /api/token/all/211 [36m304[0m 210.224 ms - -[0m
2026-09-19 11:09:29 [[32minfo[39m]: [0mPUT /api/token/confirm [32m200[0m 3429.009 ms - 50[0m
2026-09-19 11:09:63 [[32minfo[39m]: [0mGET /api/token/all/211 [32m200[0m 172.652 ms - -[0m
2026-09-19 11:09:81 [[32minfo[39m]: [0mGET /api/payment-history/ [36m304[0m 935.082 ms - -[0m
2026-09-19 11:09:99 [[32minfo[39m]: [0mGET /api/payment-history/ [36m304[0m 174.607 ms - -[0m
2026-09-19 11:09:43 [[32minfo[39m]: [0mGET /api/balance/getAllUserBalance [36m304[0m 576.913 ms - -[0m
2026-09-19 11:09:94 [[32minfo[39m]: [0mGET /api/balance/getAllUserBalance [36m304[0m 510.532 ms - -[0m
2026-09-19 11:09:25 [[32minfo[39m]: [0mGET /api/payment-history/ [36m304[0m 190.872 ms - -[0m
2026-09-19 11:09:45 [[32minfo[39m]: [0mGET /api/payment-history/ [36m304[0m 191.251 ms - -[0m
2026-09-19 11:09:60 [[32minfo[39m]: [0mGET /api/payment-history/ [36m304[0m 545.949 ms - -[0m
2026-09-19 11:09:17 [[32minfo[39m]: [0mGET /api/users/users [36m304[0m 1103.888 ms - -[0m
2026-09-19 11:09:56 [[32minfo[39m]: [0mGET /api/balance/getAllUserBalance [36m304[0m 379.500 ms - -[0m
2026-09-19 11:09:100 [[32minfo[39m]: [0mGET /api/balance/getAllUserBalance [36m304[0m 433.585 ms - -[0m
2026-09-19 11:09:98 [[32minfo[39m]: [0mGET /api/payment-history/ [36m304[0m 184.711 ms - -[0m
2026-09-19 11:09:16 [[32minfo[39m]: [0mGET /api/payment-history/ [36m304[0m 182.153 ms - -[0m
2026-09-19 11:09:47 [[32minfo[39m]: [0mGET /api/balance/getBalance/211 [36m304[0m 910.918 ms - -[0m
2026-09-19 11:09:19 [[32minfo[39m]: [0mGET /api/balance/getBalance/211 [36m304[0m 718.492 ms - -[0m
2026-09-19 11:09:16 [[32minfo[39m]: [0mGET /api/token/all [32m200[0m 249.239 ms - -[0m
2026-09-19 11:09:58 [[32minfo[39m]: [0mGET /api/token/all [36m304[0m 417.737 ms - -[0m
2026-09-19 11:09:44 [[32minfo[39m]: [0mGET /api/payment-history/ [36m304[0m 734.120 ms - -[0m
2026-09-19 11:09:70 [[32minfo[39m]: [0mGET /api/payment-history/ [36m304[0m 257.296 ms - -[0m
2026-09-19 11:09:47 [[32minfo[39m]: [0mGET /api/token/all/211 [36m304[0m 223.525 ms - -[0m
2026-09-19 11:09:65 [[32minfo[39m]: [0mGET /api/token/all/211 [36m304[0m 175.443 ms - -[0m
2026-09-19 11:09:26 [[32minfo[39m]: [0mGET /api/payment-history/ [36m304[0m 962.380 ms - -[0m
2026-09-19 11:09:54 [[32minfo[39m]: [0mGET /api/payment-history/ [36m304[0m 211.378 ms - -[0m
2026-09-19 11:09:70 [[32minfo[39m]: [0mGET /api/users/users [36m304[0m 216.030 ms - -[0m
2026-09-19 11:09:35 [[32minfo[39m]: [0mGET /api/payment-history/ [36m304[0m 739.374 ms - -[0m
2026-09-19 11:09:89 [[32minfo[39m]: [0mGET /api/payment-history/ [36m304[0m 906.826 ms - -[0m
2026-09-19 11:09:10 [[32minfo[39m]: [0mGET /api/payment-history/ [36m304[0m 213.032 ms - -[0m
2026-09-19 11:09:60 [[32minfo[39m]: [0mGET /api/payment-history/ [36m304[0m 337.455 ms - -[0m
2026-09-19 11:09:42 [[32minfo[39m]: [0mGET /api/users/users [36m304[0m 1115.259 ms - -[0m
2026-09-19 11:09:79 [[32minfo[39m]: [0mGET /api/token/all/211 [36m304[0m 244.478 ms - -[0m
2026-09-19 11:09:100 [[32minfo[39m]: [0mGET /api/token/all/211 [36m304[0m 202.657 ms - -[0m
2026-09-19 11:09:82 [[32minfo[39m]: [0mPUT /api/token/update [32m200[0m 5650.639 ms - -[0m
2026-09-19 11:09:43 [[32minfo[39m]: [0mGET /api/token/all/211 [32m200[0m 456.885 ms - -[0m
2026-09-19 11:09:62 [[32minfo[39m]: [0mPUT /api/token/confirm [32m200[0m 4552.229 ms - 61[0m
2026-09-19 11:09:00 [[32minfo[39m]: [0mGET /api/token/all/211 [32m200[0m 217.417 ms - -[0m
2026-09-19 11:09:14 [[32minfo[39m]: [0mGET /api/payment-history/ [32m200[0m 998.205 ms - 809[0m
2026-09-19 11:09:35 [[32minfo[39m]: [0mGET /api/payment-history/ [36m304[0m 203.125 ms - -[0m
2026-09-19 11:09:64 [[32minfo[39m]: [0mGET /api/token/all/211 [36m304[0m 1281.629 ms - -[0m
2026-09-19 11:09:89 [[32minfo[39m]: [0mGET /api/token/all/211 [36m304[0m 243.875 ms - -[0m
2026-09-19 11:09:93 [[32minfo[39m]: [0mPUT /api/token/update [32m200[0m 1827.203 ms - -[0m
2026-09-19 11:09:30 [[32minfo[39m]: [0mGET /api/token/all/211 [36m304[0m 204.282 ms - -[0m
2026-09-19 11:09:08 [[32minfo[39m]: [0mGET /api/users/users [36m304[0m 966.416 ms - -[0m
2026-09-19 11:09:37 [[32minfo[39m]: [0mGET /api/token/all/211 [36m304[0m 175.701 ms - -[0m
2026-09-19 11:09:25 [[32minfo[39m]: [0mPUT /api/token/update [32m200[0m 1747.655 ms - -[0m
2026-09-19 11:09:66 [[32minfo[39m]: [0mGET /api/token/all/211 [36m304[0m 178.724 ms - -[0m
2026-09-19 11:09:07 [[32minfo[39m]: [0mGET /api/users/users [36m304[0m 720.637 ms - -[0m
2026-09-19 11:09:40 [[32minfo[39m]: [0mGET /api/token/all/211 [36m304[0m 172.171 ms - -[0m
2026-09-19 11:09:62 [[32minfo[39m]: [0mPUT /api/token/confirm [32m200[0m 4399.428 ms - 61[0m
2026-09-19 11:09:08 [[32minfo[39m]: [0mGET /api/token/all/211 [32m200[0m 253.276 ms - -[0m
2026-09-19 11:09:46 [[32minfo[39m]: [0mPUT /api/token/update [32m200[0m 11390.478 ms - -[0m
2026-09-19 11:09:89 [[32minfo[39m]: [0mGET /api/token/all/211 [32m200[0m 194.904 ms - -[0m
2026-09-19 11:09:43 [[32minfo[39m]: [0mPUT /api/token/update [32m200[0m 2798.119 ms - -[0m
2026-09-19 11:09:83 [[32minfo[39m]: [0mGET /api/token/all/211 [36m304[0m 194.230 ms - -[0m
2026-09-19 11:09:11 [[32minfo[39m]: [0mPUT /api/token/confirm [32m200[0m 3415.477 ms - 61[0m
2026-09-19 11:09:54 [[32minfo[39m]: [0mGET /api/token/all/211 [32m200[0m 264.364 ms - -[0m
2026-09-19 12:09:84 [[32minfo[39m]: [0mGET /api/message/all [33m401[0m 1298.660 ms - 23[0m
2026-09-19 12:09:84 [[32minfo[39m]: [0mGET /api/users/users [33m401[0m 1318.957 ms - 23[0m
2026-09-19 12:09:94 [[32minfo[39m]: [0mGET /api/users/users [33m401[0m 93.028 ms - 23[0m
2026-09-19 12:09:94 [[32minfo[39m]: [0mGET /api/message/all [33m401[0m 97.424 ms - 23[0m
2026-09-19 12:09:27 [[32minfo[39m]: [0mGET /api/payment-history/ [33m401[0m 677.192 ms - 23[0m
2026-09-19 12:09:37 [[32minfo[39m]: [0mGET /api/payment-history/ [33m401[0m 95.071 ms - 23[0m
2026-09-19 12:09:54 [[32minfo[39m]: Login attempt by: asifandhi@gmail.com
2026-09-19 12:09:09 [[32minfo[39m]: Login success: asifandhi@gmail.com, role: admin
2026-09-19 12:09:09 [[32minfo[39m]: [0mPOST /api/auth/login [32m200[0m 552.125 ms - 199[0m
2026-09-19 12:09:88 [[32minfo[39m]: [0mGET /api/users/users [36m304[0m 217.091 ms - -[0m
2026-09-19 12:09:90 [[32minfo[39m]: [0mGET /api/message/all [36m304[0m 232.698 ms - -[0m
2026-09-19 12:09:15 [[32minfo[39m]: [0mGET /api/users/users [36m304[0m 267.441 ms - -[0m
2026-09-19 12:09:15 [[32minfo[39m]: [0mGET /api/message/all [36m304[0m 250.865 ms - -[0m
2026-09-19 12:09:81 [[32minfo[39m]: [0mGET /api/token/all/211 [36m304[0m 836.915 ms - -[0m
2026-09-19 12:09:40 [[32minfo[39m]: [0mGET /api/balance/getBalance/211 [36m304[0m 1426.881 ms - -[0m
2026-09-19 12:09:98 [[32minfo[39m]: [0mGET /api/payment-history/ [32m200[0m 208.688 ms - -[0m
2026-09-19 12:09:19 [[32minfo[39m]: [0mGET /api/payment-history/ [36m304[0m 209.568 ms - -[0m
2026-09-19 12:09:68 [[32minfo[39m]: [0mGET /api/balance/getAllUserBalance [36m304[0m 974.470 ms - -[0m
2026-09-19 12:09:07 [[32minfo[39m]: [0mGET /api/balance/getAllUserBalance [36m304[0m 384.899 ms - -[0m
2026-09-19 12:09:51 [[32minfo[39m]: [0mGET /api/token/all [32m200[0m 319.317 ms - -[0m
2026-09-19 12:09:83 [[32minfo[39m]: [0mGET /api/token/all [36m304[0m 316.741 ms - -[0m
2026-09-19 12:09:76 [[32minfo[39m]: [0mGET /api/token/all/211 [36m304[0m 759.554 ms - -[0m
2026-09-19 12:09:94 [[32minfo[39m]: [0mGET /api/token/all/211 [36m304[0m 179.849 ms - -[0m
2026-09-19 12:09:39 [[32minfo[39m]: [0mGET /api/token/all [36m304[0m 306.838 ms - -[0m
2026-09-19 12:09:14 [[32minfo[39m]: [0mGET /api/token/all [36m304[0m 1276.961 ms - -[0m
2026-09-19 12:09:43 [[32minfo[39m]: [0mGET /api/token/all [36m304[0m 283.423 ms - -[0m
2026-09-19 12:09:46 [[32minfo[39m]: [0mGET /api/token/all/211 [36m304[0m 227.344 ms - -[0m
2026-09-19 12:09:66 [[32minfo[39m]: [0mGET /api/token/all/211 [36m304[0m 195.608 ms - -[0m
2026-09-19 12:09:93 [[32minfo[39m]: [0mGET /api/token/all [36m304[0m 293.667 ms - -[0m
2026-09-19 12:09:77 [[32minfo[39m]: [0mGET /api/payment-history/ [36m304[0m 808.098 ms - -[0m
2026-09-19 12:09:94 [[32minfo[39m]: [0mGET /api/payment-history/ [36m304[0m 172.228 ms - -[0m
2026-09-19 12:09:10 [[32minfo[39m]: [0mGET /api/token/all/211 [36m304[0m 702.292 ms - -[0m
2026-09-19 12:09:27 [[32minfo[39m]: [0mGET /api/token/all/211 [36m304[0m 170.302 ms - -[0m
2026-09-19 12:09:61 [[32minfo[39m]: [0mGET /api/payment-history/ [36m304[0m 179.049 ms - -[0m
2026-09-19 12:09:84 [[32minfo[39m]: [0mGET /api/payment-history/ [36m304[0m 229.265 ms - -[0m
2026-09-19 12:09:33 [[32minfo[39m]: [0mGET /api/token/all [36m304[0m 863.386 ms - -[0m
2026-09-19 12:09:61 [[32minfo[39m]: [0mGET /api/token/all [36m304[0m 272.117 ms - -[0m
2026-09-19 12:09:67 [[32minfo[39m]: [0mGET /api/payment-history/ [36m304[0m 177.978 ms - -[0m
2026-09-19 12:09:87 [[32minfo[39m]: [0mGET /api/payment-history/ [36m304[0m 196.683 ms - -[0m
2026-09-19 12:09:65 [[32minfo[39m]: [0mGET /api/token/all [36m304[0m 1810.954 ms - -[0m
2026-09-19 12:09:04 [[32minfo[39m]: [0mGET /api/token/all [36m304[0m 383.552 ms - -[0m
2026-09-19 12:09:51 [[32minfo[39m]: [0mGET /api/payment-history/ [36m304[0m 472.783 ms - -[0m
2026-09-19 12:09:70 [[32minfo[39m]: [0mGET /api/payment-history/ [36m304[0m 185.241 ms - -[0m
2026-09-19 12:09:09 [[32minfo[39m]: [0mGET /api/balance/getAllUserBalance [36m304[0m 1255.871 ms - -[0m
2026-09-19 12:09:59 [[32minfo[39m]: [0mGET /api/balance/getAllUserBalance [36m304[0m 499.718 ms - -[0m
2026-09-19 12:09:99 [[32minfo[39m]: [0mGET /api/payment-history/ [36m304[0m 866.693 ms - -[0m
2026-09-19 12:09:16 [[32minfo[39m]: [0mGET /api/payment-history/ [36m304[0m 172.865 ms - -[0m
2026-09-19 12:09:01 [[32minfo[39m]: [0mGET /api/balance/getAllUserBalance [36m304[0m 846.719 ms - -[0m
2026-09-19 12:09:36 [[32minfo[39m]: [0mGET /api/balance/getAllUserBalance [36m304[0m 340.447 ms - -[0m
2026-09-19 12:09:85 [[32minfo[39m]: [0mGET /api/payment-history/ [36m304[0m 180.523 ms - -[0m
2026-09-19 12:09:03 [[32minfo[39m]: [0mGET /api/payment-history/ [36m304[0m 181.693 ms - -[0m
2026-09-19 12:09:75 [[32minfo[39m]: [0mGET /api/token/all [36m304[0m 252.332 ms - -[0m
2026-09-19 12:09:11 [[32minfo[39m]: [0mGET /api/token/all [36m304[0m 358.564 ms - -[0m
2026-09-19 12:09:69 [[32minfo[39m]: [0mGET /api/token/all/211 [36m304[0m 217.589 ms - -[0m
2026-09-19 12:09:90 [[32minfo[39m]: [0mGET /api/token/all/211 [36m304[0m 209.989 ms - -[0m
2026-09-19 12:09:02 [[32minfo[39m]: [0mGET /api/token/all [36m304[0m 294.438 ms - -[0m
2026-09-19 12:09:91 [[32minfo[39m]: [0mPOST /api/token/create [32m200[0m 1669.209 ms - -[0m
2026-09-19 12:09:16 [[32minfo[39m]: [0mGET /api/token/all/211 [32m200[0m 173.661 ms - -[0m
2026-09-19 12:09:40 [[32minfo[39m]: [0mPUT /api/token/update [32m200[0m 3427.574 ms - -[0m
2026-09-19 12:09:77 [[32minfo[39m]: [0mGET /api/token/all/211 [32m200[0m 202.253 ms - -[0m
2026-09-19 12:09:23 [[32minfo[39m]: [0mGET /api/token/all/211 [36m304[0m 787.022 ms - -[0m
2026-09-19 12:09:43 [[32minfo[39m]: [0mGET /api/token/all/211 [36m304[0m 201.444 ms - -[0m
2026-09-19 12:09:10 [[32minfo[39m]: [0mPUT /api/token/confirm [32m200[0m 2058.519 ms - 61[0m
2026-09-19 12:09:47 [[32minfo[39m]: [0mGET /api/token/all/211 [32m200[0m 193.717 ms - -[0m
2026-09-19 12:09:02 [[32minfo[39m]: [0mPUT /api/token/confirm [32m200[0m 2678.430 ms - 61[0m
2026-09-19 12:09:38 [[32minfo[39m]: [0mGET /api/token/all/211 [32m200[0m 178.364 ms - -[0m
2026-09-19 12:09:46 [[32minfo[39m]: [0mPUT /api/token/confirm [32m200[0m 2049.724 ms - 61[0m
2026-09-19 12:09:80 [[32minfo[39m]: [0mGET /api/token/all/211 [32m200[0m 171.687 ms - -[0m
2026-09-19 12:09:53 [[32minfo[39m]: [0mGET /api/payment-history/ [32m200[0m 167.013 ms - -[0m
2026-09-19 12:09:71 [[32minfo[39m]: [0mGET /api/payment-history/ [36m304[0m 181.177 ms - -[0m
2026-09-19 12:09:90 [[32minfo[39m]: [0mGET /api/payment-history/ [36m304[0m 877.359 ms - -[0m
2026-09-19 12:09:90 [[32minfo[39m]: [0mGET /api/users/users [36m304[0m 877.039 ms - -[0m
2026-09-19 12:09:97 [[32minfo[39m]: [0mGET /api/token/all/211 [36m304[0m 1962.019 ms - -[0m
2026-09-19 12:09:24 [[32minfo[39m]: [0mGET /api/token/all/211 [36m304[0m 265.631 ms - -[0m
2026-09-19 12:09:33 [[32minfo[39m]: [0mGET /api/token/all [32m200[0m 302.636 ms - -[0m
2026-09-19 12:09:79 [[32minfo[39m]: [0mPOST /api/token/create [32m200[0m 1226.441 ms - -[0m
2026-09-19 12:09:04 [[32minfo[39m]: [0mGET /api/token/all/211 [32m200[0m 163.689 ms - -[0m
2026-09-19 12:09:90 [[32minfo[39m]: [0mPUT /api/token/update [32m200[0m 2504.813 ms - -[0m
2026-09-19 12:09:28 [[32minfo[39m]: [0mGET /api/token/all/211 [32m200[0m 171.390 ms - -[0m
2026-09-19 12:09:65 [[32minfo[39m]: [0mPUT /api/token/confirm [32m200[0m 4276.928 ms - 61[0m
2026-09-19 12:09:18 [[32minfo[39m]: [0mGET /api/token/all/211 [32m200[0m 180.960 ms - -[0m
2026-09-19 13:09:25 [[32minfo[39m]: [0mPUT /api/token/update [32m200[0m 2946.687 ms - -[0m
2026-09-19 13:09:14 [[32minfo[39m]: [0mGET /api/token/all/211 [32m200[0m 170.883 ms - -[0m
2026-09-19 13:09:02 [[32minfo[39m]: [0mGET /api/users/users [36m304[0m 712.551 ms - -[0m
2026-09-19 13:09:03 [[32minfo[39m]: [0mGET /api/message/all [36m304[0m 722.824 ms - -[0m
2026-09-19 13:09:19 [[32minfo[39m]: [0mGET /api/users/users [36m304[0m 166.241 ms - -[0m
2026-09-19 13:09:22 [[32minfo[39m]: [0mGET /api/message/all [36m304[0m 180.384 ms - -[0m
2026-09-19 13:09:90 [[32minfo[39m]: [0mGET /api/payment-history/ [32m200[0m 215.286 ms - -[0m
2026-09-19 13:09:09 [[32minfo[39m]: [0mGET /api/payment-history/ [36m304[0m 185.697 ms - -[0m
2026-09-19 13:09:61 [[32minfo[39m]: [0mGET /api/token/all [32m200[0m 367.393 ms - -[0m
2026-09-19 13:09:99 [[32minfo[39m]: [0mGET /api/token/all [36m304[0m 370.406 ms - -[0m
2026-09-19 13:09:10 [[32minfo[39m]: [0mGET /api/payment-history/ [36m304[0m 193.967 ms - -[0m
2026-09-19 13:09:32 [[32minfo[39m]: [0mGET /api/payment-history/ [36m304[0m 215.765 ms - -[0m
2026-09-19 13:09:04 [[32minfo[39m]: [0mGET /api/payment-history/ [36m304[0m 264.057 ms - -[0m
2026-09-19 13:09:70 [[32minfo[39m]: [0mGET /api/users/users [36m304[0m 917.783 ms - -[0m
2026-09-19 13:09:39 [[32minfo[39m]: [0mGET /api/token/all [36m304[0m 506.006 ms - -[0m
2026-09-19 13:09:86 [[32minfo[39m]: [0mGET /api/token/all [36m304[0m 468.647 ms - -[0m
2026-09-19 13:09:46 [[32minfo[39m]: [0mGET /api/token/all/211 [36m304[0m 244.555 ms - -[0m
2026-09-19 13:09:74 [[32minfo[39m]: [0mGET /api/token/all/211 [36m304[0m 281.432 ms - -[0m
2026-09-19 13:09:46 [[32minfo[39m]: [0mGET /api/token/all [36m304[0m 260.164 ms - -[0m
2026-09-19 13:09:15 [[32minfo[39m]: [0mPOST /api/token/create [32m200[0m 1306.013 ms - -[0m
2026-09-19 13:09:42 [[32minfo[39m]: [0mGET /api/token/all/211 [32m200[0m 173.435 ms - -[0m
2026-09-19 13:09:36 [[32minfo[39m]: [0mPUT /api/token/update [32m200[0m 2889.631 ms - -[0m
2026-09-19 13:09:77 [[32minfo[39m]: [0mGET /api/token/all/211 [32m200[0m 174.770 ms - -[0m
2026-09-19 13:09:17 [[32minfo[39m]: [0mPUT /api/token/confirm [32m200[0m 2914.575 ms - 75[0m
2026-09-19 13:09:59 [[32minfo[39m]: [0mGET /api/token/all/211 [32m200[0m 183.293 ms - -[0m
2026-09-19 13:09:24 [[32minfo[39m]: [0mGET /api/users/users [36m304[0m 164.284 ms - -[0m
2026-09-19 13:09:42 [[32minfo[39m]: [0mGET /api/users/users [36m304[0m 169.757 ms - -[0m
2026-09-19 13:09:77 [[32minfo[39m]: [0mGET /api/message/all [36m304[0m 691.059 ms - -[0m
2026-09-19 13:09:94 [[32minfo[39m]: [0mGET /api/message/all [36m304[0m 167.937 ms - -[0m
2026-09-19 13:09:44 [[32minfo[39m]: [0mGET /api/payment-history/ [32m200[0m 186.498 ms - -[0m
2026-09-19 13:09:70 [[32minfo[39m]: [0mGET /api/payment-history/ [36m304[0m 181.574 ms - -[0m
2026-09-19 13:09:09 [[32minfo[39m]: [0mGET /api/balance/getAllUserBalance [33m401[0m 2221.796 ms - 23[0m
2026-09-19 13:09:09 [[32minfo[39m]: [0mGET /api/payment-history/ [33m401[0m 1562.080 ms - 23[0m
2026-09-19 13:09:34 [[32minfo[39m]: [0mGET /api/balance/getAllUserBalance [33m401[0m 81.521 ms - 23[0m
2026-09-19 13:09:39 [[32minfo[39m]: [0mGET /api/payment-history/ [33m401[0m 83.068 ms - 23[0m
2026-09-19 13:09:86 [[32minfo[39m]: Login attempt by: asifandhi@gmail.com
2026-09-19 13:09:37 [[32minfo[39m]: Login success: asifandhi@gmail.com, role: admin
2026-09-19 13:09:37 [[32minfo[39m]: [0mPOST /api/auth/login [32m200[0m 506.437 ms - 199[0m
2026-09-19 13:09:34 [[32minfo[39m]: [0mGET /api/users/users [36m304[0m 210.706 ms - -[0m
2026-09-19 13:09:40 [[32minfo[39m]: [0mGET /api/message/all [36m304[0m 256.971 ms - -[0m
2026-09-19 13:09:53 [[32minfo[39m]: [0mGET /api/users/users [36m304[0m 189.808 ms - -[0m
2026-09-19 13:09:59 [[32minfo[39m]: [0mGET /api/message/all [36m304[0m 184.433 ms - -[0m
2026-09-19 13:09:21 [[32minfo[39m]: [0mGET /api/token/all/211 [36m304[0m 726.779 ms - -[0m
2026-09-19 13:09:78 [[32minfo[39m]: [0mGET /api/balance/getBalance/211 [36m304[0m 1297.818 ms - -[0m
2026-09-19 13:09:65 [[32minfo[39m]: [0mGET /api/payment-history/ [36m304[0m 187.619 ms - -[0m
2026-09-19 13:09:89 [[32minfo[39m]: [0mGET /api/payment-history/ [36m304[0m 204.689 ms - -[0m
2026-09-19 13:09:44 [[32minfo[39m]: [0mGET /api/users/users [36m304[0m 950.641 ms - -[0m
2026-09-19 13:09:46 [[32minfo[39m]: [0mGET /api/payment-history/ [36m304[0m 966.458 ms - -[0m
2026-09-19 13:09:43 [[32minfo[39m]: [0mGET /api/balance/getAllUserBalance [36m304[0m 1262.352 ms - -[0m
2026-09-19 13:09:85 [[32minfo[39m]: [0mGET /api/balance/getAllUserBalance [36m304[0m 420.070 ms - -[0m
2026-09-19 13:09:29 [[32minfo[39m]: [0mGET /api/payment-history/ [36m304[0m 203.228 ms - -[0m
2026-09-19 13:09:47 [[32minfo[39m]: [0mGET /api/payment-history/ [36m304[0m 182.211 ms - -[0m
2026-09-19 13:09:40 [[32minfo[39m]: [0mGET /api/users/users [36m304[0m 684.918 ms - -[0m
2026-09-19 13:09:41 [[32minfo[39m]: [0mGET /api/payment-history/ [36m304[0m 692.905 ms - -[0m
2026-09-19 13:09:46 [[32minfo[39m]: [0mPOST /api/auth/logout [32m200[0m 434.597 ms - 46[0m
2026-09-19 13:09:53 [[32minfo[39m]: [0mPOST /api/auth/logout [33m401[0m 80.850 ms - 34[0m
2026-09-19 13:09:16 [[32minfo[39m]: Login attempt by: asifandhi@gmail.com
2026-09-19 13:09:51 [[32minfo[39m]: Login success: asifandhi@gmail.com, role: admin
2026-09-19 13:09:51 [[32minfo[39m]: [0mPOST /api/auth/login [32m200[0m 343.603 ms - 199[0m
2026-09-19 13:09:02 [[32minfo[39m]: [0mGET /api/users/users [36m304[0m 207.778 ms - -[0m
2026-09-19 13:09:10 [[32minfo[39m]: [0mGET /api/message/all [36m304[0m 263.771 ms - -[0m
2026-09-19 13:09:27 [[32minfo[39m]: [0mGET /api/users/users [36m304[0m 242.979 ms - -[0m
2026-09-19 13:09:32 [[32minfo[39m]: [0mGET /api/message/all [36m304[0m 214.311 ms - -[0m
2026-09-19 13:09:78 [[32minfo[39m]: [0mGET /api/token/all/211 [36m304[0m 696.687 ms - -[0m
2026-09-19 13:09:29 [[32minfo[39m]: [0mGET /api/balance/getBalance/211 [36m304[0m 1205.042 ms - -[0m
2026-09-19 13:09:54 [[32minfo[39m]: [0mGET /api/token/all/211 [36m304[0m 173.557 ms - -[0m
2026-09-19 13:09:74 [[32minfo[39m]: [0mGET /api/token/all/211 [36m304[0m 191.958 ms - -[0m
2026-09-19 13:09:56 [[32minfo[39m]: [0mGET /api/token/all [32m200[0m 252.248 ms - -[0m
2026-09-19 13:09:84 [[32minfo[39m]: [0mGET /api/token/all [36m304[0m 279.465 ms - -[0m
2026-09-19 13:09:53 [[32minfo[39m]: [0mGET /api/payment-history/ [36m304[0m 182.094 ms - -[0m
2026-09-19 13:09:78 [[32minfo[39m]: [0mGET /api/payment-history/ [36m304[0m 244.285 ms - -[0m
2026-09-19 13:09:67 [[32minfo[39m]: [0mGET /api/token/all/211 [36m304[0m 789.814 ms - -[0m
2026-09-19 13:09:84 [[32minfo[39m]: [0mGET /api/token/all/211 [36m304[0m 171.759 ms - -[0m
2026-09-19 13:09:31 [[32minfo[39m]: [0mGET /api/token/all [36m304[0m 258.369 ms - -[0m
2026-09-19 13:09:00 [[32minfo[39m]: [0mPOST /api/token/create [32m200[0m 1282.825 ms - -[0m
2026-09-19 13:09:42 [[32minfo[39m]: [0mGET /api/token/all/211 [32m200[0m 1336.888 ms - -[0m
2026-09-19 13:09:19 [[32minfo[39m]: [0mPUT /api/token/update [32m200[0m 2727.928 ms - -[0m
2026-09-19 13:09:60 [[32minfo[39m]: [0mGET /api/token/all/211 [32m200[0m 178.364 ms - -[0m
2026-09-19 13:09:61 [[32minfo[39m]: [0mPUT /api/token/confirm [32m200[0m 3173.022 ms - 75[0m
2026-09-19 13:09:98 [[32minfo[39m]: [0mGET /api/token/all/211 [32m200[0m 183.950 ms - -[0m
2026-09-19 13:09:83 [[32minfo[39m]: [0mGET /api/payment-history/ [32m200[0m 176.626 ms - -[0m
2026-09-19 13:09:00 [[32minfo[39m]: [0mGET /api/payment-history/ [36m304[0m 171.135 ms - -[0m
2026-09-19 13:09:41 [[32minfo[39m]: [0mGET /api/balance/getAllUserBalance [36m304[0m 4661.051 ms - -[0m
2026-09-19 13:09:92 [[32minfo[39m]: [0mGET /api/balance/getAllUserBalance [36m304[0m 509.524 ms - -[0m
2026-09-19 13:09:81 [[32minfo[39m]: [0mGET /api/payment-history/ [36m304[0m 185.272 ms - -[0m
2026-09-19 13:09:100 [[32minfo[39m]: [0mGET /api/payment-history/ [36m304[0m 188.129 ms - -[0m
2026-09-19 13:09:51 [[32minfo[39m]: [0mGET /api/token/all/211 [36m304[0m 1053.714 ms - -[0m
2026-09-19 13:09:73 [[32minfo[39m]: [0mGET /api/token/all/211 [36m304[0m 209.496 ms - -[0m
2026-09-19 13:09:61 [[32minfo[39m]: [0mGET /api/token/all/211 [36m304[0m 1026.253 ms - -[0m
2026-09-19 13:09:62 [[32minfo[39m]: [0mGET /api/message/all [36m304[0m 1035.614 ms - -[0m
2026-09-19 13:09:84 [[32minfo[39m]: [0mGET /api/token/all/211 [36m304[0m 202.081 ms - -[0m
2026-09-19 13:09:86 [[32minfo[39m]: [0mGET /api/balance/getBalance/211 [36m304[0m 1283.307 ms - -[0m
2026-09-19 13:09:86 [[32minfo[39m]: [0mGET /api/message/all [36m304[0m 221.013 ms - -[0m
2026-09-19 13:09:53 [[32minfo[39m]: [0mGET /api/balance/getBalance/211 [36m304[0m 665.367 ms - -[0m
2026-09-19 13:09:69 [[32minfo[39m]: [0mGET /api/users/users [36m304[0m 704.532 ms - -[0m
2026-09-19 13:09:75 [[32minfo[39m]: [0mGET /api/message/all [36m304[0m 750.860 ms - -[0m
2026-09-19 13:09:98 [[32minfo[39m]: [0mGET /api/token/all/211 [36m304[0m 188.401 ms - -[0m
2026-09-19 13:09:51 [[32minfo[39m]: [0mGET /api/balance/getBalance/211 [36m304[0m 721.762 ms - -[0m
2026-09-19 13:09:18 [[32minfo[39m]: [0mGET /api/token/all/211 [36m304[0m 182.906 ms - -[0m
2026-09-19 13:09:41 [[32minfo[39m]: [0mGET /api/token/all/211 [36m304[0m 219.456 ms - -[0m
2026-09-19 13:09:52 [[32minfo[39m]: [0mGET /api/token/all [32m200[0m 278.489 ms - -[0m
2026-09-19 13:09:20 [[32minfo[39m]: [0mPOST /api/token/create [32m200[0m 1321.608 ms - -[0m
2026-09-19 13:09:48 [[32minfo[39m]: [0mGET /api/token/all/211 [32m200[0m 180.094 ms - -[0m
2026-09-19 13:09:22 [[32minfo[39m]: [0mPUT /api/token/update [32m200[0m 2213.306 ms - -[0m
2026-09-19 13:09:66 [[32minfo[39m]: [0mGET /api/token/all/211 [32m200[0m 166.582 ms - -[0m
2026-09-19 13:09:63 [[32minfo[39m]: [0mPUT /api/token/confirm [32m200[0m 3210.365 ms - 75[0m
2026-09-19 13:09:01 [[32minfo[39m]: [0mGET /api/token/all/211 [32m200[0m 185.354 ms - -[0m
2026-09-19 13:09:97 [[32minfo[39m]: [0mGET /api/payment-history/ [32m200[0m 179.281 ms - -[0m
2026-09-19 13:09:16 [[32minfo[39m]: [0mGET /api/payment-history/ [36m304[0m 180.155 ms - -[0m
2026-09-19 13:09:83 [[32minfo[39m]: [0mGET /api/balance/getAllUserBalance [36m304[0m 1104.655 ms - -[0m
2026-09-19 13:09:20 [[32minfo[39m]: [0mGET /api/balance/getAllUserBalance [36m304[0m 368.815 ms - -[0m
2026-09-19 13:09:91 [[32minfo[39m]: [0mGET /api/payment-history/ [36m304[0m 753.290 ms - -[0m
2026-09-19 13:09:09 [[32minfo[39m]: [0mGET /api/payment-history/ [36m304[0m 170.355 ms - -[0m
2026-09-19 13:09:68 [[32minfo[39m]: [0mGET /api/token/all/211 [36m304[0m 179.987 ms - -[0m
2026-09-19 13:09:92 [[32minfo[39m]: [0mGET /api/token/all/211 [36m304[0m 237.030 ms - -[0m
2026-09-19 13:09:44 [[32minfo[39m]: [0mGET /api/token/all [32m200[0m 309.055 ms - -[0m
2026-09-19 13:09:91 [[32minfo[39m]: [0mPOST /api/token/create [32m200[0m 1305.811 ms - -[0m
2026-09-19 13:09:17 [[32minfo[39m]: [0mGET /api/token/all/211 [32m200[0m 178.136 ms - -[0m
2026-09-19 13:09:04 [[32minfo[39m]: [0mGET /api/token/all [32m200[0m 251.238 ms - -[0m
2026-09-19 13:09:91 [[32minfo[39m]: [0mPUT /api/token/update [32m200[0m 2227.150 ms - -[0m
2026-09-19 13:09:29 [[32minfo[39m]: [0mGET /api/token/all/211 [32m200[0m 165.748 ms - -[0m
2026-09-19 13:09:24 [[32minfo[39m]: [0mPUT /api/token/confirm [32m200[0m 3345.984 ms - 75[0m
2026-09-19 13:09:64 [[32minfo[39m]: [0mGET /api/token/all/211 [32m200[0m 190.748 ms - -[0m
2026-09-19 13:09:91 [[32minfo[39m]: [0mGET /api/payment-history/ [32m200[0m 180.453 ms - -[0m
2026-09-19 13:09:10 [[32minfo[39m]: [0mGET /api/payment-history/ [36m304[0m 178.687 ms - -[0m
2026-09-19 13:09:12 [[32minfo[39m]: [0mGET /api/balance/getBalance/211 [36m304[0m 2299.291 ms - -[0m
2026-09-19 13:09:14 [[32minfo[39m]: [0mGET /api/payment-history/ [36m304[0m 770.575 ms - -[0m
2026-09-19 13:09:32 [[32minfo[39m]: [0mGET /api/payment-history/ [36m304[0m 175.867 ms - -[0m
2026-09-19 13:09:77 [[32minfo[39m]: [0mGET /api/balance/getBalance/211 [36m304[0m 650.557 ms - -[0m
2026-09-19 13:09:12 [[32minfo[39m]: [0mGET /api/token/all [32m200[0m 429.962 ms - -[0m
2026-09-19 13:09:48 [[32minfo[39m]: [0mGET /api/token/all [36m304[0m 355.386 ms - -[0m
2026-09-19 13:09:09 [[32minfo[39m]: [0mGET /api/token/all/211 [36m304[0m 169.091 ms - -[0m
2026-09-19 13:09:29 [[32minfo[39m]: [0mGET /api/token/all/211 [36m304[0m 195.298 ms - -[0m
2026-09-19 13:09:06 [[32minfo[39m]: [0mGET /api/token/all [36m304[0m 251.956 ms - -[0m
2026-09-19 13:09:68 [[32minfo[39m]: [0mPOST /api/token/create [32m200[0m 1270.016 ms - -[0m
2026-09-19 13:09:92 [[32minfo[39m]: [0mGET /api/token/all/211 [32m200[0m 174.195 ms - -[0m
2026-09-19 13:09:06 [[32minfo[39m]: [0mGET /api/token/all [32m200[0m 250.576 ms - -[0m
2026-09-19 13:09:11 [[32minfo[39m]: [0mPUT /api/token/update [32m200[0m 2720.002 ms - -[0m
2026-09-19 13:09:52 [[32minfo[39m]: [0mGET /api/token/all/211 [32m200[0m 168.901 ms - -[0m
2026-09-19 13:09:48 [[32minfo[39m]: [0mPUT /api/token/confirm [32m200[0m 3269.235 ms - 75[0m
2026-09-19 13:09:89 [[32minfo[39m]: [0mGET /api/token/all/211 [32m200[0m 179.091 ms - -[0m
2026-09-19 13:09:80 [[32minfo[39m]: [0mGET /api/payment-history/ [32m200[0m 187.173 ms - -[0m
2026-09-19 13:09:99 [[32minfo[39m]: [0mGET /api/payment-history/ [36m304[0m 183.565 ms - -[0m
2026-09-19 13:09:52 [[32minfo[39m]: [0mGET /api/users/users [36m304[0m 697.994 ms - -[0m
2026-09-19 13:09:54 [[32minfo[39m]: [0mGET /api/payment-history/ [36m304[0m 719.289 ms - -[0m
2026-09-19 13:09:34 [[32minfo[39m]: [0mGET /api/token/all/211 [36m304[0m 279.080 ms - -[0m
2026-09-19 13:09:59 [[32minfo[39m]: [0mGET /api/token/all/211 [36m304[0m 250.082 ms - -[0m
2026-09-19 13:09:32 [[32minfo[39m]: [0mGET /api/users/users [36m304[0m 703.346 ms - -[0m
2026-09-19 13:09:60 [[32minfo[39m]: [0mGET /api/token/all/211 [36m304[0m 176.155 ms - -[0m
2026-09-19 13:09:21 [[32minfo[39m]: [0mGET /api/payment-history/ [36m304[0m 183.168 ms - -[0m
2026-09-19 13:09:38 [[32minfo[39m]: [0mGET /api/payment-history/ [36m304[0m 171.165 ms - -[0m
2026-09-19 13:09:78 [[32minfo[39m]: [0mGET /api/token/all/211 [36m304[0m 165.869 ms - -[0m
2026-09-19 13:09:95 [[32minfo[39m]: [0mGET /api/token/all/211 [36m304[0m 164.941 ms - -[0m
2026-09-19 13:09:56 [[32minfo[39m]: [0mGET /api/token/all [32m200[0m 247.072 ms - -[0m
2026-09-19 13:09:66 [[32minfo[39m]: [0mPOST /api/token/create [32m200[0m 1350.276 ms - -[0m
2026-09-19 13:09:99 [[32minfo[39m]: [0mGET /api/token/all/211 [32m200[0m 176.386 ms - -[0m
2026-09-19 13:09:08 [[32minfo[39m]: [0mPUT /api/token/update [32m200[0m 2792.514 ms - -[0m
2026-09-19 13:09:51 [[32minfo[39m]: [0mGET /api/token/all/211 [32m200[0m 182.683 ms - -[0m
2026-09-19 13:09:37 [[32minfo[39m]: [0mPUT /api/token/confirm [32m200[0m 4865.650 ms - 75[0m
2026-09-19 13:09:87 [[32minfo[39m]: [0mGET /api/token/all/211 [32m200[0m 275.005 ms - -[0m
2026-09-19 13:09:24 [[32minfo[39m]: [0mGET /api/payment-history/ [32m200[0m 2483.388 ms - -[0m
2026-09-19 13:09:50 [[32minfo[39m]: [0mGET /api/payment-history/ [36m304[0m 259.653 ms - -[0m
2026-09-19 13:09:20 [[32minfo[39m]: [0mGET /api/payment-history/ [36m304[0m 829.494 ms - -[0m
2026-09-19 13:09:24 [[32minfo[39m]: [0mGET /api/users/users [36m304[0m 858.527 ms - -[0m
2026-09-19 13:09:56 [[32minfo[39m]: [0mGET /api/payment-history/ [36m304[0m 1326.003 ms - -[0m
2026-09-19 13:09:56 [[32minfo[39m]: [0mGET /api/users/users [36m304[0m 1317.630 ms - -[0m
2026-09-19 13:09:63 [[32minfo[39m]: [0mGET /api/token/all/211 [36m304[0m 194.267 ms - -[0m
2026-09-19 13:09:89 [[32minfo[39m]: [0mGET /api/token/all/211 [36m304[0m 262.973 ms - -[0m
2026-09-19 13:09:45 [[32minfo[39m]: [0mGET /api/token/all [32m200[0m 391.416 ms - -[0m
2026-09-19 13:09:43 [[32minfo[39m]: [0mPOST /api/token/create [32m200[0m 1387.581 ms - -[0m
2026-09-19 13:09:72 [[32minfo[39m]: [0mGET /api/token/all/211 [32m200[0m 201.588 ms - -[0m
2026-09-19 13:09:55 [[32minfo[39m]: [0mPUT /api/token/update [32m200[0m 3091.564 ms - -[0m
2026-09-19 13:09:99 [[32minfo[39m]: [0mGET /api/token/all/211 [32m200[0m 183.282 ms - -[0m
2026-09-19 13:09:86 [[32minfo[39m]: [0mPUT /api/token/confirm [32m200[0m 3936.588 ms - 75[0m
2026-09-19 13:09:31 [[32minfo[39m]: [0mGET /api/token/all/211 [32m200[0m 190.872 ms - -[0m
2026-09-19 13:09:34 [[32minfo[39m]: [0mGET /api/payment-history/ [32m200[0m 2183.827 ms - -[0m
2026-09-19 13:09:73 [[32minfo[39m]: [0mGET /api/payment-history/ [36m304[0m 374.918 ms - -[0m
2026-09-19 13:09:89 [[32minfo[39m]: [0mGET /api/users/users [36m304[0m 935.771 ms - -[0m
2026-09-19 13:09:94 [[32minfo[39m]: [0mGET /api/payment-history/ [36m304[0m 992.753 ms - -[0m
2026-09-19 13:09:64 [[32minfo[39m]: [0mGET /api/token/all/211 [36m304[0m 749.745 ms - -[0m
2026-09-19 13:09:84 [[32minfo[39m]: [0mGET /api/token/all/211 [36m304[0m 190.333 ms - -[0m
2026-09-19 13:09:94 [[32minfo[39m]: [0mGET /api/token/all [32m200[0m 257.817 ms - -[0m
2026-09-19 13:09:40 [[32minfo[39m]: [0mPOST /api/token/create [32m200[0m 634.941 ms - -[0m
2026-09-19 13:09:67 [[32minfo[39m]: [0mGET /api/token/all/211 [32m200[0m 187.389 ms - -[0m
2026-09-19 13:09:48 [[32minfo[39m]: [0mPUT /api/token/update [32m200[0m 2251.796 ms - -[0m
2026-09-19 13:09:06 [[32minfo[39m]: [0mGET /api/token/all/211 [32m200[0m 240.149 ms - -[0m
2026-09-19 13:09:36 [[32minfo[39m]: [0mGET /api/token/all [32m200[0m 1340.685 ms - -[0m
2026-09-19 13:09:59 [[32minfo[39m]: [0mPOST /api/token/create [32m200[0m 919.494 ms - -[0m
2026-09-19 13:09:92 [[32minfo[39m]: [0mGET /api/token/all/211 [32m200[0m 270.166 ms - -[0m
2026-09-19 13:09:45 [[32minfo[39m]: [0mGET /api/token/all/211 [36m304[0m 220.238 ms - -[0m
2026-09-19 13:09:74 [[32minfo[39m]: [0mGET /api/token/all/211 [36m304[0m 282.863 ms - -[0m
2026-09-19 13:09:02 [[32minfo[39m]: [0mGET /api/message/all [36m304[0m 757.831 ms - -[0m
2026-09-19 13:09:20 [[32minfo[39m]: [0mGET /api/message/all [36m304[0m 177.700 ms - -[0m
2026-09-19 13:09:64 [[32minfo[39m]: [0mGET /api/balance/getBalance/211 [36m304[0m 1400.318 ms - -[0m
2026-09-19 13:09:38 [[32minfo[39m]: [0mGET /api/balance/getBalance/211 [36m304[0m 736.264 ms - -[0m
2026-09-19 13:09:64 [[32minfo[39m]: [0mGET /api/token/all/211 [36m304[0m 195.547 ms - -[0m
2026-09-19 13:09:96 [[32minfo[39m]: [0mGET /api/token/all/211 [36m304[0m 320.085 ms - -[0m
2026-09-19 13:09:53 [[32minfo[39m]: [0mPUT /api/token/update [32m200[0m 3269.975 ms - -[0m
2026-09-19 13:09:02 [[32minfo[39m]: [0mGET /api/token/all/211 [32m200[0m 241.711 ms - -[0m
2026-09-19 13:09:18 [[32minfo[39m]: [0mGET /api/users/users [36m304[0m 365.475 ms - -[0m
2026-09-19 13:09:54 [[32minfo[39m]: [0mGET /api/token/all/211 [36m304[0m 258.056 ms - -[0m
2026-09-19 13:09:61 [[32minfo[39m]: [0mGET /api/token/all [32m200[0m 487.867 ms - -[0m
2026-09-19 13:09:79 [[32minfo[39m]: [0mPOST /api/token/create [32m200[0m 697.194 ms - -[0m
2026-09-19 13:09:04 [[32minfo[39m]: [0mGET /api/token/all/211 [32m200[0m 179.570 ms - -[0m
2026-09-19 13:09:42 [[32minfo[39m]: [0mPUT /api/token/update [32m200[0m 2964.604 ms - -[0m
2026-09-19 13:09:88 [[32minfo[39m]: [0mGET /api/token/all/211 [32m200[0m 200.088 ms - -[0m
2026-09-19 13:09:32 [[32minfo[39m]: [0mGET /api/message/all [36m304[0m 1231.116 ms - -[0m
2026-09-19 13:09:33 [[32minfo[39m]: [0mGET /api/token/all/211 [36m304[0m 1247.272 ms - -[0m
2026-09-19 13:09:52 [[32minfo[39m]: [0mGET /api/message/all [36m304[0m 197.069 ms - -[0m
2026-09-19 13:09:53 [[32minfo[39m]: [0mGET /api/token/all/211 [36m304[0m 195.669 ms - -[0m
2026-09-19 13:09:88 [[32minfo[39m]: [0mGET /api/balance/getBalance/211 [32m200[0m 1801.679 ms - 417[0m
2026-09-19 13:09:66 [[32minfo[39m]: [0mGET /api/balance/getBalance/211 [36m304[0m 771.335 ms - -[0m
2026-09-19 14:09:21 [[32minfo[39m]: [0mGET /api/token/all/211 [36m304[0m 380.363 ms - -[0m
2026-09-19 14:09:47 [[32minfo[39m]: [0mGET /api/token/all/211 [36m304[0m 253.396 ms - -[0m
2026-09-19 14:09:23 [[32minfo[39m]: [0mGET /api/users/users [36m304[0m 285.849 ms - -[0m
2026-09-19 14:09:68 [[32minfo[39m]: [0mGET /api/token/all/211 [36m304[0m 321.615 ms - -[0m
2026-09-19 14:09:39 [[32minfo[39m]: [0mGET /api/token/all [32m200[0m 368.045 ms - -[0m
2026-09-19 14:09:43 [[32minfo[39m]: [0mPOST /api/token/create [32m200[0m 893.714 ms - -[0m
2026-09-19 14:09:88 [[32minfo[39m]: [0mGET /api/token/all/211 [32m200[0m 290.751 ms - -[0m
2026-09-19 14:09:80 [[32minfo[39m]: [0mPUT /api/token/update [32m200[0m 2991.714 ms - -[0m
2026-09-19 14:09:30 [[32minfo[39m]: [0mGET /api/token/all/211 [32m200[0m 194.130 ms - -[0m
2026-09-19 14:09:15 [[32minfo[39m]: [0mGET /api/token/all/211 [36m304[0m 369.151 ms - -[0m
2026-09-19 14:09:46 [[32minfo[39m]: [0mGET /api/token/all/211 [36m304[0m 308.449 ms - -[0m
2026-09-19 14:09:96 [[32minfo[39m]: [0mGET /api/message/all [36m304[0m 1165.295 ms - -[0m
2026-09-19 14:09:15 [[32minfo[39m]: [0mGET /api/message/all [36m304[0m 184.563 ms - -[0m
2026-09-19 14:09:52 [[32minfo[39m]: [0mGET /api/balance/getBalance/211 [32m200[0m 1726.286 ms - 417[0m
2026-09-19 14:09:26 [[32minfo[39m]: [0mGET /api/balance/getBalance/211 [36m304[0m 743.222 ms - -[0m
2026-09-19 14:09:67 [[32minfo[39m]: [0mGET /api/token/all/211 [36m304[0m 180.011 ms - -[0m
2026-09-19 14:09:94 [[32minfo[39m]: [0mGET /api/token/all/211 [36m304[0m 266.070 ms - -[0m
2026-09-19 14:09:32 [[32minfo[39m]: [0mGET /api/token/all/211 [36m304[0m 748.842 ms - -[0m
2026-09-19 14:09:33 [[32minfo[39m]: [0mGET /api/message/all [36m304[0m 751.142 ms - -[0m
2026-09-19 14:09:53 [[32minfo[39m]: [0mGET /api/token/all/211 [36m304[0m 195.530 ms - -[0m
2026-09-19 14:09:53 [[32minfo[39m]: [0mGET /api/message/all [36m304[0m 197.435 ms - -[0m
2026-09-19 14:09:89 [[32minfo[39m]: [0mGET /api/balance/getBalance/211 [36m304[0m 1314.035 ms - -[0m
2026-09-19 14:09:56 [[32minfo[39m]: [0mGET /api/balance/getBalance/211 [36m304[0m 674.978 ms - -[0m
2026-09-19 14:09:55 [[32minfo[39m]: [0mGET /api/token/all [32m200[0m 322.497 ms - -[0m
2026-09-19 14:09:98 [[32minfo[39m]: [0mGET /api/token/all [36m304[0m 430.320 ms - -[0m
2026-09-19 14:09:09 [[32minfo[39m]: [0mGET /api/message/all [36m304[0m 194.816 ms - -[0m
2026-09-19 14:09:10 [[32minfo[39m]: [0mGET /api/token/all/211 [36m304[0m 204.413 ms - -[0m
2026-09-19 14:09:31 [[32minfo[39m]: [0mGET /api/token/all/211 [36m304[0m 203.659 ms - -[0m
2026-09-19 14:09:31 [[32minfo[39m]: [0mGET /api/message/all [36m304[0m 211.573 ms - -[0m
2026-09-19 14:09:68 [[32minfo[39m]: [0mGET /api/balance/getBalance/211 [36m304[0m 789.570 ms - -[0m
2026-09-19 14:09:42 [[32minfo[39m]: [0mGET /api/balance/getBalance/211 [36m304[0m 740.788 ms - -[0m
2026-09-19 14:09:34 [[32minfo[39m]: [0mGET /api/token/all/211 [36m304[0m 184.292 ms - -[0m
2026-09-19 14:09:63 [[32minfo[39m]: [0mGET /api/token/all/211 [36m304[0m 293.060 ms - -[0m
2026-09-19 14:09:72 [[32minfo[39m]: [0mPUT /api/token/confirm [32m200[0m 4187.665 ms - 75[0m
2026-09-19 14:09:30 [[32minfo[39m]: [0mGET /api/token/all/211 [32m200[0m 264.973 ms - -[0m
2026-09-19 14:09:99 [[32minfo[39m]: [0mGET /api/payment-history/ [32m200[0m 489.656 ms - -[0m
2026-09-19 14:09:33 [[32minfo[39m]: [0mGET /api/payment-history/ [36m304[0m 341.102 ms - -[0m
2026-09-19 14:09:09 [[32minfo[39m]: [0mGET /api/balance/getBalance/211 [36m304[0m 1696.101 ms - -[0m
2026-09-19 14:09:79 [[32minfo[39m]: [0mGET /api/balance/getBalance/211 [36m304[0m 690.586 ms - -[0m
2026-09-19 14:09:39 [[32minfo[39m]: [0mGET /api/token/all/211 [36m304[0m 200.710 ms - -[0m
2026-09-19 14:09:59 [[32minfo[39m]: [0mGET /api/token/all/211 [36m304[0m 194.194 ms - -[0m
2026-09-19 14:09:82 [[32minfo[39m]: [0mPUT /api/token/update [32m200[0m 1811.671 ms - -[0m
2026-09-19 14:09:37 [[32minfo[39m]: [0mGET /api/token/all/211 [32m200[0m 178.884 ms - -[0m
2026-09-19 14:09:20 [[32minfo[39m]: [0mPUT /api/token/update [32m200[0m 1320.422 ms - -[0m
2026-09-19 14:09:70 [[32minfo[39m]: [0mGET /api/token/all/211 [36m304[0m 181.672 ms - -[0m
2026-09-19 14:09:65 [[32minfo[39m]: [0mGET /api/users/users [36m304[0m 262.049 ms - -[0m
2026-09-19 14:09:02 [[32minfo[39m]: [0mGET /api/token/all/211 [36m304[0m 250.200 ms - -[0m
2026-09-19 14:09:70 [[32minfo[39m]: [0mGET /api/message/all [36m304[0m 918.985 ms - -[0m
2026-09-19 14:09:73 [[32minfo[39m]: [0mGET /api/balance/getBalance/211 [36m304[0m 970.765 ms - -[0m
2026-09-19 14:09:77 [[32minfo[39m]: [0mGET /api/token/all/211 [36m304[0m 1000.855 ms - -[0m
2026-09-19 14:09:87 [[32minfo[39m]: [0mGET /api/message/all [36m304[0m 176.584 ms - -[0m
2026-09-19 14:09:96 [[32minfo[39m]: [0mGET /api/token/all/211 [36m304[0m 184.517 ms - -[0m
2026-09-19 14:09:38 [[32minfo[39m]: [0mGET /api/balance/getBalance/211 [36m304[0m 652.040 ms - -[0m
2026-09-19 14:09:74 [[32minfo[39m]: [0mGET /api/users/users [36m304[0m 181.571 ms - -[0m
2026-09-19 14:09:74 [[32minfo[39m]: [0mGET /api/message/all [36m304[0m 187.281 ms - -[0m
2026-09-19 14:09:07 [[32minfo[39m]: [0mGET /api/token/all/211 [36m304[0m 249.024 ms - -[0m
2026-09-19 14:09:79 [[32minfo[39m]: [0mGET /api/balance/getBalance/211 [36m304[0m 969.119 ms - -[0m
2026-09-19 14:09:34 [[32minfo[39m]: [0mGET /api/token/all/211 [36m304[0m 186.598 ms - -[0m
2026-09-19 14:09:64 [[32minfo[39m]: [0mGET /api/token/all/211 [36m304[0m 289.803 ms - -[0m
2026-09-19 14:09:12 [[32minfo[39m]: [0mGET /api/token/all [32m200[0m 301.785 ms - -[0m
2026-09-19 14:09:31 [[32minfo[39m]: [0mPOST /api/token/create [32m200[0m 1131.134 ms - -[0m
2026-09-19 14:09:57 [[32minfo[39m]: [0mGET /api/token/all/211 [32m200[0m 184.292 ms - -[0m
2026-09-19 14:09:92 [[32minfo[39m]: [0mPUT /api/token/update [32m200[0m 1831.464 ms - -[0m
2026-09-19 14:09:42 [[32minfo[39m]: [0mGET /api/token/all/211 [32m200[0m 177.279 ms - -[0m
2026-09-19 14:09:16 [[32minfo[39m]: [0mPUT /api/token/confirm [32m200[0m 2374.166 ms - 75[0m
2026-09-19 14:09:64 [[32minfo[39m]: [0mGET /api/token/all/211 [32m200[0m 171.777 ms - -[0m
2026-09-19 14:09:22 [[32minfo[39m]: [0mGET /api/token/all [32m200[0m 260.459 ms - -[0m
2026-09-19 14:09:50 [[32minfo[39m]: [0mGET /api/balance/getBalance/211 [32m200[0m 681.741 ms - 417[0m
2026-09-19 14:09:54 [[32minfo[39m]: [0mGET /api/token/all/211 [36m304[0m 708.381 ms - -[0m
2026-09-19 14:09:55 [[32minfo[39m]: [0mGET /api/message/all [36m304[0m 706.562 ms - -[0m
2026-09-19 14:09:73 [[32minfo[39m]: [0mGET /api/message/all [36m304[0m 183.126 ms - -[0m
2026-09-19 14:09:74 [[32minfo[39m]: [0mGET /api/token/all/211 [36m304[0m 196.820 ms - -[0m
2026-09-19 14:09:16 [[32minfo[39m]: [0mGET /api/balance/getBalance/211 [36m304[0m 657.474 ms - -[0m
2026-09-19 14:09:83 [[32minfo[39m]: [0mGET /api/token/all/211 [36m304[0m 403.856 ms - -[0m
2026-09-19 14:09:12 [[32minfo[39m]: [0mGET /api/token/all/211 [36m304[0m 292.358 ms - -[0m
2026-09-19 14:09:89 [[32minfo[39m]: [0mGET /api/token/all [36m304[0m 402.634 ms - -[0m
2026-09-19 14:09:05 [[32minfo[39m]: [0mPOST /api/token/create [32m200[0m 974.795 ms - -[0m
2026-09-19 14:09:37 [[32minfo[39m]: [0mGET /api/token/all/211 [32m200[0m 222.269 ms - -[0m
2026-09-19 14:09:16 [[32minfo[39m]: [0mGET /api/token/all [32m200[0m 269.715 ms - -[0m
2026-09-19 14:09:41 [[32minfo[39m]: [0mPOST /api/token/create [32m200[0m 692.953 ms - -[0m
2026-09-19 14:09:69 [[32minfo[39m]: [0mGET /api/token/all/211 [32m200[0m 199.953 ms - -[0m
2026-09-19 14:09:68 [[32minfo[39m]: [0mPUT /api/token/update [32m200[0m 1742.662 ms - -[0m
2026-09-19 14:09:15 [[32minfo[39m]: [0mGET /api/token/all/211 [32m200[0m 170.450 ms - -[0m
2026-09-19 14:09:87 [[32minfo[39m]: [0mPUT /api/token/update [32m200[0m 2217.505 ms - -[0m
2026-09-19 14:09:38 [[32minfo[39m]: [0mGET /api/token/all/211 [32m200[0m 190.725 ms - -[0m
2026-09-19 14:09:34 [[32minfo[39m]: [0mPUT /api/token/confirm [32m200[0m 2454.001 ms - 75[0m
2026-09-19 14:09:84 [[32minfo[39m]: [0mGET /api/token/all/211 [32m200[0m 179.557 ms - -[0m
2026-09-19 14:09:55 [[32minfo[39m]: [0mGET /api/token/all/211 [36m304[0m 180.116 ms - -[0m
2026-09-19 14:09:72 [[32minfo[39m]: [0mGET /api/token/all/211 [36m304[0m 173.862 ms - -[0m
2026-09-19 14:09:78 [[32minfo[39m]: [0mGET /api/payment-history/ [32m200[0m 879.024 ms - -[0m
2026-09-19 14:09:02 [[32minfo[39m]: [0mGET /api/payment-history/ [36m304[0m 235.726 ms - -[0m
2026-09-19 14:09:49 [[32minfo[39m]: [0mGET /api/token/all [32m200[0m 1320.746 ms - -[0m
2026-09-19 14:09:79 [[32minfo[39m]: [0mGET /api/token/all [36m304[0m 292.862 ms - -[0m
2026-09-19 14:09:85 [[32minfo[39m]: [0mGET /api/payment-history/ [36m304[0m 266.515 ms - -[0m
2026-09-19 14:09:05 [[32minfo[39m]: [0mGET /api/payment-history/ [36m304[0m 194.481 ms - -[0m
2026-09-19 14:09:04 [[32minfo[39m]: [0mGET /api/balance/getAllUserBalance [32m200[0m 507.945 ms - 464[0m
2026-09-19 14:09:59 [[32minfo[39m]: [0mGET /api/balance/getAllUserBalance [36m304[0m 548.265 ms - -[0m
2026-09-19 14:09:80 [[32minfo[39m]: [0mGET /api/payment-history/ [36m304[0m 289.157 ms - -[0m
2026-09-19 14:09:00 [[32minfo[39m]: [0mGET /api/payment-history/ [36m304[0m 195.391 ms - -[0m
2026-09-19 14:09:88 [[32minfo[39m]: [0mGET /api/message/all [36m304[0m 837.693 ms - -[0m
2026-09-19 14:09:89 [[32minfo[39m]: [0mGET /api/token/all/211 [36m304[0m 854.606 ms - -[0m
2026-09-19 14:09:90 [[32minfo[39m]: [0mGET /api/balance/getBalance/211 [32m200[0m 860.036 ms - 418[0m
2026-09-19 14:09:05 [[32minfo[39m]: [0mGET /api/message/all [36m304[0m 164.296 ms - -[0m
2026-09-19 14:09:10 [[32minfo[39m]: [0mGET /api/token/all/211 [36m304[0m 199.591 ms - -[0m
2026-09-19 14:09:64 [[32minfo[39m]: [0mGET /api/balance/getBalance/211 [36m304[0m 739.520 ms - -[0m
2026-09-19 14:09:56 [[32minfo[39m]: [0mGET /api/payment-history/ [36m304[0m 372.925 ms - -[0m
2026-09-19 14:09:81 [[32minfo[39m]: [0mGET /api/payment-history/ [36m304[0m 247.014 ms - -[0m
2026-09-19 14:09:75 [[32minfo[39m]: [0mGET /api/payment-history/ [36m304[0m 386.674 ms - -[0m
2026-09-19 14:09:33 [[32minfo[39m]: [0mGET /api/users/users [36m304[0m 967.880 ms - -[0m
2026-09-19 14:09:33 [[32minfo[39m]: [0mGET /api/token/all/211 [36m304[0m 201.870 ms - -[0m
2026-09-19 14:09:63 [[32minfo[39m]: [0mGET /api/token/all/211 [36m304[0m 297.332 ms - -[0m
2026-09-19 14:09:17 [[32minfo[39m]: [0mGET /api/token/all [36m304[0m 272.142 ms - -[0m
2026-09-19 14:09:43 [[32minfo[39m]: [0mPUT /api/token/confirm [32m200[0m 3152.485 ms - 75[0m
2026-09-19 14:09:96 [[32minfo[39m]: [0mGET /api/token/all/211 [32m200[0m 191.782 ms - -[0m
2026-09-19 14:09:68 [[32minfo[39m]: [0mGET /api/payment-history/ [32m200[0m 284.317 ms - -[0m
2026-09-19 14:09:99 [[32minfo[39m]: [0mGET /api/payment-history/ [36m304[0m 314.504 ms - -[0m
2026-09-19 14:09:59 [[32minfo[39m]: [0mGET /api/token/all/211 [33m401[0m 151.717 ms - 23[0m
2026-09-19 14:09:70 [[32minfo[39m]: [0mGET /api/token/all/211 [33m401[0m 102.279 ms - 23[0m
2026-09-19 14:09:52 [[32minfo[39m]: Login attempt by: asifandhi@gmail.com
2026-09-19 14:09:95 [[32minfo[39m]: Login success: asifandhi@gmail.com, role: admin
2026-09-19 14:09:95 [[32minfo[39m]: [0mPOST /api/auth/login [32m200[0m 562.195 ms - 199[0m
2026-09-19 14:09:83 [[32minfo[39m]: [0mGET /api/users/users [36m304[0m 255.879 ms - -[0m
2026-09-19 14:09:03 [[32minfo[39m]: [0mGET /api/users/users [36m304[0m 196.128 ms - -[0m
2026-09-19 14:09:47 [[32minfo[39m]: [0mGET /api/message/all [36m304[0m 881.991 ms - -[0m
2026-09-19 14:09:70 [[32minfo[39m]: [0mGET /api/message/all [36m304[0m 226.669 ms - -[0m
2026-09-19 14:09:09 [[32minfo[39m]: [0mGET /api/token/all/211 [36m304[0m 1133.115 ms - -[0m
2026-09-19 14:09:78 [[32minfo[39m]: [0mGET /api/balance/getBalance/211 [36m304[0m 1832.624 ms - -[0m
2026-09-19 14:09:08 [[32minfo[39m]: [0mGET /api/token/all/211 [36m304[0m 498.159 ms - -[0m
2026-09-19 14:09:53 [[32minfo[39m]: [0mGET /api/token/all/211 [36m304[0m 448.434 ms - -[0m
2026-09-19 14:09:17 [[32minfo[39m]: [0mGET /api/token/all [32m200[0m 396.733 ms - -[0m
2026-09-19 14:09:08 [[32minfo[39m]: [0mGET /api/balance/getBalance/211 [36m304[0m 698.129 ms - -[0m
2026-09-19 14:09:11 [[32minfo[39m]: [0mGET /api/message/all [36m304[0m 713.834 ms - -[0m
2026-09-19 14:09:29 [[32minfo[39m]: [0mGET /api/token/all/211 [36m304[0m 901.636 ms - -[0m
2026-09-19 14:09:29 [[32minfo[39m]: [0mGET /api/message/all [36m304[0m 184.908 ms - -[0m
2026-09-19 14:09:68 [[32minfo[39m]: [0mGET /api/token/all/211 [36m304[0m 393.626 ms - -[0m
2026-09-19 14:09:89 [[32minfo[39m]: [0mGET /api/balance/getBalance/211 [36m304[0m 803.705 ms - -[0m
2026-09-19 14:09:57 [[32minfo[39m]: [0mGET /api/balance/getBalance/211 [36m304[0m 843.571 ms - -[0m
2026-09-19 14:09:76 [[32minfo[39m]: [0mGET /api/balance/getBalance/211 [36m304[0m 1185.107 ms - -[0m
2026-09-19 14:09:33 [[32minfo[39m]: [0mPOST /api/balance/add [32m200[0m 1995.669 ms - 816[0m
2026-09-19 14:09:18 [[32minfo[39m]: [0mGET /api/balance/getBalance/211 [32m200[0m 733.145 ms - 652[0m
2026-09-19 14:09:62 [[32minfo[39m]: [0mGET /api/token/all/211 [36m304[0m 391.850 ms - -[0m
2026-09-19 14:09:98 [[32minfo[39m]: [0mGET /api/token/all/211 [36m304[0m 361.686 ms - -[0m
2026-09-19 14:09:70 [[32minfo[39m]: [0mGET /api/token/all [32m200[0m 359.284 ms - -[0m
2026-09-19 14:09:99 [[32minfo[39m]: [0mPOST /api/token/create [32m200[0m 931.730 ms - -[0m
2026-09-19 14:09:04 [[32minfo[39m]: [0mGET /api/token/all/211 [32m200[0m 971.962 ms - -[0m
2026-09-19 14:09:35 [[32minfo[39m]: [0mGET /api/token/all [32m200[0m 400.643 ms - -[0m
2026-09-19 14:09:15 [[32minfo[39m]: [0mPOST /api/token/create [32m200[0m 947.182 ms - -[0m
2026-09-19 14:09:17 [[32minfo[39m]: [0mGET /api/token/all/211 [32m200[0m 936.042 ms - -[0m
2026-09-19 14:09:20 [[32minfo[39m]: [0mPUT /api/token/update [32m200[0m 3009.224 ms - -[0m
2026-09-19 14:09:87 [[32minfo[39m]: [0mGET /api/token/all/211 [32m200[0m 371.266 ms - -[0m
2026-09-19 14:09:28 [[32minfo[39m]: [0mPUT /api/token/update [32m200[0m 4473.966 ms - -[0m
2026-09-19 14:09:08 [[32minfo[39m]: [0mGET /api/token/all/211 [32m200[0m 371.234 ms - -[0m
2026-09-19 14:09:91 [[32minfo[39m]: [0mGET /api/users/users [36m304[0m 785.793 ms - -[0m
2026-09-19 14:09:42 [[32minfo[39m]: [0mGET /api/token/all/211 [36m304[0m 379.410 ms - -[0m
2026-09-19 14:09:33 [[32minfo[39m]: [0mPUT /api/token/confirm [32m200[0m 2751.325 ms - 83[0m
2026-09-19 14:09:02 [[32minfo[39m]: [0mGET /api/token/all/211 [32m200[0m 365.421 ms - -[0m
2026-09-19 14:09:78 [[32minfo[39m]: [0mGET /api/payment-history/ [32m200[0m 311.373 ms - -[0m
2026-09-19 14:09:02 [[32minfo[39m]: [0mGET /api/payment-history/ [36m304[0m 240.683 ms - -[0m
2026-09-19 14:09:01 [[32minfo[39m]: [0mGET /api/token/all/211 [36m304[0m 884.429 ms - -[0m
2026-09-19 14:09:35 [[32minfo[39m]: [0mGET /api/token/all/211 [36m304[0m 344.086 ms - -[0m
2026-09-19 14:09:17 [[32minfo[39m]: [0mGET /api/token/all/211 [36m304[0m 962.169 ms - -[0m
2026-09-19 14:09:56 [[32minfo[39m]: [0mGET /api/token/all/211 [36m304[0m 373.165 ms - -[0m
2026-09-19 14:09:21 [[32minfo[39m]: [0mGET /api/message/all [36m304[0m 743.012 ms - -[0m
2026-09-19 14:09:40 [[32minfo[39m]: [0mGET /api/message/all [36m304[0m 176.617 ms - -[0m
2026-09-19 14:09:41 [[32minfo[39m]: [0mGET /api/token/all/211 [36m304[0m 939.875 ms - -[0m
2026-09-19 14:09:75 [[32minfo[39m]: [0mGET /api/balance/getBalance/211 [32m200[0m 1287.189 ms - 652[0m
2026-09-19 14:09:77 [[32minfo[39m]: [0mGET /api/token/all/211 [36m304[0m 355.169 ms - -[0m
2026-09-19 14:09:45 [[32minfo[39m]: [0mGET /api/balance/getBalance/211 [36m304[0m 700.074 ms - -[0m
2026-09-19 14:09:46 [[32minfo[39m]: [0mGET /api/token/all/211 [36m304[0m 367.042 ms - -[0m
2026-09-19 14:09:83 [[32minfo[39m]: [0mGET /api/token/all/211 [36m304[0m 376.387 ms - -[0m
2026-09-19 14:09:84 [[32minfo[39m]: [0mGET /api/message/all [36m304[0m 176.535 ms - -[0m
2026-09-19 14:09:01 [[32minfo[39m]: [0mGET /api/token/all/211 [36m304[0m 359.490 ms - -[0m
2026-09-19 14:09:03 [[32minfo[39m]: [0mGET /api/message/all [36m304[0m 183.088 ms - -[0m
2026-09-19 14:09:36 [[32minfo[39m]: [0mGET /api/balance/getBalance/211 [36m304[0m 709.263 ms - -[0m
2026-09-19 14:09:40 [[32minfo[39m]: [0mGET /api/token/all/211 [36m304[0m 387.481 ms - -[0m
2026-09-19 14:09:05 [[32minfo[39m]: [0mGET /api/balance/getBalance/211 [36m304[0m 686.338 ms - -[0m
2026-09-19 14:09:84 [[32minfo[39m]: [0mGET /api/token/all/211 [36m304[0m 1086.584 ms - -[0m
2026-09-19 14:09:30 [[32minfo[39m]: [0mGET /api/token/all/211 [36m304[0m 452.318 ms - -[0m
2026-09-19 14:09:88 [[32minfo[39m]: [0mGET /api/token/all [32m200[0m 2269.091 ms - -[0m
2026-09-19 14:09:14 [[32minfo[39m]: [0mPOST /api/token/create [32m200[0m 1611.225 ms - -[0m
2026-09-19 14:09:72 [[32minfo[39m]: [0mGET /api/token/all/211 [32m200[0m 1505.061 ms - -[0m
2026-09-19 14:09:85 [[32minfo[39m]: [0mGET /api/token/all [32m200[0m 1073.246 ms - -[0m
2026-09-19 14:09:36 [[32minfo[39m]: [0mPOST /api/token/create [32m200[0m 2040.424 ms - -[0m
2026-09-19 14:09:96 [[32minfo[39m]: [0mGET /api/token/all/211 [32m200[0m 418.551 ms - -[0m
2026-09-19 14:09:11 [[32minfo[39m]: [0mPUT /api/token/update [32m200[0m 5231.496 ms - -[0m
2026-09-19 14:09:51 [[32minfo[39m]: [0mGET /api/token/all/211 [32m200[0m 973.800 ms - -[0m
2026-09-19 14:09:41 [[32minfo[39m]: [0mGET /api/payment-history/ [36m304[0m 843.093 ms - -[0m
2026-09-19 14:09:60 [[32minfo[39m]: [0mGET /api/payment-history/ [36m304[0m 190.392 ms - -[0m
2026-09-19 14:09:09 [[32minfo[39m]: [0mGET /api/token/all/211 [36m304[0m 406.709 ms - -[0m
2026-09-19 14:09:49 [[32minfo[39m]: [0mGET /api/token/all/211 [36m304[0m 388.812 ms - -[0m
2026-09-19 14:09:19 [[32minfo[39m]: [0mPUT /api/token/confirm [32m200[0m 3330.987 ms - 83[0m
2026-09-19 14:09:88 [[32minfo[39m]: [0mGET /api/token/all/211 [32m200[0m 360.029 ms - -[0m
2026-09-19 14:09:13 [[32minfo[39m]: [0mGET /api/payment-history/ [32m200[0m 820.706 ms - -[0m
2026-09-19 14:09:33 [[32minfo[39m]: [0mGET /api/payment-history/ [36m304[0m 199.868 ms - -[0m
2026-09-19 14:09:60 [[32minfo[39m]: [0mGET /api/message/all [36m304[0m 788.930 ms - -[0m
2026-09-19 14:09:80 [[32minfo[39m]: [0mGET /api/token/all/211 [36m304[0m 990.839 ms - -[0m
2026-09-19 14:09:81 [[32minfo[39m]: [0mGET /api/message/all [36m304[0m 205.306 ms - -[0m
2026-09-19 14:09:21 [[32minfo[39m]: [0mGET /api/token/all/211 [36m304[0m 395.613 ms - -[0m
2026-09-19 14:09:21 [[32minfo[39m]: [0mGET /api/balance/getBalance/211 [32m200[0m 1409.712 ms - 653[0m
2026-09-19 14:09:01 [[32minfo[39m]: [0mGET /api/balance/getBalance/211 [36m304[0m 789.809 ms - -[0m
2026-09-19 14:09:44 [[32minfo[39m]: [0mGET /api/token/all/211 [36m304[0m 400.214 ms - -[0m
2026-09-19 14:09:81 [[32minfo[39m]: [0mGET /api/token/all/211 [36m304[0m 368.257 ms - -[0m
2026-09-19 14:09:09 [[32minfo[39m]: [0mGET /api/payment-history/ [36m304[0m 294.443 ms - -[0m
2026-09-19 14:09:49 [[32minfo[39m]: [0mGET /api/payment-history/ [36m304[0m 208.371 ms - -[0m
2026-09-19 14:09:51 [[32minfo[39m]: [0mGET /api/token/all/211 [36m304[0m 416.993 ms - -[0m
2026-09-19 14:09:96 [[32minfo[39m]: [0mGET /api/token/all/211 [36m304[0m 426.342 ms - -[0m
2026-09-19 14:09:17 [[32minfo[39m]: [0mPUT /api/token/update [32m200[0m 3718.599 ms - -[0m
2026-09-19 14:09:85 [[32minfo[39m]: [0mGET /api/token/all/211 [32m200[0m 350.866 ms - -[0m
2026-09-19 14:09:77 [[32minfo[39m]: [0mGET /api/users/users [36m304[0m 283.661 ms - -[0m
2026-09-19 14:09:34 [[32minfo[39m]: [0mGET /api/token/all/211 [36m304[0m 383.671 ms - -[0m
2026-09-19 14:09:03 [[32minfo[39m]: [0mGET /api/users/users [36m304[0m 198.864 ms - -[0m
2026-09-19 14:09:52 [[32minfo[39m]: [0mGET /api/token/all/211 [36m304[0m 357.766 ms - -[0m
2026-09-19 14:09:62 [[32minfo[39m]: [0mGET /api/token/all/211 [36m304[0m 393.660 ms - -[0m
2026-09-19 14:09:01 [[32minfo[39m]: [0mGET /api/token/all/211 [36m304[0m 388.107 ms - -[0m
2026-09-19 14:09:62 [[32minfo[39m]: [0mPUT /api/token/confirm [32m200[0m 2636.409 ms - 83[0m
2026-09-19 14:09:36 [[32minfo[39m]: [0mGET /api/token/all/211 [32m200[0m 357.516 ms - -[0m
2026-09-19 14:09:55 [[32minfo[39m]: [0mGET /api/payment-history/ [32m200[0m 376.163 ms - -[0m
2026-09-19 14:09:75 [[32minfo[39m]: [0mGET /api/payment-history/ [36m304[0m 194.203 ms - -[0m
2026-09-19 14:09:42 [[32minfo[39m]: [0mGET /api/token/all/211 [36m304[0m 920.323 ms - -[0m
2026-09-19 14:09:78 [[32minfo[39m]: [0mGET /api/token/all/211 [36m304[0m 346.196 ms - -[0m
2026-09-19 14:09:37 [[32minfo[39m]: [0mGET /api/token/all [32m200[0m 362.368 ms - -[0m
2026-09-19 14:09:19 [[32minfo[39m]: [0mPOST /api/token/create [32m200[0m 898.762 ms - -[0m
2026-09-19 14:09:64 [[32minfo[39m]: [0mGET /api/token/all/211 [32m200[0m 364.517 ms - -[0m
2026-09-19 14:09:57 [[32minfo[39m]: [0mGET /api/token/all [32m200[0m 489.380 ms - -[0m
2026-09-19 14:09:32 [[32minfo[39m]: [0mPOST /api/token/create [32m200[0m 1966.986 ms - -[0m
2026-09-19 14:09:61 [[32minfo[39m]: [0mGET /api/token/all/211 [32m200[0m 1168.412 ms - -[0m
2026-09-19 14:09:48 [[32minfo[39m]: [0mGET /api/token/all [32m200[0m 466.659 ms - -[0m
2026-09-19 14:09:14 [[32minfo[39m]: [0mPOST /api/token/create [32m200[0m 1643.402 ms - -[0m
2026-09-19 14:09:29 [[32minfo[39m]: [0mGET /api/token/all/211 [32m200[0m 1032.217 ms - -[0m
2026-09-19 14:09:80 [[32minfo[39m]: [0mPUT /api/token/update [32m200[0m 3024.853 ms - -[0m
2026-09-19 14:09:62 [[32minfo[39m]: [0mGET /api/token/all/211 [32m200[0m 478.083 ms - -[0m
2026-09-19 14:09:31 [[32minfo[39m]: [0mPUT /api/token/update [32m200[0m 3927.115 ms - -[0m
2026-09-19 14:09:70 [[32minfo[39m]: [0mGET /api/token/all/211 [32m200[0m 1006.872 ms - -[0m
2026-09-19 14:09:97 [[32minfo[39m]: [0mPUT /api/token/update [33m400[0m 1087.981 ms - 48[0m
2026-09-19 14:09:66 [[32minfo[39m]: [0mGET /api/token/all/211 [36m304[0m 454.193 ms - -[0m
2026-09-19 14:09:48 [[32minfo[39m]: [0mGET /api/balance/getBalance/211 [32m200[0m 689.914 ms - 652[0m
2026-09-19 14:09:16 [[32minfo[39m]: [0mGET /api/balance/getBalance/211 [36m304[0m 671.102 ms - -[0m
2026-09-19 14:09:67 [[32minfo[39m]: [0mPOST /api/balance/add [32m200[0m 1958.756 ms - 811[0m
2026-09-19 14:09:53 [[32minfo[39m]: [0mGET /api/balance/getBalance/211 [32m200[0m 743.532 ms - 881[0m
2026-09-19 14:09:87 [[32minfo[39m]: [0mGET /api/token/all/211 [36m304[0m 420.931 ms - -[0m
2026-09-19 14:09:24 [[32minfo[39m]: [0mGET /api/token/all/211 [36m304[0m 368.312 ms - -[0m
2026-09-19 14:09:20 [[32minfo[39m]: [0mPUT /api/token/update [32m200[0m 3147.541 ms - -[0m
2026-09-19 14:09:100 [[32minfo[39m]: [0mGET /api/token/all/211 [32m200[0m 451.572 ms - -[0m
2026-09-19 14:09:02 [[32minfo[39m]: [0mPUT /api/token/confirm [32m200[0m 3477.219 ms - 83[0m
2026-09-19 14:09:78 [[32minfo[39m]: [0mGET /api/token/all/211 [32m200[0m 381.269 ms - -[0m
2026-09-19 14:09:66 [[32minfo[39m]: [0mGET /api/payment-history/ [32m200[0m 268.074 ms - -[0m
2026-09-19 14:09:86 [[32minfo[39m]: [0mGET /api/payment-history/ [36m304[0m 199.012 ms - -[0m
2026-09-19 14:09:77 [[32minfo[39m]: [0mGET /api/token/all/211 [36m304[0m 434.168 ms - -[0m
2026-09-19 14:09:12 [[32minfo[39m]: [0mGET /api/token/all/211 [36m304[0m 352.800 ms - -[0m
2026-09-19 14:09:74 [[32minfo[39m]: [0mGET /api/payment-history/ [36m304[0m 264.666 ms - -[0m
2026-09-19 14:09:94 [[32minfo[39m]: [0mGET /api/payment-history/ [36m304[0m 199.064 ms - -[0m
2026-09-19 14:09:03 [[32minfo[39m]: [0mGET /api/token/all/211 [36m304[0m 1051.799 ms - -[0m
2026-09-19 14:09:41 [[32minfo[39m]: [0mGET /api/token/all/211 [36m304[0m 376.275 ms - -[0m
2026-09-19 15:09:99 [[32minfo[39m]: [0mPUT /api/token/confirm [32m200[0m 2825.422 ms - 83[0m
2026-09-19 15:09:74 [[32minfo[39m]: [0mGET /api/token/all/211 [32m200[0m 366.994 ms - -[0m
2026-09-19 15:09:95 [[32minfo[39m]: [0mGET /api/token/all/211 [36m304[0m 1068.741 ms - -[0m
2026-09-19 15:09:33 [[32minfo[39m]: [0mGET /api/token/all/211 [36m304[0m 374.480 ms - -[0m
2026-09-19 15:09:90 [[32minfo[39m]: [0mGET /api/token/all [32m200[0m 469.099 ms - -[0m
2026-09-19 15:09:86 [[32minfo[39m]: [0mPOST /api/token/create [32m200[0m 1730.074 ms - -[0m
2026-09-19 15:09:42 [[32minfo[39m]: [0mGET /api/token/all/211 [32m200[0m 376.434 ms - -[0m
2026-09-19 15:09:80 [[32minfo[39m]: [0mGET /api/token/all [32m200[0m 458.909 ms - -[0m
2026-09-19 15:09:46 [[32minfo[39m]: [0mPOST /api/token/create [32m200[0m 1361.385 ms - -[0m
2026-09-19 15:09:92 [[32minfo[39m]: [0mGET /api/token/all/211 [32m200[0m 350.728 ms - -[0m
2026-09-19 15:09:61 [[32minfo[39m]: [0mGET /api/token/all [32m200[0m 606.363 ms - -[0m
2026-09-19 15:09:62 [[32minfo[39m]: [0mPOST /api/token/create [32m200[0m 1547.655 ms - -[0m
2026-09-19 15:09:13 [[32minfo[39m]: [0mGET /api/token/all/211 [32m200[0m 406.261 ms - -[0m
2026-09-19 15:09:86 [[32minfo[39m]: [0mPUT /api/token/update [32m200[0m 4165.472 ms - -[0m
2026-09-19 15:09:86 [[32minfo[39m]: [0mGET /api/token/all/211 [32m200[0m 580.394 ms - -[0m
2026-09-19 15:09:36 [[32minfo[39m]: [0mPUT /api/token/update [32m200[0m 3450.978 ms - -[0m
2026-09-19 15:09:54 [[32minfo[39m]: [0mGET /api/token/all/211 [32m200[0m 768.111 ms - -[0m
2026-09-19 15:09:44 [[32minfo[39m]: [0mPUT /api/token/update [32m200[0m 3344.688 ms - -[0m
2026-09-19 15:09:26 [[32minfo[39m]: [0mGET /api/token/all/211 [32m200[0m 444.588 ms - -[0m
2026-09-19 15:09:38 [[32minfo[39m]: [0mPUT /api/token/confirm [32m200[0m 3612.019 ms - 83[0m
2026-09-19 15:09:12 [[32minfo[39m]: [0mGET /api/token/all/211 [32m200[0m 375.974 ms - -[0m
2026-09-19 15:09:53 [[32minfo[39m]: [0mGET /api/token/all/211 [36m304[0m 1538.087 ms - -[0m
2026-09-19 15:09:93 [[32minfo[39m]: [0mGET /api/token/all/211 [36m304[0m 387.566 ms - -[0m
2026-09-19 15:09:89 [[32minfo[39m]: [0mGET /api/token/all [32m200[0m 483.777 ms - -[0m
2026-09-19 15:09:99 [[32minfo[39m]: [0mPOST /api/token/create [32m200[0m 2520.568 ms - -[0m
2026-09-19 15:09:53 [[32minfo[39m]: [0mGET /api/token/all/211 [32m200[0m 377.465 ms - -[0m
2026-09-19 15:09:87 [[32minfo[39m]: [0mPUT /api/token/update [32m200[0m 7578.238 ms - -[0m
2026-09-19 15:09:15 [[32minfo[39m]: [0mGET /api/token/all/211 [32m200[0m 881.842 ms - -[0m
2026-09-19 15:09:93 [[32minfo[39m]: [0mPUT /api/token/confirm [32m200[0m 5399.285 ms - 83[0m
2026-09-19 15:09:75 [[32minfo[39m]: [0mGET /api/token/all/211 [32m200[0m 2429.844 ms - -[0m
2026-09-19 15:09:16 [[32minfo[39m]: [0mPUT /api/token/confirm [32m200[0m 7703.910 ms - 83[0m
2026-09-19 15:09:11 [[32minfo[39m]: [0mGET /api/token/all/211 [32m200[0m 540.512 ms - -[0m
2026-09-19 15:09:36 [[32minfo[39m]: [0mGET /api/token/all [32m200[0m 487.774 ms - -[0m
2026-09-19 15:09:72 [[32minfo[39m]: [0mGET /api/token/all [36m304[0m 365.382 ms - -[0m
2026-09-19 15:09:70 [[32minfo[39m]: [0mGET /api/payment-history/ [32m200[0m 306.318 ms - -[0m
2026-09-19 15:09:94 [[32minfo[39m]: [0mGET /api/payment-history/ [36m304[0m 223.895 ms - -[0m
2026-09-19 15:09:06 [[32minfo[39m]: [0mGET /api/balance/getBalance/211 [32m200[0m 1478.334 ms - 881[0m
2026-09-19 15:09:88 [[32minfo[39m]: [0mGET /api/balance/getBalance/211 [36m304[0m 814.839 ms - -[0m
2026-09-19 15:09:21 [[32minfo[39m]: [0mGET /api/payment-history/ [36m304[0m 882.588 ms - -[0m
2026-09-19 15:09:49 [[32minfo[39m]: [0mGET /api/payment-history/ [36m304[0m 278.161 ms - -[0m
2026-09-19 15:09:97 [[32minfo[39m]: [0mGET /api/users/users [36m304[0m 888.075 ms - -[0m
2026-09-19 15:09:13 [[32minfo[39m]: [0mGET /api/payment-history/ [36m304[0m 1058.463 ms - -[0m
2026-09-19 15:09:86 [[32minfo[39m]: [0mGET /api/token/all [36m304[0m 1613.985 ms - -[0m
2026-09-19 15:09:44 [[32minfo[39m]: [0mGET /api/token/all [36m304[0m 569.286 ms - -[0m
2026-09-19 15:09:77 [[32minfo[39m]: [0mGET /api/token/all/211 [36m304[0m 1285.291 ms - -[0m
2026-09-19 15:09:21 [[32minfo[39m]: [0mGET /api/token/all/211 [36m304[0m 436.137 ms - -[0m
2026-09-19 15:09:13 [[32minfo[39m]: [0mGET /api/token/all/211 [36m304[0m 626.213 ms - -[0m
2026-09-19 15:09:45 [[32minfo[39m]: [0mGET /api/balance/getBalance/211 [36m304[0m 951.666 ms - -[0m
2026-09-19 15:09:53 [[32minfo[39m]: [0mGET /api/message/all [36m304[0m 1023.586 ms - -[0m
2026-09-19 15:09:57 [[32minfo[39m]: [0mGET /api/token/all/211 [36m304[0m 427.722 ms - -[0m
2026-09-19 15:09:73 [[32minfo[39m]: [0mGET /api/message/all [36m304[0m 199.326 ms - -[0m
2026-09-19 15:09:21 [[32minfo[39m]: [0mGET /api/balance/getBalance/211 [36m304[0m 750.695 ms - -[0m
2026-09-19 15:09:88 [[32minfo[39m]: [0mGET /api/token/all/211 [33m401[0m 891.683 ms - 23[0m
2026-09-19 15:09:97 [[32minfo[39m]: [0mGET /api/token/all/211 [33m401[0m 85.111 ms - 23[0m
2026-09-19 15:09:35 [[32minfo[39m]: Login attempt by: asifandhi@gmail.com
2026-09-19 15:09:75 [[32minfo[39m]: Login success: asifandhi@gmail.com, role: admin
2026-09-19 15:09:75 [[32minfo[39m]: [0mPOST /api/auth/login [32m200[0m 434.174 ms - 199[0m
2026-09-19 15:09:40 [[32minfo[39m]: [0mGET /api/users/users [36m304[0m 218.356 ms - -[0m
2026-09-19 15:09:59 [[32minfo[39m]: [0mGET /api/users/users [36m304[0m 191.694 ms - -[0m
2026-09-19 15:09:25 [[32minfo[39m]: [0mGET /api/message/all [36m304[0m 1065.703 ms - -[0m
2026-09-19 15:09:60 [[32minfo[39m]: [0mGET /api/message/all [36m304[0m 345.961 ms - -[0m
2026-09-19 15:09:10 [[32minfo[39m]: [0mGET /api/token/all/211 [36m304[0m 1579.056 ms - -[0m
2026-09-19 15:09:44 [[32minfo[39m]: [0mGET /api/balance/getBalance/211 [36m304[0m 1918.354 ms - -[0m
2026-09-19 15:09:11 [[32minfo[39m]: [0mPUT /api/token/update [32m200[0m 2967.279 ms - -[0m
2026-09-19 15:09:74 [[32minfo[39m]: [0mGET /api/token/all/211 [32m200[0m 413.895 ms - -[0m
2026-09-19 15:09:07 [[32minfo[39m]: [0mGET /api/token/all/211 [36m304[0m 677.394 ms - -[0m
2026-09-19 15:09:49 [[32minfo[39m]: [0mGET /api/token/all/211 [36m304[0m 411.828 ms - -[0m
2026-09-19 15:09:77 [[32minfo[39m]: [0mGET /api/token/all [32m200[0m 1168.743 ms - -[0m
2026-09-19 16:09:78 [[32minfo[39m]: [0mPOST /api/token/create [32m200[0m 2074.371 ms - -[0m
2026-09-19 16:09:30 [[32minfo[39m]: [0mGET /api/token/all/211 [32m200[0m 423.990 ms - -[0m
2026-09-19 16:09:53 [[32minfo[39m]: [0mGET /api/token/all [32m200[0m 525.263 ms - -[0m
2026-09-19 16:09:14 [[32minfo[39m]: [0mPOST /api/token/create [32m200[0m 2049.475 ms - -[0m
2026-09-19 16:09:70 [[32minfo[39m]: [0mGET /api/token/all/211 [32m200[0m 411.647 ms - -[0m
2026-09-19 16:09:50 [[32minfo[39m]: [0mGET /api/token/all [32m200[0m 523.822 ms - -[0m
2026-09-19 16:09:52 [[32minfo[39m]: [0mPOST /api/token/create [32m200[0m 2185.287 ms - -[0m
2026-09-19 16:09:74 [[32minfo[39m]: [0mGET /api/token/all/211 [32m200[0m 1118.858 ms - -[0m
2026-09-19 16:09:85 [[32minfo[39m]: [0mPUT /api/token/update [32m200[0m 3878.667 ms - -[0m
2026-09-19 16:09:72 [[32minfo[39m]: [0mGET /api/token/all/211 [32m200[0m 464.116 ms - -[0m
2026-09-19 16:09:63 [[32minfo[39m]: [0mPUT /api/token/update [32m200[0m 3816.738 ms - -[0m
2026-09-19 16:09:55 [[32minfo[39m]: [0mGET /api/token/all/211 [32m200[0m 532.373 ms - -[0m
2026-09-19 16:09:23 [[32minfo[39m]: [0mPUT /api/token/update [33m400[0m 1255.853 ms - 49[0m
2026-09-19 16:09:03 [[32minfo[39m]: [0mGET /api/token/all/211 [36m304[0m 654.118 ms - -[0m
2026-09-19 16:09:99 [[32minfo[39m]: [0mGET /api/balance/getBalance/211 [32m200[0m 797.637 ms - 881[0m
2026-09-19 16:09:83 [[32minfo[39m]: [0mGET /api/balance/getBalance/211 [36m304[0m 837.796 ms - -[0m
2026-09-19 16:09:89 [[32minfo[39m]: [0mPOST /api/balance/add [32m200[0m 1697.687 ms - 817[0m
2026-09-19 16:09:03 [[32minfo[39m]: [0mGET /api/balance/getBalance/211 [32m200[0m 1041.660 ms - -[0m
2026-09-19 16:09:66 [[32minfo[39m]: [0mGET /api/token/all/211 [36m304[0m 579.451 ms - -[0m
2026-09-19 16:09:30 [[32minfo[39m]: [0mGET /api/token/all/211 [36m304[0m 615.733 ms - -[0m
2026-09-19 16:09:59 [[32minfo[39m]: [0mPUT /api/token/update [32m200[0m 4020.205 ms - -[0m
2026-09-19 16:09:42 [[32minfo[39m]: [0mGET /api/token/all/211 [32m200[0m 440.666 ms - -[0m
2026-09-19 16:09:30 [[32minfo[39m]: [0mPUT /api/token/confirm [32m200[0m 3288.692 ms - 83[0m
2026-09-19 16:09:30 [[32minfo[39m]: [0mGET /api/token/all/211 [32m200[0m 462.634 ms - -[0m
2026-09-19 16:09:30 [[32minfo[39m]: [0mGET /api/token/all/211 [36m304[0m 1050.413 ms - -[0m
2026-09-19 16:09:69 [[32minfo[39m]: [0mGET /api/token/all/211 [36m304[0m 387.368 ms - -[0m
2026-09-19 16:09:98 [[32minfo[39m]: [0mGET /api/users/users [36m304[0m 1522.613 ms - -[0m
2026-09-19 16:09:70 [[32minfo[39m]: [0mGET /api/token/all/211 [36m304[0m 608.240 ms - -[0m
2026-09-19 16:09:37 [[32minfo[39m]: [0mGET /api/payment-history/ [32m200[0m 1251.850 ms - -[0m
2026-09-19 16:09:72 [[32minfo[39m]: [0mGET /api/payment-history/ [36m304[0m 354.554 ms - -[0m
2026-09-19 16:09:99 [[32minfo[39m]: [0mGET /api/message/all [36m304[0m 787.821 ms - -[0m
2026-09-19 16:09:20 [[32minfo[39m]: [0mGET /api/message/all [36m304[0m 214.102 ms - -[0m
2026-09-19 16:09:30 [[32minfo[39m]: [0mGET /api/token/all/211 [36m304[0m 1105.327 ms - -[0m
2026-09-19 16:09:63 [[32minfo[39m]: [0mGET /api/balance/getBalance/211 [32m200[0m 1439.725 ms - -[0m
2026-09-19 16:09:70 [[32minfo[39m]: [0mGET /api/token/all/211 [36m304[0m 401.205 ms - -[0m
2026-09-19 16:09:43 [[32minfo[39m]: [0mGET /api/balance/getBalance/211 [36m304[0m 794.770 ms - -[0m
2026-09-19 16:09:17 [[32minfo[39m]: [0mGET /api/balance/getBalance/211 [36m304[0m 752.930 ms - -[0m
2026-09-19 16:09:95 [[32minfo[39m]: [0mGET /api/balance/getBalance/211 [36m304[0m 780.667 ms - -[0m
2026-09-19 16:09:38 [[32minfo[39m]: [0mGET /api/users/users [36m304[0m 204.830 ms - -[0m
2026-09-19 16:09:39 [[32minfo[39m]: [0mGET /api/message/all [36m304[0m 201.566 ms - -[0m
2026-09-19 16:09:58 [[32minfo[39m]: [0mGET /api/message/all [36m304[0m 194.463 ms - -[0m
2026-09-19 16:09:60 [[32minfo[39m]: [0mGET /api/users/users [36m304[0m 216.920 ms - -[0m
2026-09-19 16:09:29 [[32minfo[39m]: [0mGET /api/message/all [36m304[0m 287.767 ms - -[0m
2026-09-19 16:09:51 [[32minfo[39m]: [0mGET /api/message/all [36m304[0m 214.477 ms - -[0m
2026-09-19 16:09:92 [[32minfo[39m]: [0mGET /api/balance/getBalance/211 [36m304[0m 910.136 ms - -[0m
2026-09-19 16:09:25 [[32minfo[39m]: [0mGET /api/token/all/211 [36m304[0m 1233.326 ms - -[0m
2026-09-19 16:09:66 [[32minfo[39m]: [0mGET /api/token/all/211 [36m304[0m 404.694 ms - -[0m
2026-09-19 16:09:76 [[32minfo[39m]: [0mGET /api/balance/getBalance/211 [36m304[0m 832.891 ms - -[0m
2026-09-19 16:09:13 [[32minfo[39m]: [0mGET /api/token/all/211 [36m304[0m 501.547 ms - -[0m
2026-09-19 16:09:61 [[32minfo[39m]: [0mGET /api/token/all/211 [36m304[0m 1477.537 ms - -[0m
2026-09-19 16:09:45 [[32minfo[39m]: [0mGET /api/payment-history/ [36m304[0m 340.735 ms - -[0m
2026-09-19 16:09:66 [[32minfo[39m]: [0mGET /api/payment-history/ [36m304[0m 207.419 ms - -[0m
2026-09-19 16:09:76 [[32minfo[39m]: [0mGET /api/token/all/211 [36m304[0m 1218.099 ms - -[0m
2026-09-19 16:09:19 [[32minfo[39m]: [0mGET /api/token/all/211 [36m304[0m 424.680 ms - -[0m
2026-09-19 16:09:30 [[32minfo[39m]: [0mPUT /api/token/confirm [32m200[0m 4867.081 ms - 83[0m
2026-09-19 16:09:19 [[32minfo[39m]: [0mGET /api/token/all/211 [32m200[0m 410.779 ms - -[0m
2026-09-19 16:09:69 [[32minfo[39m]: [0mGET /api/users/users [36m304[0m 247.980 ms - -[0m
2026-09-19 16:09:30 [[32minfo[39m]: [0mGET /api/token/all/211 [36m304[0m 484.977 ms - -[0m
2026-09-19 16:09:85 [[32minfo[39m]: [0mPUT /api/token/update [32m200[0m 2534.965 ms - -[0m
2026-09-19 16:09:04 [[32minfo[39m]: [0mGET /api/token/all/211 [36m304[0m 584.300 ms - -[0m
2026-09-19 16:09:21 [[32minfo[39m]: [0mGET /api/token/all/211 [36m304[0m 571.004 ms - -[0m
2026-09-19 16:09:63 [[32minfo[39m]: [0mGET /api/message/all [36m304[0m 991.449 ms - -[0m
2026-09-19 16:09:96 [[32minfo[39m]: [0mGET /api/balance/getBalance/211 [36m304[0m 1328.987 ms - -[0m
2026-09-19 16:09:99 [[32minfo[39m]: [0mGET /api/token/all/211 [36m304[0m 771.194 ms - -[0m
2026-09-19 16:09:28 [[32minfo[39m]: [0mGET /api/message/all [36m304[0m 638.985 ms - -[0m
2026-09-19 16:09:82 [[32minfo[39m]: [0mGET /api/balance/getBalance/211 [36m304[0m 1854.597 ms - -[0m
2026-09-19 16:09:01 [[32minfo[39m]: [0mGET /api/token/all/211 [36m304[0m 1002.079 ms - -[0m
2026-09-19 16:09:75 [[32minfo[39m]: [0mGET /api/token/all/211 [36m304[0m 736.751 ms - -[0m
2026-09-19 16:09:95 [[32minfo[39m]: [0mGET /api/token/all [32m200[0m 936.485 ms - -[0m
2026-09-19 16:09:98 [[32minfo[39m]: [0mPOST /api/token/create [32m200[0m 1188.968 ms - -[0m
2026-09-19 16:09:13 [[32minfo[39m]: [0mGET /api/token/all/211 [32m200[0m 1055.407 ms - -[0m
2026-09-19 16:09:77 [[32minfo[39m]: [0mPUT /api/token/update [32m200[0m 3093.237 ms - -[0m
2026-09-19 16:09:25 [[32minfo[39m]: [0mGET /api/token/all/211 [32m200[0m 1097.075 ms - -[0m
2026-09-19 16:09:32 [[32minfo[39m]: [0mPUT /api/token/confirm [32m200[0m 2304.949 ms - 83[0m
2026-09-19 16:09:15 [[32minfo[39m]: [0mGET /api/token/all/211 [32m200[0m 422.845 ms - -[0m
2026-09-19 16:09:50 [[32minfo[39m]: [0mGET /api/users/users [36m304[0m 517.334 ms - -[0m
2026-09-19 16:09:11 [[32minfo[39m]: [0mGET /api/token/all/211 [36m304[0m 520.933 ms - -[0m
2026-09-19 16:09:76 [[32minfo[39m]: [0mPUT /api/token/confirm [32m200[0m 3576.665 ms - 83[0m
2026-09-19 16:09:65 [[32minfo[39m]: [0mGET /api/token/all/211 [32m200[0m 476.799 ms - -[0m
2026-09-19 16:09:14 [[32minfo[39m]: [0mPUT /api/token/confirm [32m200[0m 5159.240 ms - 83[0m
2026-09-19 16:09:54 [[32minfo[39m]: [0mGET /api/token/all/211 [32m200[0m 1926.852 ms - -[0m
2026-09-19 16:09:91 [[32minfo[39m]: [0mGET /api/token/all [32m200[0m 1363.644 ms - -[0m
2026-09-19 16:09:56 [[32minfo[39m]: [0mPOST /api/token/create [32m200[0m 1206.685 ms - -[0m
2026-09-19 16:09:52 [[32minfo[39m]: [0mGET /api/token/all/211 [32m200[0m 1857.651 ms - -[0m
2026-09-19 16:09:78 [[32minfo[39m]: [0mGET /api/token/all [32m200[0m 578.425 ms - -[0m
2026-09-19 16:09:78 [[32minfo[39m]: [0mPOST /api/token/create [32m200[0m 1696.774 ms - -[0m
2026-09-19 16:09:29 [[32minfo[39m]: [0mGET /api/token/all/211 [32m200[0m 399.149 ms - -[0m
2026-09-19 16:09:83 [[32minfo[39m]: [0mGET /api/token/all [32m200[0m 600.157 ms - -[0m
2026-09-19 16:09:78 [[32minfo[39m]: [0mPOST /api/token/create [32m200[0m 1887.196 ms - -[0m
2026-09-19 16:09:00 [[32minfo[39m]: [0mGET /api/token/all/211 [32m200[0m 1131.694 ms - -[0m
2026-09-19 16:09:63 [[32minfo[39m]: [0mPUT /api/token/update [32m200[0m 4268.894 ms - -[0m
2026-09-19 16:09:48 [[32minfo[39m]: [0mGET /api/token/all/211 [32m200[0m 457.552 ms - -[0m
2026-09-19 16:09:06 [[32minfo[39m]: [0mPUT /api/token/update [32m200[0m 4563.383 ms - -[0m
2026-09-19 16:09:88 [[32minfo[39m]: [0mGET /api/token/all/211 [32m200[0m 438.811 ms - -[0m
2026-09-19 16:09:28 [[32minfo[39m]: [0mPUT /api/token/update [32m200[0m 4844.157 ms - -[0m
2026-09-19 16:09:18 [[32minfo[39m]: [0mGET /api/token/all/211 [32m200[0m 481.284 ms - -[0m
2026-09-19 16:09:93 [[32minfo[39m]: [0mPUT /api/token/confirm [32m200[0m 3828.107 ms - 83[0m
2026-09-19 16:09:72 [[32minfo[39m]: [0mGET /api/token/all/211 [32m200[0m 383.683 ms - -[0m
2026-09-19 16:09:99 [[32minfo[39m]: [0mPUT /api/token/confirm [32m200[0m 3467.297 ms - 83[0m
2026-09-19 16:09:82 [[32minfo[39m]: [0mGET /api/token/all/211 [32m200[0m 418.276 ms - -[0m
2026-09-19 16:09:21 [[32minfo[39m]: [0mPUT /api/token/confirm [32m200[0m 3746.632 ms - 83[0m
2026-09-19 16:09:04 [[32minfo[39m]: [0mGET /api/token/all/211 [32m200[0m 428.744 ms - -[0m
2026-09-19 16:09:02 [[32minfo[39m]: [0mGET /api/payment-history/ [32m200[0m 948.876 ms - -[0m
2026-09-19 16:09:24 [[32minfo[39m]: [0mGET /api/payment-history/ [36m304[0m 217.255 ms - -[0m
2026-09-19 16:09:13 [[32minfo[39m]: [0mGET /api/token/all [32m200[0m 3034.340 ms - -[0m
2026-09-19 16:09:63 [[32minfo[39m]: [0mGET /api/token/all [36m304[0m 494.330 ms - -[0m
2026-09-19 16:09:67 [[32minfo[39m]: [0mGET /api/payment-history/ [36m304[0m 590.524 ms - -[0m
2026-09-19 16:09:01 [[32minfo[39m]: [0mGET /api/payment-history/ [36m304[0m 334.613 ms - -[0m
2026-09-19 16:09:57 [[32minfo[39m]: [0mGET /api/token/all/211 [36m304[0m 554.804 ms - -[0m
2026-09-19 16:09:02 [[32minfo[39m]: [0mGET /api/token/all/211 [36m304[0m 449.623 ms - -[0m
2026-09-19 16:09:60 [[32minfo[39m]: [0mGET /api/token/all [36m304[0m 588.312 ms - -[0m
2026-09-19 16:09:94 [[32minfo[39m]: [0mPOST /api/token/create [32m200[0m 1409.633 ms - -[0m
2026-09-19 16:09:35 [[32minfo[39m]: [0mGET /api/token/all/211 [32m200[0m 1295.588 ms - -[0m
2026-09-19 16:09:99 [[32minfo[39m]: [0mGET /api/token/all [32m200[0m 1205.617 ms - -[0m
2026-09-19 16:09:08 [[32minfo[39m]: [0mPOST /api/token/create [32m200[0m 1868.296 ms - -[0m
2026-09-19 16:09:39 [[32minfo[39m]: [0mGET /api/token/all/211 [32m200[0m 1199.570 ms - -[0m
2026-09-19 16:09:62 [[32minfo[39m]: [0mGET /api/token/all [32m200[0m 697.109 ms - -[0m
2026-09-19 16:09:28 [[32minfo[39m]: [0mPOST /api/token/create [32m200[0m 1971.420 ms - -[0m
2026-09-19 16:09:80 [[32minfo[39m]: [0mGET /api/token/all/211 [32m200[0m 415.452 ms - -[0m
2026-09-19 16:09:16 [[32minfo[39m]: [0mPUT /api/token/update [32m200[0m 3293.828 ms - -[0m
2026-09-19 16:09:08 [[32minfo[39m]: [0mGET /api/token/all/211 [32m200[0m 524.600 ms - -[0m
2026-09-19 20:09:77 [[32minfo[39m]: [0mPUT /api/token/update [33m401[0m 2579.327 ms - 23[0m
2026-09-19 20:09:02 [[32minfo[39m]: [0mGET /api/token/all/211 [33m401[0m 0.763 ms - 40[0m
2026-09-19 20:09:46 [[32minfo[39m]: Login attempt by: asifandhi0@gmail.com
2026-09-19 20:09:17 [[32minfo[39m]: Login success: asifandhi0@gmail.com, role: admin
2026-09-19 20:09:17 [[32minfo[39m]: [0mPOST /api/auth/login [32m200[0m 704.225 ms - 197[0m
2026-09-19 20:09:96 [[32minfo[39m]: [0mGET /api/users/users [32m200[0m 302.556 ms - -[0m
2026-09-19 20:09:25 [[32minfo[39m]: [0mGET /api/users/users [36m304[0m 279.104 ms - -[0m
2026-09-19 20:09:52 [[32minfo[39m]: [0mGET /api/message/all [36m304[0m 854.016 ms - -[0m
2026-09-19 20:09:72 [[32minfo[39m]: [0mGET /api/message/all [36m304[0m 187.618 ms - -[0m
2026-09-19 20:09:09 [[32minfo[39m]: [0mGET /api/token/all/205 [36m304[0m 993.946 ms - -[0m
2026-09-19 20:09:31 [[32minfo[39m]: [0mGET /api/balance/getBalance/205 [36m304[0m 1218.686 ms - -[0m
2026-09-19 20:09:66 [[32minfo[39m]: [0mGET /api/token/all/120 [32m200[0m 1706.527 ms - 48[0m
2026-09-19 20:09:97 [[32minfo[39m]: [0mGET /api/balance/getBalance/120 [32m200[0m 2019.412 ms - 184[0m
2026-09-19 20:09:94 [[32minfo[39m]: [0mGET /api/token/all/120 [36m304[0m 878.901 ms - -[0m
2026-09-19 20:09:31 [[32minfo[39m]: [0mGET /api/token/all/120 [36m304[0m 366.030 ms - -[0m
2026-09-19 20:09:09 [[32minfo[39m]: [0mGET /api/token/all [32m200[0m 458.176 ms - 66[0m
2026-09-19 20:09:50 [[32minfo[39m]: [0mGET /api/token/all/205 [36m304[0m 993.987 ms - -[0m
2026-09-19 20:09:28 [[32minfo[39m]: [0mGET /api/token/all/121 [32m200[0m 377.062 ms - 48[0m
2026-09-21 10:09:100 [[32minfo[39m]: [0mGET /api/message/all [33m401[0m 899.329 ms - 23[0m
2026-09-21 10:09:01 [[32minfo[39m]: [0mGET /api/users/users [33m401[0m 952.671 ms - 23[0m
2026-09-21 10:09:43 [[32minfo[39m]: Login attempt by: asifandhi0@gmail.com
2026-09-21 10:09:67 [[32minfo[39m]: Login success: asifandhi0@gmail.com, role: admin
2026-09-21 10:09:68 [[32minfo[39m]: [0mPOST /api/auth/login [32m200[0m 1296.149 ms - 197[0m
2026-09-21 10:09:38 [[32minfo[39m]: [0mGET /api/users/users [36m304[0m 215.198 ms - -[0m
2026-09-21 10:09:59 [[32minfo[39m]: [0mGET /api/users/users [36m304[0m 207.004 ms - -[0m
2026-09-21 10:09:93 [[32minfo[39m]: [0mGET /api/message/all [36m304[0m 727.719 ms - -[0m
2026-09-21 10:09:09 [[32minfo[39m]: [0mGET /api/message/all [36m304[0m 163.551 ms - -[0m
2026-09-21 10:09:37 [[32minfo[39m]: [0mGET /api/token/all/205 [36m304[0m 845.958 ms - -[0m
2026-09-21 10:09:54 [[32minfo[39m]: [0mGET /api/balance/getBalance/205 [36m304[0m 1020.972 ms - -[0m
2026-09-21 10:09:81 [[32minfo[39m]: [0mGET /api/token/all/205 [36m304[0m 392.860 ms - -[0m
2026-09-21 10:09:19 [[32minfo[39m]: [0mGET /api/token/all/205 [36m304[0m 379.872 ms - -[0m
2026-09-21 10:09:06 [[32minfo[39m]: [0mPOST /api/auth/logout [32m200[0m 421.298 ms - 46[0m
2026-09-21 10:09:29 [[32minfo[39m]: Login attempt by: asifandhi@gmail.com
2026-09-21 10:09:61 [[32minfo[39m]: Login success: asifandhi@gmail.com, role: admin
2026-09-21 10:09:62 [[32minfo[39m]: [0mPOST /api/auth/login [32m200[0m 319.339 ms - 199[0m
2026-09-21 10:09:14 [[32minfo[39m]: [0mGET /api/users/users [32m200[0m 191.290 ms - 103[0m
2026-09-21 10:09:32 [[32minfo[39m]: [0mGET /api/users/users [36m304[0m 178.748 ms - -[0m
2026-09-21 10:09:70 [[32minfo[39m]: [0mGET /api/message/all [36m304[0m 742.577 ms - -[0m
2026-09-21 10:09:88 [[32minfo[39m]: [0mGET /api/message/all [36m304[0m 181.777 ms - -[0m
2026-09-21 10:09:24 [[32minfo[39m]: [0mGET /api/token/all/211 [36m304[0m 1025.855 ms - -[0m
2026-09-21 10:09:51 [[32minfo[39m]: [0mGET /api/balance/getBalance/211 [32m200[0m 1267.496 ms - -[0m
2026-09-21 10:09:02 [[32minfo[39m]: [0mGET /api/token/all/211 [36m304[0m 618.262 ms - -[0m
2026-09-21 10:09:48 [[32minfo[39m]: [0mGET /api/token/all/211 [36m304[0m 452.800 ms - -[0m
2026-09-21 10:09:49 [[32minfo[39m]: [0mDELETE /api/users/delete/211 [32m200[0m 1523.277 ms - 60[0m
2026-09-21 10:09:73 [[32minfo[39m]: [0mGET /api/users/users [32m200[0m 167.268 ms - 2[0m
2026-09-21 10:09:95 [[32minfo[39m]: [0mGET /api/balance/getBalance/211 [33m404[0m 166.563 ms - 24[0m
2026-09-21 10:09:20 [[32minfo[39m]: [0mGET /api/balance/getBalance/211 [33m404[0m 238.261 ms - 24[0m
2026-09-21 10:09:86 [[32minfo[39m]: [0mGET /api/message/all [36m304[0m 1055.401 ms - -[0m
2026-09-21 10:09:86 [[32minfo[39m]: [0mGET /api/token/all/211 [33m404[0m 1063.715 ms - 24[0m
2026-09-21 10:09:05 [[32minfo[39m]: [0mGET /api/token/all/211 [33m404[0m 184.339 ms - 24[0m
2026-09-21 10:09:05 [[32minfo[39m]: [0mGET /api/message/all [36m304[0m 193.937 ms - -[0m
2026-09-21 10:09:53 [[32minfo[39m]: [0mGET /api/token/all/211 [33m404[0m 199.563 ms - 24[0m
2026-09-21 10:09:72 [[32minfo[39m]: [0mGET /api/token/all/211 [33m404[0m 191.057 ms - 24[0m
2026-09-21 10:09:49 [[32minfo[39m]: [0mGET /api/token/all [36m304[0m 212.459 ms - -[0m
2026-09-21 10:09:68 [[32minfo[39m]: [0mGET /api/token/all [36m304[0m 191.314 ms - -[0m
2026-09-21 10:09:98 [[32minfo[39m]: [0mGET /api/balance/getBalance/211 [33m404[0m 210.311 ms - 24[0m
2026-09-21 10:09:17 [[32minfo[39m]: [0mGET /api/balance/getBalance/211 [33m404[0m 188.061 ms - 24[0m
2026-09-21 10:09:63 [[32minfo[39m]: [0mGET /api/users/users [36m304[0m 189.910 ms - -[0m
2026-09-21 10:09:33 [[32minfo[39m]: [0mGET /api/token/all [36m304[0m 262.135 ms - -[0m
2026-09-21 10:09:52 [[32minfo[39m]: [0mGET /api/token/all [36m304[0m 196.687 ms - -[0m
2026-09-21 10:09:32 [[32minfo[39m]: [0mGET /api/balance/getAllUserBalance [32m200[0m 191.814 ms - 67[0m
2026-09-21 10:09:56 [[32minfo[39m]: [0mGET /api/balance/getAllUserBalance [36m304[0m 227.477 ms - -[0m
2026-09-21 10:09:02 [[32minfo[39m]: [0mGET /api/payment-history/ [32m200[0m 227.371 ms - 47[0m
2026-09-21 10:09:24 [[32minfo[39m]: [0mGET /api/payment-history/ [36m304[0m 215.538 ms - -[0m
2026-09-21 10:09:59 [[32minfo[39m]: [0mGET /api/users/users [36m304[0m 340.325 ms - -[0m
2026-09-21 10:09:90 [[32minfo[39m]: [0mGET /api/users/users [36m304[0m 303.500 ms - -[0m
2026-09-21 10:09:37 [[32minfo[39m]: [0mGET /api/message/all [36m304[0m 1113.648 ms - -[0m
2026-09-21 10:09:59 [[32minfo[39m]: [0mGET /api/message/all [36m304[0m 223.270 ms - -[0m
2026-09-21 10:09:99 [[32minfo[39m]: [0mGET /api/message/all [36m304[0m 178.817 ms - -[0m
2026-09-21 10:09:20 [[32minfo[39m]: [0mGET /api/message/all [36m304[0m 209.419 ms - -[0m
2026-09-21 10:09:73 [[32minfo[39m]: [0mPOST /api/ai/command [32m200[0m 2479.110 ms - 50[0m
2026-09-21 10:09:84 [[32minfo[39m]: [0mGET /api/token/all [36m304[0m 850.217 ms - -[0m
2026-09-21 10:09:09 [[32minfo[39m]: [0mGET /api/token/all [36m304[0m 246.837 ms - -[0m
2026-09-21 10:09:34 [[32minfo[39m]: [0mGET /api/balance/getAllUserBalance [36m304[0m 188.135 ms - -[0m
2026-09-21 10:09:55 [[32minfo[39m]: [0mGET /api/balance/getAllUserBalance [36m304[0m 205.031 ms - -[0m
2026-09-21 10:09:88 [[32minfo[39m]: [0mGET /api/payment-history/ [36m304[0m 193.948 ms - -[0m
2026-09-21 10:09:11 [[32minfo[39m]: [0mGET /api/payment-history/ [36m304[0m 221.000 ms - -[0m
2026-09-21 10:09:57 [[32minfo[39m]: [0mGET /api/users/users [36m304[0m 233.661 ms - -[0m
2026-09-21 10:09:77 [[32minfo[39m]: [0mGET /api/users/users [36m304[0m 196.823 ms - -[0m
2026-09-21 10:09:16 [[32minfo[39m]: [0mGET /api/message/all [36m304[0m 822.648 ms - -[0m
2026-09-21 10:09:36 [[32minfo[39m]: [0mGET /api/message/all [36m304[0m 188.914 ms - -[0m
2026-09-21 10:09:55 [[32minfo[39m]: [0mGET /api/message/all [36m304[0m 219.881 ms - -[0m
2026-09-21 10:09:77 [[32minfo[39m]: [0mGET /api/message/all [36m304[0m 213.686 ms - -[0m
2026-09-21 10:09:00 [[32minfo[39m]: [0mGET /api/message/all [36m304[0m 211.826 ms - -[0m
2026-09-21 10:09:23 [[32minfo[39m]: [0mGET /api/message/all [36m304[0m 221.109 ms - -[0m
2026-09-21 10:09:81 [[32minfo[39m]: [0mPOST /api/auth/logout [32m200[0m 1436.789 ms - 46[0m
2026-09-21 13:09:37 [[32minfo[39m]: Login attempt by: asifandhi0@gmail.com
2026-09-21 13:09:67 [[32minfo[39m]: Login success: asifandhi0@gmail.com, role: admin
2026-09-21 13:09:67 [[32minfo[39m]: [0mPOST /api/auth/login [32m200[0m 1760.298 ms - 197[0m
2026-09-21 13:09:33 [[32minfo[39m]: [0mGET /api/message/all [36m304[0m 198.026 ms - -[0m
2026-09-21 13:09:56 [[32minfo[39m]: [0mGET /api/message/all [36m304[0m 220.427 ms - -[0m
2026-09-21 13:09:96 [[32minfo[39m]: [0mGET /api/users/users [32m200[0m 793.199 ms - -[0m
2026-09-21 13:09:14 [[32minfo[39m]: [0mGET /api/users/users [36m304[0m 175.810 ms - -[0m
2026-09-21 13:09:60 [[32minfo[39m]: [0mGET /api/balance/getBalance/205 [36m304[0m 556.320 ms - -[0m
2026-09-21 13:09:93 [[32minfo[39m]: [0mGET /api/token/all/205 [36m304[0m 888.316 ms - -[0m
2026-09-21 13:09:46 [[32minfo[39m]: [0mGET /api/message/all [36m304[0m 1444.948 ms - -[0m
2026-09-21 13:09:20 [[32minfo[39m]: [0mGET /api/message/all [36m304[0m 735.908 ms - -[0m
2026-09-21 13:09:56 [[32minfo[39m]: [0mGET /api/token/all/205 [36m304[0m 2549.737 ms - -[0m
2026-09-21 13:09:02 [[32minfo[39m]: [0mGET /api/token/all/205 [36m304[0m 451.048 ms - -[0m
2026-09-21 13:09:43 [[32minfo[39m]: [0mGET /api/balance/getBalance/205 [36m304[0m 3421.853 ms - -[0m
2026-09-21 13:09:53 [[32minfo[39m]: [0mGET /api/token/all/205 [36m304[0m 512.933 ms - -[0m
2026-09-21 13:09:94 [[32minfo[39m]: [0mGET /api/token/all/205 [36m304[0m 405.675 ms - -[0m
2026-09-21 13:09:04 [[32minfo[39m]: [0mGET /api/balance/getBalance/205 [36m304[0m 605.171 ms - -[0m
2026-09-21 13:09:20 [[32minfo[39m]: [0mGET /api/token/all [36m304[0m 672.581 ms - -[0m
2026-09-21 13:09:75 [[32minfo[39m]: [0mGET /api/token/all [36m304[0m 549.330 ms - -[0m
2026-09-21 13:09:21 [[32minfo[39m]: [0mGET /api/balance/getBalance/205 [36m304[0m 555.036 ms - -[0m
2026-09-21 13:09:90 [[32minfo[39m]: [0mGET /api/balance/getBalance/205 [36m304[0m 689.205 ms - -[0m
2026-09-21 13:09:75 [[32minfo[39m]: [0mGET /api/balance/getAllUserBalance [32m200[0m 545.605 ms - -[0m
2026-09-21 13:09:29 [[32minfo[39m]: [0mGET /api/balance/getAllUserBalance [36m304[0m 541.923 ms - -[0m
2026-09-21 13:09:68 [[32minfo[39m]: [0mPOST /api/auth/logout [32m200[0m 726.362 ms - 46[0m
2026-09-21 13:09:48 [[32minfo[39m]: Login attempt by: asifandhi@gmail.com
2026-09-21 13:09:86 [[32minfo[39m]: Login success: asifandhi@gmail.com, role: admin
2026-09-21 13:09:86 [[32minfo[39m]: [0mPOST /api/auth/login [32m200[0m 382.326 ms - 199[0m
2026-09-21 13:09:47 [[32minfo[39m]: [0mGET /api/users/users [32m200[0m 212.748 ms - 2[0m
2026-09-21 13:09:64 [[32minfo[39m]: [0mGET /api/users/users [36m304[0m 160.075 ms - -[0m
2026-09-21 13:09:10 [[32minfo[39m]: [0mGET /api/message/all [36m304[0m 840.516 ms - -[0m
2026-09-21 13:09:29 [[32minfo[39m]: [0mGET /api/message/all [36m304[0m 181.555 ms - -[0m
2026-09-21 20:09:68 [[32minfo[39m]: [0mGET /api/users/users [33m401[0m 850.888 ms - 23[0m
2026-09-21 20:09:69 [[32minfo[39m]: [0mGET /api/message/all [33m401[0m 847.381 ms - 23[0m
2026-09-21 20:09:42 [[32minfo[39m]: Login attempt by: asifandhi@gmail.com
2026-09-21 20:09:37 [[32minfo[39m]: Login success: asifandhi@gmail.com, role: admin
2026-09-21 20:09:37 [[32minfo[39m]: [0mPOST /api/auth/login [32m200[0m 1443.557 ms - 199[0m
2026-09-21 20:09:67 [[32minfo[39m]: [0mGET /api/users/users [36m304[0m 196.805 ms - -[0m
2026-09-21 20:09:86 [[32minfo[39m]: [0mGET /api/users/users [36m304[0m 188.330 ms - -[0m
2026-09-21 20:09:40 [[32minfo[39m]: [0mGET /api/message/all [36m304[0m 924.950 ms - -[0m
2026-09-21 20:09:62 [[32minfo[39m]: [0mGET /api/message/all [36m304[0m 221.957 ms - -[0m
2026-09-21 20:09:71 [[32minfo[39m]: [0mPOST /api/auth/register [32m201[0m 1897.552 ms - 246[0m
2026-09-21 20:09:56 [[32minfo[39m]: [0mGET /api/users/users [32m200[0m 202.344 ms - 97[0m
2026-09-21 20:09:53 [[32minfo[39m]: [0mPOST /api/backup/trigger-my-backup [33m401[0m 1637.866 ms - 23[0m
2026-09-21 20:09:95 [[32minfo[39m]: [0mPOST /api/backup/trigger-my-backup [31m500[0m 803.746 ms - 129[0m
2026-09-21 20:09:45 [[32minfo[39m]: [0mPOST /api/backup/trigger-my-backup [31m500[0m 116.749 ms - 129[0m
2026-09-21 20:09:35 [[32minfo[39m]: [0mPOST /api/backup/trigger-my-backup [32m200[0m 5078.955 ms - 261[0m
2026-09-21 20:09:87 [[32minfo[39m]: [0mPOST /api/auth/logout [32m200[0m 1531.852 ms - 46[0m
2026-09-22 14:09:67 [[32minfo[39m]: Login attempt by: asifandhi0@gmail.com
2026-09-22 14:09:94 [[32minfo[39m]: Login success: asifandhi0@gmail.com, role: admin
2026-09-22 14:09:95 [[32minfo[39m]: [0mPOST /api/auth/login [32m200[0m 1757.635 ms - 197[0m
2026-09-22 14:09:32 [[32minfo[39m]: [0mGET /api/message/all [36m304[0m 196.644 ms - -[0m
2026-09-22 14:09:53 [[32minfo[39m]: [0mGET /api/message/all [36m304[0m 195.379 ms - -[0m
2026-09-22 14:09:99 [[32minfo[39m]: [0mGET /api/users/users [32m200[0m 825.897 ms - -[0m
2026-09-22 14:09:22 [[32minfo[39m]: [0mGET /api/users/users [36m304[0m 223.930 ms - -[0m
2026-09-22 14:09:73 [[32minfo[39m]: [0mGET /api/balance/getBalance/205 [36m304[0m 594.239 ms - -[0m
2026-09-22 14:09:09 [[32minfo[39m]: [0mGET /api/token/all/205 [36m304[0m 955.718 ms - -[0m
2026-09-22 14:09:73 [[32minfo[39m]: [0mGET /api/token/all/205 [36m304[0m 416.536 ms - -[0m
2026-09-22 14:09:11 [[32minfo[39m]: [0mGET /api/token/all/205 [36m304[0m 375.844 ms - -[0m
2026-09-22 14:09:71 [[32minfo[39m]: [0mGET /api/token/all [36m304[0m 360.669 ms - -[0m
2026-09-22 14:09:09 [[32minfo[39m]: [0mGET /api/token/all [36m304[0m 378.876 ms - -[0m
2026-09-22 14:09:33 [[32minfo[39m]: [0mGET /api/token/all/205 [36m304[0m 939.418 ms - -[0m
2026-09-22 14:09:70 [[32minfo[39m]: [0mGET /api/token/all/205 [36m304[0m 369.510 ms - -[0m
2026-09-22 14:09:68 [[32minfo[39m]: [0mGET /api/balance/getBalance/205 [36m304[0m 1003.275 ms - -[0m
2026-09-22 14:09:19 [[32minfo[39m]: [0mGET /api/balance/getBalance/205 [36m304[0m 504.814 ms - -[0m
2026-09-22 14:09:21 [[32minfo[39m]: [0mGET /api/message/all [36m304[0m 187.377 ms - -[0m
2026-09-22 14:09:22 [[32minfo[39m]: [0mGET /api/users/users [36m304[0m 203.850 ms - -[0m
2026-09-22 14:09:42 [[32minfo[39m]: [0mGET /api/users/users [36m304[0m 190.065 ms - -[0m
2026-09-22 14:09:42 [[32minfo[39m]: [0mGET /api/message/all [36m304[0m 201.627 ms - -[0m
2026-09-22 14:09:52 [[32minfo[39m]: [0mGET /api/payment-history/ [36m304[0m 177.085 ms - -[0m
2026-09-22 14:09:72 [[32minfo[39m]: [0mGET /api/payment-history/ [36m304[0m 194.251 ms - -[0m
2026-09-22 14:09:69 [[32minfo[39m]: [0mGET /api/message/all [36m304[0m 224.743 ms - -[0m
2026-09-22 14:09:88 [[32minfo[39m]: [0mGET /api/message/all [36m304[0m 187.356 ms - -[0m
2026-09-22 14:09:05 [[32minfo[39m]: [0mGET /api/balance/getBalance/205 [36m304[0m 578.502 ms - -[0m
2026-09-22 14:09:38 [[32minfo[39m]: [0mGET /api/token/all/205 [36m304[0m 910.701 ms - -[0m
2026-09-22 14:09:55 [[32minfo[39m]: [0mGET /api/balance/getBalance/205 [36m304[0m 499.015 ms - -[0m
2026-09-22 14:09:71 [[32minfo[39m]: [0mGET /api/token/all/205 [36m304[0m 328.635 ms - -[0m
2026-09-22 14:09:50 [[32minfo[39m]: [0mPOST /api/auth/logout [32m200[0m 423.129 ms - 46[0m
2026-09-22 14:09:34 [[32minfo[39m]: Login attempt by: asifandhi0@gmail.com
2026-09-22 14:09:03 [[32minfo[39m]: Login success: asifandhi0@gmail.com, role: admin
2026-09-22 14:09:04 [[32minfo[39m]: [0mPOST /api/auth/login [32m200[0m 2219.112 ms - 197[0m
2026-09-22 14:09:95 [[32minfo[39m]: [0mGET /api/users/users [36m304[0m 232.087 ms - -[0m
2026-09-22 14:09:14 [[32minfo[39m]: [0mGET /api/users/users [36m304[0m 186.805 ms - -[0m
2026-09-22 14:09:53 [[32minfo[39m]: [0mGET /api/message/all [36m304[0m 750.585 ms - -[0m
2026-09-22 14:09:71 [[32minfo[39m]: [0mGET /api/message/all [36m304[0m 185.062 ms - -[0m
2026-09-22 14:09:03 [[32minfo[39m]: [0mGET /api/token/all/205 [36m304[0m 919.365 ms - -[0m
2026-09-22 14:09:27 [[32minfo[39m]: [0mGET /api/balance/getBalance/205 [36m304[0m 1167.156 ms - -[0m
2026-09-22 14:09:34 [[32minfo[39m]: [0mPOST /api/auth/logout [32m200[0m 484.091 ms - 46[0m
2026-09-22 14:09:31 [[32minfo[39m]: Login attempt by: asifandhi25@gmail.com
2026-09-22 14:09:64 [[32minfo[39m]: Login success: asifandhi25@gmail.com, role: superadmin
2026-09-22 14:09:65 [[32minfo[39m]: [0mPOST /api/auth/login [32m200[0m 331.225 ms - 195[0m
2026-09-22 14:09:27 [[32minfo[39m]: [0mGET /api/users/users [32m200[0m 206.423 ms - -[0m
2026-09-22 14:09:52 [[32minfo[39m]: [0mGET /api/users/users [36m304[0m 253.979 ms - -[0m
2026-09-22 14:09:73 [[32minfo[39m]: [0mGET /api/message/all [36m304[0m 782.937 ms - -[0m
2026-09-22 14:09:00 [[32minfo[39m]: [0mGET /api/message/all [36m304[0m 196.604 ms - -[0m
2026-09-22 14:09:40 [[32minfo[39m]: [0mGET /api/token/all/212 [32m200[0m 1044.029 ms - 48[0m
2026-09-22 14:09:60 [[32minfo[39m]: [0mGET /api/balance/getBalance/212 [32m200[0m 1251.542 ms - 175[0m
2026-09-22 14:09:47 [[32minfo[39m]: [0mGET /api/whatsapp/status/199 [33m404[0m 2.606 ms - 162[0m
2026-09-22 14:09:47 [[32minfo[39m]: [0mGET /api/whatsapp/status/199 [33m404[0m 0.940 ms - 162[0m
2026-09-22 14:09:05 [[32minfo[39m]: [0mPOST /api/whatsapp/generate-qr/199 [33m404[0m 0.624 ms - 168[0m
2026-09-22 14:09:21 [[32minfo[39m]: [0mPOST /api/whatsapp/generate-qr/199 [33m404[0m 0.593 ms - 168[0m
2026-09-22 14:09:16 [[32minfo[39m]: [0mPOST /api/whatsapp/generate-qr/199 [33m404[0m 0.598 ms - 168[0m
2026-09-22 14:09:37 [[32minfo[39m]: [0mPOST /api/whatsapp/generate-qr/199 [33m401[0m 144.952 ms - 23[0m
2026-09-22 14:09:34 [[32minfo[39m]: [0mPOST /api/auth/logout [32m200[0m 482.528 ms - 46[0m
2026-09-22 14:09:99 [[32minfo[39m]: Login attempt by: asifandhi25@gmail.com
2026-09-22 14:09:39 [[32minfo[39m]: Login success: asifandhi25@gmail.com, role: superadmin
2026-09-22 14:09:39 [[32minfo[39m]: [0mPOST /api/auth/login [32m200[0m 397.805 ms - 195[0m
2026-09-22 14:09:52 [[32minfo[39m]: [0mGET /api/users/users [36m304[0m 205.357 ms - -[0m
2026-09-22 14:09:74 [[32minfo[39m]: [0mGET /api/users/users [36m304[0m 189.168 ms - -[0m
2026-09-22 14:09:06 [[32minfo[39m]: [0mGET /api/message/all [36m304[0m 701.291 ms - -[0m
2026-09-22 14:09:24 [[32minfo[39m]: [0mGET /api/message/all [36m304[0m 178.590 ms - -[0m
2026-09-22 14:09:38 [[32minfo[39m]: [0mGET /api/balance/getBalance/212 [36m304[0m 496.783 ms - -[0m
2026-09-22 14:09:76 [[32minfo[39m]: [0mGET /api/token/all/212 [36m304[0m 865.386 ms - -[0m
2026-09-22 14:09:46 [[32minfo[39m]: [0mGET /api/whatsapp/status/199 [33m401[0m 80.827 ms - 23[0m
2026-09-22 14:09:56 [[32minfo[39m]: [0mGET /api/whatsapp/status/199 [33m401[0m 80.557 ms - 23[0m
2026-09-22 14:09:03 [[32minfo[39m]: [0mPOST /api/whatsapp/generate-qr/199 [33m401[0m 83.591 ms - 23[0m
2026-09-22 14:09:14 [[32minfo[39m]: [0mPOST /api/whatsapp/generate-qr/199 [33m401[0m 890.710 ms - 23[0m
2026-09-22 14:09:06 [[32minfo[39m]: [0mPOST /api/whatsapp/generate-qr/199 [33m401[0m 863.155 ms - 23[0m
2026-09-22 14:09:39 [[32minfo[39m]: [0mPOST /api/auth/logout [32m200[0m 430.923 ms - 46[0m
2026-09-22 14:09:64 [[32minfo[39m]: Login attempt by: asifandhi25@gmail.com
2026-09-22 14:09:99 [[32minfo[39m]: Login success: asifandhi25@gmail.com, role: superadmin
2026-09-22 14:09:99 [[32minfo[39m]: [0mPOST /api/auth/login [32m200[0m 353.608 ms - 195[0m
2026-09-22 14:09:19 [[32minfo[39m]: [0mGET /api/users/users [36m304[0m 183.116 ms - -[0m
2026-09-22 14:09:44 [[32minfo[39m]: [0mGET /api/users/users [36m304[0m 234.478 ms - -[0m
2026-09-22 14:09:77 [[32minfo[39m]: [0mGET /api/message/all [36m304[0m 748.960 ms - -[0m
2026-09-22 14:09:95 [[32minfo[39m]: [0mGET /api/message/all [36m304[0m 173.739 ms - -[0m
2026-09-22 14:09:02 [[32minfo[39m]: [0mGET /api/balance/getBalance/212 [36m304[0m 516.954 ms - -[0m
2026-09-22 14:09:37 [[32minfo[39m]: [0mGET /api/token/all/212 [36m304[0m 868.405 ms - -[0m
2026-09-22 14:09:60 [[32minfo[39m]: [0mGET /api/whatsapp/status/199 [33m401[0m 79.031 ms - 23[0m
2026-09-22 14:09:70 [[32minfo[39m]: [0mGET /api/whatsapp/status/199 [33m401[0m 88.390 ms - 23[0m
2026-09-22 14:09:04 [[32minfo[39m]: [0mPOST /api/whatsapp/generate-qr/199 [33m401[0m 87.232 ms - 23[0m
2026-09-22 14:09:88 [[32minfo[39m]: [0mPOST /api/whatsapp/generate-qr/199 [33m401[0m 757.043 ms - 23[0m
2026-09-22 14:09:61 [[32minfo[39m]: [0mPOST /api/whatsapp/generate-qr/199 [33m401[0m 772.883 ms - 23[0m
2026-09-22 14:09:22 [[32minfo[39m]: [0mPOST /api/whatsapp/generate-qr/199 [33m401[0m 93.742 ms - 23[0m
2026-09-22 14:09:37 [[32minfo[39m]: [0mPOST /api/auth/logout [32m200[0m 443.109 ms - 46[0m
2026-09-22 14:09:63 [[32minfo[39m]: Login attempt by: asifandhi25@gmail.com
2026-09-22 14:09:98 [[32minfo[39m]: Login success: asifandhi25@gmail.com, role: superadmin
2026-09-22 14:09:98 [[32minfo[39m]: [0mPOST /api/auth/login [32m200[0m 348.235 ms - 195[0m
2026-09-22 14:09:98 [[32minfo[39m]: [0mGET /api/users/users [36m304[0m 216.077 ms - -[0m
2026-09-22 14:09:24 [[32minfo[39m]: [0mGET /api/users/users [36m304[0m 244.576 ms - -[0m
2026-09-22 14:09:54 [[32minfo[39m]: [0mGET /api/message/all [36m304[0m 768.551 ms - -[0m
2026-09-22 14:09:79 [[32minfo[39m]: [0mGET /api/message/all [36m304[0m 171.843 ms - -[0m
2026-09-22 14:09:83 [[32minfo[39m]: [0mGET /api/balance/getBalance/212 [36m304[0m 525.908 ms - -[0m
2026-09-22 14:09:20 [[32minfo[39m]: [0mGET /api/token/all/212 [36m304[0m 881.310 ms - -[0m
2026-09-22 14:09:29 [[32minfo[39m]: [0mGET /api/whatsapp/status/199 [32m200[0m 81.580 ms - 25[0m
2026-09-22 14:09:41 [[32minfo[39m]: [0mGET /api/whatsapp/status/199 [36m304[0m 107.754 ms - -[0m
2026-09-22 14:09:26 [[32minfo[39m]: [0mPOST /api/whatsapp/generate-qr/199 [33m401[0m 101.753 ms - 23[0m
2026-09-22 14:09:90 [[32minfo[39m]: [0mPOST /api/whatsapp/generate-qr/199 [32m200[0m 17953.094 ms - 268[0m
2026-09-22 14:09:03 [[32minfo[39m]: [0mGET /api/whatsapp/status/199 [33m401[0m 755.326 ms - 23[0m
2026-09-22 14:09:43 [[32minfo[39m]: [0mGET /api/whatsapp/status/199 [33m401[0m 101.207 ms - 23[0m
2026-09-22 14:09:30 [[32minfo[39m]: [0mGET /api/whatsapp/status/199 [33m401[0m 78.645 ms - 23[0m
2026-09-22 14:09:32 [[32minfo[39m]: [0mGET /api/whatsapp/status/199 [33m401[0m 112.716 ms - 23[0m
2026-09-22 14:09:33 [[32minfo[39m]: [0mGET /api/whatsapp/status/199 [33m401[0m 119.711 ms - 23[0m
2026-09-22 14:09:30 [[32minfo[39m]: [0mGET /api/whatsapp/status/199 [33m401[0m 90.980 ms - 23[0m
2026-09-22 14:09:36 [[32minfo[39m]: [0mGET /api/whatsapp/status/199 [33m401[0m 155.083 ms - 23[0m
2026-09-22 14:09:31 [[32minfo[39m]: [0mGET /api/whatsapp/status/199 [33m401[0m 83.237 ms - 23[0m
2026-09-22 14:09:33 [[32minfo[39m]: [0mGET /api/whatsapp/status/199 [33m401[0m 124.404 ms - 23[0m
2026-09-22 14:09:36 [[32minfo[39m]: [0mGET /api/whatsapp/status/199 [33m401[0m 154.579 ms - 23[0m
2026-09-22 14:09:34 [[32minfo[39m]: [0mGET /api/whatsapp/status/199 [33m401[0m 142.974 ms - 23[0m
2026-09-22 14:09:28 [[32minfo[39m]: [0mGET /api/whatsapp/status/199 [33m401[0m 77.914 ms - 23[0m
2026-09-22 14:09:29 [[32minfo[39m]: [0mGET /api/whatsapp/status/199 [33m401[0m 83.781 ms - 23[0m
2026-09-22 14:09:38 [[32minfo[39m]: [0mGET /api/whatsapp/status/199 [33m401[0m 179.387 ms - 23[0m
2026-09-22 14:09:44 [[32minfo[39m]: [0mGET /api/whatsapp/status/199 [33m401[0m 105.379 ms - 23[0m
2026-09-22 14:09:45 [[32minfo[39m]: [0mGET /api/whatsapp/status/199 [33m401[0m 84.871 ms - 23[0m
2026-09-22 14:09:50 [[32minfo[39m]: [0mGET /api/whatsapp/status/199 [33m401[0m 89.633 ms - 23[0m
2026-09-22 14:09:75 [[32minfo[39m]: [0mGET /api/whatsapp/status/199 [33m401[0m 294.111 ms - 23[0m
2026-09-22 14:09:31 [[32minfo[39m]: [0mGET /api/whatsapp/status/199 [33m401[0m 89.206 ms - 23[0m
2026-09-22 14:09:34 [[32minfo[39m]: [0mGET /api/whatsapp/status/199 [33m401[0m 85.307 ms - 23[0m
2026-09-22 14:09:51 [[32minfo[39m]: [0mGET /api/whatsapp/status/199 [33m401[0m 89.140 ms - 23[0m
2026-09-22 14:09:30 [[32minfo[39m]: [0mGET /api/whatsapp/status/199 [33m401[0m 79.820 ms - 23[0m
2026-09-22 14:09:51 [[32minfo[39m]: [0mGET /api/whatsapp/status/199 [33m401[0m 82.800 ms - 23[0m
2026-09-22 14:09:35 [[32minfo[39m]: [0mGET /api/whatsapp/status/199 [33m401[0m 78.696 ms - 23[0m
2026-09-22 14:09:55 [[32minfo[39m]: [0mGET /api/whatsapp/status/199 [33m401[0m 149.742 ms - 23[0m
2026-09-22 14:09:09 [[32minfo[39m]: [0mGET /api/whatsapp/status/199 [33m401[0m 88.227 ms - 23[0m
2026-09-22 14:09:18 [[32minfo[39m]: [0mGET /api/whatsapp/status/199 [33m401[0m 85.790 ms - 23[0m
2026-09-22 14:09:13 [[32minfo[39m]: [0mGET /api/whatsapp/status/199 [33m401[0m 79.658 ms - 23[0m
2026-09-22 14:09:66 [[32minfo[39m]: [0mGET /api/whatsapp/status/199 [33m401[0m 95.100 ms - 23[0m
2026-09-22 14:09:38 [[32minfo[39m]: [0mGET /api/whatsapp/status/199 [33m401[0m 152.252 ms - 23[0m
2026-09-22 14:09:64 [[32minfo[39m]: [0mGET /api/whatsapp/status/199 [33m401[0m 78.567 ms - 23[0m
2026-09-22 14:09:34 [[32minfo[39m]: [0mGET /api/whatsapp/status/199 [33m401[0m 87.249 ms - 23[0m
2026-09-22 14:09:45 [[32minfo[39m]: [0mGET /api/whatsapp/status/199 [33m401[0m 263.315 ms - 23[0m
2026-09-22 14:09:97 [[32minfo[39m]: [0mGET /api/whatsapp/status/199 [33m401[0m 178.184 ms - 23[0m
2026-09-22 14:09:62 [[32minfo[39m]: [0mGET /api/whatsapp/status/199 [33m401[0m 104.322 ms - 23[0m
2026-09-22 14:09:51 [[32minfo[39m]: [0mGET /api/whatsapp/status/199 [33m401[0m 131.845 ms - 23[0m
2026-09-22 14:09:76 [[32minfo[39m]: [0mGET /api/whatsapp/status/199 [33m401[0m 206.755 ms - 23[0m
2026-09-22 14:09:42 [[32minfo[39m]: [0mGET /api/whatsapp/status/199 [33m401[0m 216.828 ms - 23[0m
2026-09-22 14:09:30 [[32minfo[39m]: [0mGET /api/whatsapp/status/199 [33m401[0m 81.556 ms - 23[0m
2026-09-22 14:09:30 [[32minfo[39m]: [0mGET /api/whatsapp/status/199 [33m401[0m 80.999 ms - 23[0m
2026-09-22 14:09:41 [[32minfo[39m]: [0mGET /api/whatsapp/status/199 [33m401[0m 109.723 ms - 23[0m
2026-09-22 14:09:61 [[32minfo[39m]: [0mGET /api/whatsapp/status/199 [32m200[0m 96.199 ms - 22[0m
2026-09-22 14:09:88 [[32minfo[39m]: [0mGET /api/whatsapp/status/199 [36m304[0m 82.820 ms - -[0m
2026-09-22 14:09:40 [[32minfo[39m]: [0mGET /api/whatsapp/status/199 [32m200[0m 125.768 ms - 25[0m
2026-09-22 14:09:50 [[32minfo[39m]: [0mGET /api/whatsapp/status/199 [36m304[0m 86.679 ms - -[0m
2026-09-22 14:09:25 [[32minfo[39m]: [0mGET /api/whatsapp/status/199 [36m304[0m 236.153 ms - -[0m
2026-09-22 14:09:35 [[32minfo[39m]: [0mGET /api/whatsapp/status/199 [36m304[0m 86.221 ms - -[0m
2026-09-22 14:09:11 [[32minfo[39m]: [0mGET /api/whatsapp/status/199 [36m304[0m 130.953 ms - -[0m
2026-09-22 14:09:23 [[32minfo[39m]: [0mGET /api/whatsapp/status/199 [36m304[0m 93.285 ms - -[0m
2026-09-22 14:09:90 [[32minfo[39m]: [0mPOST /api/whatsapp/generate-qr/199 [32m200[0m 19741.640 ms - 268[0m
2026-09-22 14:09:70 [[32minfo[39m]: [0mGET /api/whatsapp/status/199 [32m200[0m 638.339 ms - 21[0m
2026-09-22 14:09:13 [[32minfo[39m]: [0mGET /api/whatsapp/status/199 [36m304[0m 80.739 ms - -[0m
2026-09-22 14:09:16 [[32minfo[39m]: [0mGET /api/whatsapp/status/199 [36m304[0m 105.275 ms - -[0m
2026-09-22 14:09:13 [[32minfo[39m]: [0mGET /api/whatsapp/status/199 [36m304[0m 78.401 ms - -[0m
2026-09-22 14:09:13 [[32minfo[39m]: [0mGET /api/whatsapp/status/199 [36m304[0m 77.837 ms - -[0m
2026-09-22 14:09:13 [[32minfo[39m]: [0mGET /api/whatsapp/status/199 [36m304[0m 80.579 ms - -[0m
2026-09-22 14:09:18 [[32minfo[39m]: [0mGET /api/whatsapp/status/199 [36m304[0m 86.796 ms - -[0m
2026-09-22 14:09:13 [[32minfo[39m]: [0mGET /api/whatsapp/status/199 [36m304[0m 78.453 ms - -[0m
2026-09-22 14:09:13 [[32minfo[39m]: [0mGET /api/whatsapp/status/199 [36m304[0m 83.068 ms - -[0m
2026-09-22 14:09:15 [[32minfo[39m]: [0mGET /api/whatsapp/status/199 [36m304[0m 85.189 ms - -[0m
2026-09-22 14:09:14 [[32minfo[39m]: [0mGET /api/whatsapp/status/199 [36m304[0m 83.238 ms - -[0m
2026-09-22 14:09:13 [[32minfo[39m]: [0mGET /api/whatsapp/status/199 [36m304[0m 78.978 ms - -[0m
2026-09-22 14:09:14 [[32minfo[39m]: [0mGET /api/whatsapp/status/199 [36m304[0m 82.006 ms - -[0m
2026-09-22 14:09:14 [[32minfo[39m]: [0mGET /api/whatsapp/status/199 [36m304[0m 79.093 ms - -[0m
2026-09-22 14:09:14 [[32minfo[39m]: [0mGET /api/whatsapp/status/199 [36m304[0m 86.212 ms - -[0m
2026-09-22 14:09:23 [[32minfo[39m]: [0mGET /api/whatsapp/status/199 [36m304[0m 79.775 ms - -[0m
2026-09-22 14:09:20 [[32minfo[39m]: [0mGET /api/whatsapp/status/199 [36m304[0m 81.388 ms - -[0m
2026-09-22 14:09:36 [[32minfo[39m]: [0mGET /api/whatsapp/status/199 [36m304[0m 239.508 ms - -[0m
2026-09-22 14:09:39 [[32minfo[39m]: [0mGET /api/whatsapp/status/199 [36m304[0m 115.900 ms - -[0m
2026-09-22 14:09:81 [[32minfo[39m]: [0mGET /api/whatsapp/status/199 [36m304[0m 83.449 ms - -[0m
2026-09-22 14:09:14 [[32minfo[39m]: [0mGET /api/whatsapp/status/199 [36m304[0m 90.760 ms - -[0m
2026-09-22 14:09:19 [[32minfo[39m]: [0mGET /api/whatsapp/status/199 [36m304[0m 131.877 ms - -[0m
2026-09-22 14:09:18 [[32minfo[39m]: [0mGET /api/whatsapp/status/199 [36m304[0m 82.662 ms - -[0m
2026-09-22 14:09:14 [[32minfo[39m]: [0mGET /api/whatsapp/status/199 [36m304[0m 82.147 ms - -[0m
2026-09-22 14:09:99 [[32minfo[39m]: [0mGET /api/whatsapp/status/199 [36m304[0m 147.936 ms - -[0m
2026-09-22 14:09:53 [[32minfo[39m]: [0mGET /api/whatsapp/status/199 [36m304[0m 128.984 ms - -[0m
2026-09-22 14:09:41 [[32minfo[39m]: [0mGET /api/whatsapp/status/199 [36m304[0m 150.868 ms - -[0m
2026-09-22 14:09:18 [[32minfo[39m]: [0mGET /api/whatsapp/status/199 [36m304[0m 112.530 ms - -[0m
2026-09-22 14:09:17 [[32minfo[39m]: [0mGET /api/whatsapp/status/199 [32m200[0m 100.724 ms - 22[0m
2026-09-22 14:09:68 [[32minfo[39m]: [0mPUT /api/users/update/199 [32m200[0m 1218.392 ms - 590[0m
2026-09-22 14:09:71 [[32minfo[39m]: [0mPOST /api/auth/logout [32m200[0m 394.118 ms - 46[0m
2026-09-22 14:09:07 [[32minfo[39m]: Login attempt by: asifandhi@gmail.com
2026-09-22 14:09:92 [[32minfo[39m]: Login success: asifandhi@gmail.com, role: admin
2026-09-22 14:09:92 [[32minfo[39m]: [0mPOST /api/auth/login [32m200[0m 844.040 ms - 199[0m
2026-09-22 14:09:73 [[32minfo[39m]: [0mGET /api/users/users [32m200[0m 201.089 ms - 97[0m
2026-09-22 14:09:12 [[32minfo[39m]: [0mGET /api/users/users [36m304[0m 363.620 ms - -[0m
2026-09-22 14:09:05 [[32minfo[39m]: [0mGET /api/message/all [36m304[0m 1521.049 ms - -[0m
2026-09-22 14:09:15 [[32minfo[39m]: [0mGET /api/balance/getBalance/212 [36m304[0m 700.285 ms - -[0m
2026-09-22 14:09:65 [[32minfo[39m]: [0mGET /api/message/all [36m304[0m 575.196 ms - -[0m
2026-09-22 14:09:81 [[32minfo[39m]: [0mGET /api/token/all/212 [36m304[0m 2349.568 ms - -[0m
2026-09-22 14:09:59 [[32minfo[39m]: [0mGET /api/token/all/212 [36m304[0m 647.904 ms - -[0m
2026-09-22 14:09:16 [[32minfo[39m]: [0mGET /api/token/all/212 [36m304[0m 560.535 ms - -[0m
2026-09-22 14:09:98 [[32minfo[39m]: [0mGET /api/token/all [36m304[0m 543.327 ms - -[0m
2026-09-22 14:09:56 [[32minfo[39m]: [0mPOST /api/token/create [32m200[0m 1462.235 ms - -[0m
2026-09-22 14:09:52 [[32minfo[39m]: [0mGET /api/token/all/212 [32m200[0m 465.628 ms - 920[0m
2026-09-22 14:09:55 [[32minfo[39m]: [0mGET /api/users/users [36m304[0m 2231.872 ms - -[0m
2026-09-22 14:09:81 [[32minfo[39m]: [0mGET /api/token/all/212 [36m304[0m 819.093 ms - -[0m
2026-09-22 14:09:57 [[32minfo[39m]: [0mPUT /api/token/update [33m400[0m 630.157 ms - 36[0m
2026-09-22 14:09:53 [[32minfo[39m]: [0mGET /api/token/all/212 [36m304[0m 407.320 ms - -[0m
2026-09-22 14:09:04 [[32minfo[39m]: [0mGET /api/balance/getBalance/212 [36m304[0m 753.073 ms - -[0m
2026-09-22 14:09:69 [[32minfo[39m]: [0mGET /api/balance/getBalance/212 [36m304[0m 649.545 ms - -[0m
2026-09-22 14:09:15 [[32minfo[39m]: [0mPOST /api/balance/add [32m200[0m 2110.668 ms - 826[0m
2026-09-22 14:09:33 [[32minfo[39m]: [0mGET /api/balance/getBalance/212 [32m200[0m 891.803 ms - 411[0m
2026-09-22 15:09:97 [[32minfo[39m]: [0mPOST /api/balance/add [32m200[0m 2885.606 ms - 826[0m
2026-09-22 15:09:04 [[32minfo[39m]: [0mGET /api/balance/getBalance/212 [32m200[0m 763.347 ms - 644[0m
2026-09-22 15:09:60 [[32minfo[39m]: [0mPOST /api/auth/logout [32m200[0m 1124.640 ms - 46[0m
2026-09-22 15:09:28 [[32minfo[39m]: Login attempt by: asifandhi25@gmail.com
2026-09-22 15:09:78 [[32minfo[39m]: Login success: asifandhi25@gmail.com, role: superadmin
2026-09-22 15:09:78 [[32minfo[39m]: [0mPOST /api/auth/login [32m200[0m 494.768 ms - 195[0m
2026-09-22 15:09:84 [[32minfo[39m]: [0mGET /api/users/users [32m200[0m 207.788 ms - -[0m
2026-09-22 15:09:13 [[32minfo[39m]: [0mGET /api/users/users [36m304[0m 286.400 ms - -[0m
2026-09-22 15:09:45 [[32minfo[39m]: [0mGET /api/message/all [36m304[0m 850.332 ms - -[0m
2026-09-22 15:09:65 [[32minfo[39m]: [0mGET /api/message/all [36m304[0m 195.331 ms - -[0m
2026-09-22 15:09:11 [[32minfo[39m]: [0mGET /api/token/all/212 [36m304[0m 1002.453 ms - -[0m
2026-09-22 15:09:44 [[32minfo[39m]: [0mGET /api/balance/getBalance/212 [36m304[0m 1339.323 ms - -[0m
2026-09-22 15:09:40 [[32minfo[39m]: [0mGET /api/whatsapp/status/199 [32m200[0m 112.336 ms - 25[0m
2026-09-22 15:09:49 [[32minfo[39m]: [0mGET /api/whatsapp/status/199 [36m304[0m 83.053 ms - -[0m
2026-09-22 15:09:12 [[32minfo[39m]: [0mPOST /api/whatsapp/generate-qr/199 [32m200[0m 11298.771 ms - 268[0m
2026-09-22 15:09:18 [[32minfo[39m]: [0mGET /api/whatsapp/status/199 [32m200[0m 899.635 ms - 21[0m
2026-09-22 15:09:38 [[32minfo[39m]: [0mGET /api/whatsapp/status/199 [36m304[0m 101.208 ms - -[0m
2026-09-22 15:09:35 [[32minfo[39m]: [0mGET /api/whatsapp/status/199 [36m304[0m 86.692 ms - -[0m
2026-09-22 15:09:36 [[32minfo[39m]: [0mGET /api/whatsapp/status/199 [36m304[0m 83.776 ms - -[0m
2026-09-22 15:09:43 [[32minfo[39m]: [0mGET /api/whatsapp/status/199 [36m304[0m 135.741 ms - -[0m
2026-09-22 15:09:35 [[32minfo[39m]: [0mGET /api/whatsapp/status/199 [36m304[0m 84.714 ms - -[0m
2026-09-22 15:09:44 [[32minfo[39m]: [0mGET /api/whatsapp/status/199 [36m304[0m 153.739 ms - -[0m
2026-09-22 15:09:56 [[32minfo[39m]: [0mGET /api/whatsapp/status/199 [36m304[0m 177.900 ms - -[0m
2026-09-22 15:09:47 [[32minfo[39m]: [0mGET /api/whatsapp/status/199 [36m304[0m 158.549 ms - -[0m
2026-09-22 15:09:42 [[32minfo[39m]: [0mGET /api/whatsapp/status/199 [36m304[0m 129.987 ms - -[0m
2026-09-22 15:09:36 [[32minfo[39m]: [0mGET /api/whatsapp/status/199 [36m304[0m 82.030 ms - -[0m
2026-09-22 15:09:35 [[32minfo[39m]: [0mGET /api/whatsapp/status/199 [36m304[0m 82.189 ms - -[0m
2026-09-22 15:09:49 [[32minfo[39m]: [0mGET /api/whatsapp/status/199 [36m304[0m 181.584 ms - -[0m
2026-09-22 15:09:41 [[32minfo[39m]: [0mGET /api/whatsapp/status/199 [36m304[0m 98.035 ms - -[0m
2026-09-22 15:09:36 [[32minfo[39m]: [0mGET /api/whatsapp/status/199 [36m304[0m 79.861 ms - -[0m
2026-09-22 15:09:43 [[32minfo[39m]: [0mGET /api/whatsapp/status/199 [36m304[0m 82.558 ms - -[0m
2026-09-22 15:09:53 [[32minfo[39m]: [0mGET /api/whatsapp/status/199 [36m304[0m 81.116 ms - -[0m
2026-09-22 15:09:37 [[32minfo[39m]: [0mGET /api/whatsapp/status/199 [36m304[0m 92.596 ms - -[0m
2026-09-22 15:09:42 [[32minfo[39m]: [0mGET /api/whatsapp/status/199 [36m304[0m 82.854 ms - -[0m
2026-09-22 15:09:40 [[32minfo[39m]: [0mGET /api/whatsapp/status/199 [36m304[0m 81.680 ms - -[0m
2026-09-22 15:09:43 [[32minfo[39m]: [0mGET /api/whatsapp/status/199 [36m304[0m 85.857 ms - -[0m
2026-09-22 15:09:40 [[32minfo[39m]: [0mGET /api/whatsapp/status/199 [36m304[0m 82.349 ms - -[0m
2026-09-22 15:09:36 [[32minfo[39m]: [0mGET /api/whatsapp/status/199 [36m304[0m 85.185 ms - -[0m
2026-09-22 15:09:35 [[32minfo[39m]: [0mGET /api/whatsapp/status/199 [36m304[0m 80.912 ms - -[0m
2026-09-22 15:09:37 [[32minfo[39m]: [0mGET /api/whatsapp/status/199 [36m304[0m 97.518 ms - -[0m
2026-09-22 15:09:37 [[32minfo[39m]: [0mGET /api/whatsapp/status/199 [36m304[0m 83.366 ms - -[0m
2026-09-22 15:09:41 [[32minfo[39m]: [0mGET /api/whatsapp/status/199 [32m200[0m 138.942 ms - 22[0m
2026-09-22 15:09:86 [[32minfo[39m]: [0mPUT /api/users/update/199 [32m200[0m 1064.040 ms - 580[0m
2026-09-22 15:09:23 [[32minfo[39m]: [0mPOST /api/auth/logout [32m200[0m 431.093 ms - 46[0m
2026-09-22 15:09:68 [[32minfo[39m]: Login attempt by: asifandhi@gmail.com
2026-09-22 15:09:28 [[32minfo[39m]: Login success: asifandhi@gmail.com, role: admin
2026-09-22 15:09:28 [[32minfo[39m]: [0mPOST /api/auth/login [32m200[0m 600.151 ms - 199[0m
2026-09-22 15:09:51 [[32minfo[39m]: [0mGET /api/users/users [32m200[0m 204.974 ms - 97[0m
2026-09-22 15:09:23 [[32minfo[39m]: [0mGET /api/users/users [36m304[0m 537.524 ms - -[0m
2026-09-22 15:09:07 [[32minfo[39m]: [0mGET /api/message/all [36m304[0m 3774.025 ms - -[0m
2026-09-22 15:09:47 [[32minfo[39m]: [0mGET /api/balance/getBalance/212 [36m304[0m 3164.238 ms - -[0m
2026-09-22 15:09:68 [[32minfo[39m]: [0mGET /api/message/all [36m304[0m 264.676 ms - -[0m
2026-09-22 15:09:78 [[32minfo[39m]: [0mGET /api/token/all/212 [36m304[0m 3466.538 ms - -[0m
2026-09-22 15:09:25 [[32minfo[39m]: [0mGET /api/token/all/212 [36m304[0m 455.882 ms - -[0m
2026-09-22 15:09:84 [[32minfo[39m]: [0mGET /api/token/all/212 [36m304[0m 1214.057 ms - -[0m
2026-09-22 15:09:24 [[32minfo[39m]: [0mGET /api/token/all [32m200[0m 574.221 ms - 707[0m
2026-09-22 15:09:16 [[32minfo[39m]: [0mPOST /api/token/create [32m200[0m 1317.664 ms - -[0m
2026-09-22 15:09:87 [[32minfo[39m]: [0mGET /api/token/all/212 [32m200[0m 403.166 ms - -[0m
2026-09-22 15:09:11 [[32minfo[39m]: [0mPUT /api/token/update [32m200[0m 2884.808 ms - -[0m
2026-09-22 15:09:84 [[32minfo[39m]: [0mGET /api/token/all/212 [32m200[0m 634.067 ms - -[0m
2026-09-22 16:09:77 [[32minfo[39m]: [0mPUT /api/token/update [32m200[0m 2437.493 ms - -[0m
2026-09-22 16:09:77 [[32minfo[39m]: [0mGET /api/token/all/212 [36m304[0m 366.267 ms - -[0m
2026-09-22 16:09:12 [[32minfo[39m]: [0mPUT /api/token/update [32m200[0m 1882.303 ms - -[0m
2026-09-22 16:09:99 [[32minfo[39m]: [0mGET /api/token/all/212 [36m304[0m 334.027 ms - -[0m
2026-09-22 16:09:23 [[32minfo[39m]: [0mPOST /api/auth/logout [32m200[0m 967.235 ms - 46[0m
2026-09-22 16:09:75 [[32minfo[39m]: Login attempt by: asifandhi@gmail.com
2026-09-22 16:09:12 [[32minfo[39m]: Login success: asifandhi@gmail.com, role: admin
2026-09-22 16:09:12 [[32minfo[39m]: [0mPOST /api/auth/login [32m200[0m 370.633 ms - 199[0m
2026-09-22 16:09:43 [[32minfo[39m]: [0mGET /api/users/users [36m304[0m 169.532 ms - -[0m
2026-09-22 16:09:68 [[32minfo[39m]: [0mGET /api/users/users [36m304[0m 167.173 ms - -[0m
2026-09-22 16:09:06 [[32minfo[39m]: [0mGET /api/message/all [36m304[0m 792.219 ms - -[0m
2026-09-22 16:09:26 [[32minfo[39m]: [0mGET /api/message/all [36m304[0m 166.997 ms - -[0m
2026-09-22 16:09:50 [[32minfo[39m]: [0mGET /api/balance/getBalance/212 [32m200[0m 688.269 ms - 645[0m
2026-09-22 16:09:67 [[32minfo[39m]: [0mGET /api/token/all/212 [36m304[0m 843.923 ms - -[0m
2026-09-22 16:09:79 [[32minfo[39m]: [0mGET /api/token/all/212 [36m304[0m 339.287 ms - -[0m
2026-09-22 16:09:13 [[32minfo[39m]: [0mGET /api/token/all/212 [36m304[0m 334.814 ms - -[0m
2026-09-22 16:09:66 [[32minfo[39m]: [0mGET /api/balance/getBalance/212 [36m304[0m 660.194 ms - -[0m
2026-09-22 16:09:32 [[32minfo[39m]: [0mGET /api/balance/getBalance/212 [36m304[0m 657.017 ms - -[0m
2026-09-22 16:09:58 [[32minfo[39m]: [0mGET /api/token/all/212 [36m304[0m 338.671 ms - -[0m
2026-09-22 16:09:94 [[32minfo[39m]: [0mGET /api/token/all/212 [36m304[0m 355.290 ms - -[0m
2026-09-22 16:09:76 [[32minfo[39m]: [0mPUT /api/token/update [32m200[0m 1364.599 ms - -[0m
2026-09-22 16:09:58 [[32minfo[39m]: [0mGET /api/token/all/212 [36m304[0m 345.094 ms - -[0m
2026-09-22 16:09:33 [[32minfo[39m]: [0mPUT /api/token/update [32m200[0m 1963.242 ms - -[0m
2026-09-22 16:09:38 [[32minfo[39m]: [0mGET /api/token/all/212 [36m304[0m 351.713 ms - -[0m
2026-09-22 16:09:88 [[32minfo[39m]: [0mPUT /api/token/update [32m200[0m 1899.246 ms - -[0m
2026-09-22 16:09:59 [[32minfo[39m]: [0mGET /api/token/all/212 [36m304[0m 917.818 ms - -[0m
2026-09-22 16:09:06 [[32minfo[39m]: [0mPUT /api/token/update [32m200[0m 2068.049 ms - -[0m
2026-09-22 16:09:06 [[32minfo[39m]: [0mGET /api/token/all/212 [36m304[0m 365.161 ms - -[0m
2026-09-22 16:09:24 [[32minfo[39m]: [0mPUT /api/token/update [32m200[0m 1944.492 ms - -[0m
2026-09-22 16:09:42 [[32minfo[39m]: [0mGET /api/token/all/212 [36m304[0m 322.186 ms - -[0m
2026-09-22 16:09:70 [[32minfo[39m]: [0mPOST /api/auth/logout [32m200[0m 1606.465 ms - 46[0m
2026-09-22 16:09:52 [[32minfo[39m]: Login attempt by: asifandhi0@gmail.com
2026-09-22 16:09:89 [[32minfo[39m]: Login success: asifandhi0@gmail.com, role: admin
2026-09-22 16:09:89 [[32minfo[39m]: [0mPOST /api/auth/login [32m200[0m 364.317 ms - 197[0m
2026-09-22 16:09:90 [[32minfo[39m]: [0mGET /api/users/users [32m200[0m 182.895 ms - -[0m
2026-09-22 16:09:07 [[32minfo[39m]: [0mGET /api/users/users [36m304[0m 169.316 ms - -[0m
2026-09-22 16:09:47 [[32minfo[39m]: [0mGET /api/message/all [36m304[0m 761.077 ms - -[0m
2026-09-22 16:09:64 [[32minfo[39m]: [0mGET /api/message/all [36m304[0m 163.698 ms - -[0m
2026-09-22 16:09:78 [[32minfo[39m]: [0mGET /api/balance/getBalance/205 [36m304[0m 620.088 ms - -[0m
2026-09-22 16:09:11 [[32minfo[39m]: [0mGET /api/token/all/205 [36m304[0m 939.985 ms - -[0m
2026-09-22 16:09:56 [[32minfo[39m]: [0mGET /api/message/all [36m304[0m 160.316 ms - -[0m
2026-09-22 16:09:64 [[32minfo[39m]: [0mGET /api/users/users [36m304[0m 241.347 ms - -[0m
2026-09-22 16:09:85 [[32minfo[39m]: [0mGET /api/message/all [36m304[0m 162.531 ms - -[0m
2026-09-22 16:09:87 [[32minfo[39m]: [0mGET /api/users/users [36m304[0m 170.827 ms - -[0m
2026-09-22 16:09:41 [[32minfo[39m]: [0mGET /api/users/users [36m304[0m 743.196 ms - -[0m
2026-09-22 16:09:57 [[32minfo[39m]: [0mGET /api/message/all [36m304[0m 900.945 ms - -[0m
2026-09-22 16:09:07 [[32minfo[39m]: [0mGET /api/users/users [36m304[0m 174.028 ms - -[0m
2026-09-22 16:09:39 [[32minfo[39m]: [0mGET /api/users/users [36m304[0m 183.902 ms - -[0m
2026-09-22 16:09:46 [[32minfo[39m]: [0mGET /api/message/all [36m304[0m 2027.820 ms - -[0m
2026-09-22 16:09:65 [[32minfo[39m]: [0mGET /api/message/all [36m304[0m 184.581 ms - -[0m
2026-09-22 16:09:70 [[32minfo[39m]: [0mGET /api/token/all/205 [36m304[0m 2272.081 ms - -[0m
2026-09-22 16:09:85 [[32minfo[39m]: [0mGET /api/balance/getBalance/205 [36m304[0m 2425.565 ms - -[0m
2026-09-22 16:09:07 [[32minfo[39m]: [0mGET /api/token/all/205 [36m304[0m 370.013 ms - -[0m
2026-09-22 16:09:36 [[32minfo[39m]: [0mGET /api/balance/getBalance/205 [36m304[0m 504.711 ms - -[0m
2026-09-22 16:09:10 [[32minfo[39m]: [0mPOST /api/auth/logout [32m200[0m 425.086 ms - 46[0m
2026-09-22 16:09:32 [[32minfo[39m]: Login attempt by: asifandhi@gmail.com
2026-09-22 16:09:54 [[32minfo[39m]: Login success: asifandhi@gmail.com, role: admin
2026-09-22 16:09:55 [[32minfo[39m]: [0mPOST /api/auth/login [32m200[0m 1268.781 ms - 199[0m
2026-09-22 16:09:30 [[32minfo[39m]: [0mGET /api/users/users [32m200[0m 271.721 ms - 97[0m
2026-09-22 16:09:57 [[32minfo[39m]: [0mGET /api/users/users [36m304[0m 263.164 ms - -[0m
2026-09-22 16:09:95 [[32minfo[39m]: [0mGET /api/message/all [36m304[0m 914.263 ms - -[0m
2026-09-22 16:09:20 [[32minfo[39m]: [0mGET /api/message/all [36m304[0m 247.535 ms - -[0m
2026-09-22 16:09:50 [[32minfo[39m]: [0mGET /api/token/all/212 [36m304[0m 1118.184 ms - -[0m
2026-09-22 16:09:84 [[32minfo[39m]: [0mGET /api/balance/getBalance/212 [36m304[0m 1467.109 ms - -[0m
2026-09-22 16:09:53 [[32minfo[39m]: [0mGET /api/token/all/212 [36m304[0m 400.404 ms - -[0m
2026-09-22 16:09:03 [[32minfo[39m]: [0mGET /api/token/all/212 [36m304[0m 498.901 ms - -[0m
2026-09-22 16:09:27 [[32minfo[39m]: [0mPUT /api/token/update [32m200[0m 1652.478 ms - -[0m
2026-09-22 16:09:85 [[32minfo[39m]: [0mGET /api/token/all/212 [36m304[0m 390.361 ms - -[0m
2026-09-22 16:09:34 [[32minfo[39m]: [0mPUT /api/token/update [32m200[0m 1877.994 ms - -[0m
2026-09-22 16:09:12 [[32minfo[39m]: [0mGET /api/token/all/212 [36m304[0m 589.299 ms - -[0m
2026-09-22 16:09:06 [[32minfo[39m]: [0mPUT /api/token/update [32m200[0m 1803.426 ms - -[0m
2026-09-22 16:09:74 [[32minfo[39m]: [0mGET /api/token/all/212 [36m304[0m 432.179 ms - -[0m
2026-09-22 16:09:88 [[32minfo[39m]: [0mPUT /api/token/update [32m200[0m 2385.072 ms - -[0m
2026-09-22 16:09:58 [[32minfo[39m]: [0mGET /api/token/all/212 [36m304[0m 395.736 ms - -[0m
2026-09-22 16:09:26 [[32minfo[39m]: [0mPUT /api/token/update [32m200[0m 1700.565 ms - -[0m
2026-09-22 16:09:91 [[32minfo[39m]: [0mGET /api/token/all/212 [36m304[0m 389.909 ms - -[0m
2026-09-22 16:09:87 [[32minfo[39m]: [0mPUT /api/token/update [32m200[0m 1652.440 ms - -[0m
2026-09-22 16:09:59 [[32minfo[39m]: [0mGET /api/token/all/212 [36m304[0m 392.391 ms - -[0m
2026-09-22 17:09:96 [[32minfo[39m]: [0mPUT /api/token/update [32m200[0m 1560.327 ms - -[0m
2026-09-22 17:09:56 [[32minfo[39m]: [0mGET /api/token/all/212 [36m304[0m 450.182 ms - -[0m
2026-09-22 23:09:31 [[32minfo[39m]: [0mGET /api/users/users [33m401[0m 1159.705 ms - 23[0m
2026-09-22 23:09:32 [[32minfo[39m]: [0mGET /api/message/all [33m401[0m 1208.708 ms - 23[0m
2026-09-22 23:09:71 [[32minfo[39m]: Login attempt by: asifandhi@gmail.com
2026-09-22 23:09:86 [[32minfo[39m]: Login success: asifandhi@gmail.com, role: admin
2026-09-22 23:09:86 [[32minfo[39m]: [0mPOST /api/auth/login [32m200[0m 2437.319 ms - 199[0m
2026-09-22 23:09:13 [[32minfo[39m]: [0mGET /api/users/users [36m304[0m 219.518 ms - -[0m
2026-09-22 23:09:36 [[32minfo[39m]: [0mGET /api/users/users [36m304[0m 225.531 ms - -[0m
2026-09-22 23:09:69 [[32minfo[39m]: [0mGET /api/message/all [36m304[0m 775.508 ms - -[0m
2026-09-22 23:09:00 [[32minfo[39m]: [0mGET /api/message/all [36m304[0m 192.035 ms - -[0m
2026-09-22 23:09:34 [[32minfo[39m]: [0mGET /api/balance/getBalance/212 [36m304[0m 886.380 ms - -[0m
2026-09-22 23:09:56 [[32minfo[39m]: [0mGET /api/token/all/212 [36m304[0m 1109.886 ms - -[0m
2026-09-22 23:09:15 [[32minfo[39m]: [0mGET /api/token/all/212 [33m401[0m 2.444 ms - 23[0m
2026-09-22 23:09:16 [[32minfo[39m]: [0mGET /api/token/all/212 [33m401[0m 1.553 ms - 23[0m
2026-09-22 23:09:33 [[32minfo[39m]: Login attempt by: asifandhi@gmail.com
2026-09-22 23:09:38 [[32minfo[39m]: Login success: asifandhi@gmail.com, role: admin
2026-09-22 23:09:38 [[32minfo[39m]: [0mPOST /api/auth/login [32m200[0m 1047.301 ms - 199[0m
2026-09-22 23:09:98 [[32minfo[39m]: [0mGET /api/users/users [36m304[0m 212.042 ms - -[0m
2026-09-22 23:09:20 [[32minfo[39m]: [0mGET /api/users/users [36m304[0m 218.680 ms - -[0m
2026-09-22 23:09:62 [[32minfo[39m]: [0mGET /api/message/all [36m304[0m 843.026 ms - -[0m
2026-09-22 23:09:81 [[32minfo[39m]: [0mGET /api/message/all [36m304[0m 188.008 ms - -[0m
2026-09-22 23:09:98 [[32minfo[39m]: [0mGET /api/token/all/212 [36m304[0m 929.588 ms - -[0m
2026-09-22 23:09:32 [[32minfo[39m]: [0mGET /api/balance/getBalance/212 [36m304[0m 1269.518 ms - -[0m
2026-09-22 23:09:06 [[32minfo[39m]: [0mGET /api/token/all/212 [36m304[0m 383.379 ms - -[0m
2026-09-22 23:09:45 [[32minfo[39m]: [0mGET /api/token/all/212 [36m304[0m 379.759 ms - -[0m
2026-09-22 23:09:60 [[32minfo[39m]: [0mDELETE /api/token/43 [31m500[0m 1302.846 ms - 22[0m
2026-09-22 23:09:43 [[32minfo[39m]: [0mDELETE /api/token/43 [33m404[0m 781.794 ms - 25[0m
2026-09-22 23:09:93 [[32minfo[39m]: [0mDELETE /api/token/43 [33m404[0m 1058.294 ms - 25[0m
2026-09-22 23:09:100 [[32minfo[39m]: [0mDELETE /api/token/43 [31m500[0m 267.392 ms - 22[0m
2026-09-22 23:09:22 [[32minfo[39m]: [0mDELETE /api/token/43 [31m500[0m 867.074 ms - 22[0m
2026-09-22 23:09:63 [[32minfo[39m]: [0mPUT /api/token/update [32m200[0m 2607.585 ms - -[0m
2026-09-22 23:09:24 [[32minfo[39m]: [0mGET /api/token/all/212 [32m200[0m 391.765 ms - 952[0m
2026-09-22 23:09:42 [[32minfo[39m]: [0mGET /api/message/all [36m304[0m 273.559 ms - -[0m
2026-09-22 23:09:72 [[32minfo[39m]: [0mGET /api/message/all [36m304[0m 256.132 ms - -[0m
2026-09-22 23:09:27 [[32minfo[39m]: [0mGET /api/users/users [36m304[0m 198.535 ms - -[0m
2026-09-22 23:09:46 [[32minfo[39m]: [0mGET /api/token/all/212 [36m304[0m 474.114 ms - -[0m
2026-09-22 23:09:04 [[32minfo[39m]: [0mGET /api/token/all/212 [36m304[0m 572.362 ms - -[0m
2026-09-22 23:09:22 [[32minfo[39m]: [0mGET /api/token/all [32m200[0m 392.337 ms - 737[0m
2026-09-22 23:09:19 [[32minfo[39m]: [0mPOST /api/token/create [32m200[0m 1473.913 ms - -[0m
2026-09-22 23:09:13 [[32minfo[39m]: [0mGET /api/token/all/212 [32m200[0m 884.159 ms - -[0m
2026-09-22 23:09:21 [[32minfo[39m]: [0mDELETE /api/token/45 [31m500[0m 1505.758 ms - 22[0m
2026-09-22 23:09:15 [[32minfo[39m]: [0mPUT /api/token/update [32m200[0m 2491.285 ms - -[0m
2026-09-22 23:09:75 [[32minfo[39m]: [0mGET /api/token/all/212 [32m200[0m 442.869 ms - 952[0m
2026-09-22 23:09:96 [[32minfo[39m]: [0mPUT /api/token/confirm [32m200[0m 2865.673 ms - 83[0m
2026-09-22 23:09:04 [[32minfo[39m]: [0mGET /api/token/all/212 [32m200[0m 966.582 ms - 977[0m
2026-09-22 23:09:90 [[32minfo[39m]: [0mGET /api/token/all [32m200[0m 915.744 ms - 762[0m
2026-09-22 23:09:83 [[32minfo[39m]: [0mPOST /api/token/create [32m200[0m 924.638 ms - -[0m
2026-09-22 23:09:83 [[32minfo[39m]: [0mGET /api/token/all/212 [32m200[0m 946.379 ms - -[0m
2026-09-22 23:09:90 [[32minfo[39m]: [0mPUT /api/token/update [32m200[0m 2859.133 ms - -[0m
2026-09-22 23:09:38 [[32minfo[39m]: [0mGET /api/token/all/212 [32m200[0m 359.479 ms - -[0m
2026-09-22 23:09:69 [[32minfo[39m]: [0mPUT /api/token/confirm [32m200[0m 2023.906 ms - 83[0m
2026-09-22 23:09:64 [[32minfo[39m]: [0mGET /api/token/all/212 [32m200[0m 833.333 ms - -[0m
2026-09-22 23:09:29 [[32minfo[39m]: [0mPUT /api/token/confirm [32m200[0m 2388.718 ms - 83[0m
2026-09-22 23:09:29 [[32minfo[39m]: [0mGET /api/token/all/212 [32m200[0m 883.890 ms - -[0m
2026-09-22 23:09:92 [[32minfo[39m]: [0mGET /api/token/all [32m200[0m 1215.966 ms - -[0m
2026-09-22 23:09:92 [[32minfo[39m]: [0mPOST /api/token/create [32m200[0m 1562.474 ms - -[0m
2026-09-22 23:09:94 [[32minfo[39m]: [0mGET /api/token/all/212 [32m200[0m 937.185 ms - -[0m
2026-09-22 23:09:54 [[32minfo[39m]: [0mDELETE /api/token/47 [31m500[0m 1476.389 ms - 22[0m
2026-09-22 23:09:34 [[32minfo[39m]: [0mPOST /api/auth/logout [32m200[0m 457.351 ms - 46[0m
2026-09-23 09:09:90 [[32minfo[39m]: Login attempt by: asifandhi@gmail.com
2026-09-23 09:09:99 [[32minfo[39m]: Login success: asifandhi@gmail.com, role: admin
2026-09-23 09:09:99 [[32minfo[39m]: [0mPOST /api/auth/login [32m200[0m 1554.449 ms - 199[0m
2026-09-23 09:09:77 [[32minfo[39m]: [0mGET /api/message/all [36m304[0m 206.303 ms - -[0m
2026-09-23 09:09:00 [[32minfo[39m]: [0mGET /api/message/all [36m304[0m 218.377 ms - -[0m
2026-09-23 09:09:30 [[32minfo[39m]: [0mGET /api/users/users [36m304[0m 734.063 ms - -[0m
2026-09-23 09:09:47 [[32minfo[39m]: [0mGET /api/users/users [36m304[0m 167.923 ms - -[0m
2026-09-23 09:09:13 [[32minfo[39m]: [0mGET /api/balance/getBalance/212 [32m200[0m 757.901 ms - 645[0m
2026-09-23 09:09:39 [[32minfo[39m]: [0mGET /api/token/all/212 [32m200[0m 973.586 ms - -[0m
2026-09-23 09:09:17 [[32minfo[39m]: [0mGET /api/token/all/212 [36m304[0m 434.589 ms - -[0m
2026-09-23 09:09:59 [[32minfo[39m]: [0mGET /api/token/all/212 [36m304[0m 420.354 ms - -[0m
2026-09-23 09:09:60 [[32minfo[39m]: [0mGET /api/token/all [36m304[0m 435.843 ms - -[0m
2026-09-23 09:09:61 [[32minfo[39m]: [0mPOST /api/token/create [32m200[0m 1445.319 ms - -[0m
2026-09-23 09:09:67 [[32minfo[39m]: [0mGET /api/token/all/212 [32m200[0m 389.466 ms - -[0m
2026-09-23 09:09:76 [[32minfo[39m]: [0mDELETE /api/token/48 [32m200[0m 1593.042 ms - 52[0m
2026-09-23 09:09:40 [[32minfo[39m]: [0mGET /api/token/all/212 [32m200[0m 1571.877 ms - -[0m
2026-09-23 09:09:54 [[32minfo[39m]: [0mGET /api/token/all [36m304[0m 1092.285 ms - -[0m
2026-09-23 09:09:38 [[32minfo[39m]: [0mPOST /api/token/create [32m200[0m 901.179 ms - -[0m
2026-09-23 09:09:37 [[32minfo[39m]: [0mGET /api/token/all/212 [32m200[0m 911.811 ms - -[0m
2026-09-23 09:09:65 [[32minfo[39m]: [0mPOST /api/auth/register [32m201[0m 1064.933 ms - 246[0m
2026-09-23 09:09:05 [[32minfo[39m]: [0mGET /api/users/users [32m200[0m 171.409 ms - 193[0m
2026-09-23 09:09:11 [[32minfo[39m]: [0mGET /api/balance/getBalance/212 [36m304[0m 1233.804 ms - -[0m
2026-09-23 09:09:82 [[32minfo[39m]: [0mGET /api/balance/getBalance/212 [36m304[0m 699.413 ms - -[0m
2026-09-23 09:09:04 [[32minfo[39m]: [0mPOST /api/balance/add [32m200[0m 1851.632 ms - 816[0m
2026-09-23 09:09:94 [[32minfo[39m]: [0mGET /api/balance/getBalance/213 [32m200[0m 795.741 ms - 411[0m
2026-09-23 09:09:53 [[32minfo[39m]: [0mGET /api/message/all [36m304[0m 761.873 ms - -[0m
2026-09-23 09:09:66 [[32minfo[39m]: [0mGET /api/token/all/212 [36m304[0m 900.995 ms - -[0m
2026-09-23 09:09:70 [[32minfo[39m]: [0mGET /api/message/all [36m304[0m 170.612 ms - -[0m
2026-09-23 09:09:100 [[32minfo[39m]: [0mGET /api/token/all/212 [36m304[0m 333.607 ms - -[0m
2026-09-23 09:09:01 [[32minfo[39m]: [0mGET /api/balance/getBalance/212 [36m304[0m 1250.903 ms - -[0m
2026-09-23 09:09:68 [[32minfo[39m]: [0mGET /api/balance/getBalance/212 [36m304[0m 666.285 ms - -[0m
2026-09-23 14:09:83 [[32minfo[39m]: [0mGET /api/token/all/212 [33m401[0m 1062.157 ms - 23[0m
2026-09-23 14:09:97 [[32minfo[39m]: [0mGET /api/token/all/212 [33m401[0m 126.453 ms - 23[0m
2026-09-23 14:09:31 [[32minfo[39m]: Login attempt by: asifandhi@gmail.com
2026-09-23 14:09:73 [[32minfo[39m]: Login success: asifandhi@gmail.com, role: admin
2026-09-23 14:09:73 [[32minfo[39m]: [0mPOST /api/auth/login [32m200[0m 728.567 ms - 199[0m
2026-09-23 14:09:40 [[32minfo[39m]: [0mGET /api/users/users [36m304[0m 210.337 ms - -[0m
2026-09-23 14:09:80 [[32minfo[39m]: [0mGET /api/users/users [36m304[0m 392.491 ms - -[0m
2026-09-23 14:09:50 [[32minfo[39m]: [0mGET /api/message/all [36m304[0m 1304.225 ms - -[0m
2026-09-23 14:09:76 [[32minfo[39m]: [0mGET /api/message/all [36m304[0m 257.268 ms - -[0m
2026-09-23 14:09:02 [[32minfo[39m]: [0mGET /api/token/all/213 [32m200[0m 1344.530 ms - 48[0m
2026-09-23 14:09:59 [[32minfo[39m]: [0mGET /api/balance/getBalance/213 [36m304[0m 1911.980 ms - -[0m
2026-09-23 14:09:88 [[32minfo[39m]: [0mGET /api/token/all [32m200[0m 496.602 ms - -[0m
2026-09-23 14:09:42 [[32minfo[39m]: [0mGET /api/token/all [36m304[0m 535.123 ms - -[0m
2026-09-23 14:09:45 [[32minfo[39m]: [0mGET /api/balance/getBalance/213 [36m304[0m 1101.994 ms - -[0m
2026-09-23 14:09:80 [[32minfo[39m]: [0mGET /api/balance/getBalance/213 [36m304[0m 1352.278 ms - -[0m
2026-09-23 14:09:64 [[32minfo[39m]: [0mPOST /api/balance/add [32m200[0m 3025.642 ms - 816[0m
2026-09-23 14:09:72 [[32minfo[39m]: [0mGET /api/balance/getBalance/213 [32m200[0m 994.524 ms - 644[0m
2026-09-23 14:09:62 [[32minfo[39m]: [0mPUT /api/balance/edit/8 [32m200[0m 2152.356 ms - 840[0m
2026-09-23 14:09:39 [[32minfo[39m]: [0mGET /api/balance/getBalance/213 [36m304[0m 738.803 ms - -[0m
2026-09-23 14:09:80 [[32minfo[39m]: [0mGET /api/token/all/213 [36m304[0m 1162.283 ms - -[0m
2026-09-23 14:09:22 [[32minfo[39m]: [0mGET /api/token/all/213 [36m304[0m 415.013 ms - -[0m
2026-09-23 14:09:89 [[32minfo[39m]: [0mGET /api/token/all [36m304[0m 397.659 ms - -[0m
2026-09-23 14:09:87 [[32minfo[39m]: [0mPOST /api/token/create [32m200[0m 1290.491 ms - -[0m
2026-09-23 14:09:43 [[32minfo[39m]: [0mGET /api/token/all/213 [32m200[0m 398.233 ms - 922[0m
2026-09-23 14:09:16 [[32minfo[39m]: [0mPOST /api/auth/logout [32m200[0m 1601.164 ms - 46[0m
2026-09-23 14:09:38 [[32minfo[39m]: Login attempt by: asifandhi25@gmail.com
2026-09-23 14:09:73 [[32minfo[39m]: Login success: asifandhi25@gmail.com, role: superadmin
2026-09-23 14:09:73 [[32minfo[39m]: [0mPOST /api/auth/login [32m200[0m 344.766 ms - 195[0m
2026-09-23 14:09:26 [[32minfo[39m]: [0mGET /api/users/users [32m200[0m 224.455 ms - -[0m
2026-09-23 14:09:48 [[32minfo[39m]: [0mGET /api/users/users [36m304[0m 214.593 ms - -[0m
2026-09-23 14:09:78 [[32minfo[39m]: [0mGET /api/message/all [36m304[0m 740.882 ms - -[0m
2026-09-23 14:09:96 [[32minfo[39m]: [0mGET /api/message/all [36m304[0m 179.629 ms - -[0m
2026-09-23 14:09:27 [[32minfo[39m]: [0mGET /api/token/all/213 [36m304[0m 929.637 ms - -[0m
2026-09-23 14:09:55 [[32minfo[39m]: [0mGET /api/balance/getBalance/213 [36m304[0m 1218.160 ms - -[0m
2026-09-23 14:09:38 [[32minfo[39m]: [0mGET /api/whatsapp/status/199 [36m304[0m 115.355 ms - -[0m
2026-09-23 14:09:50 [[32minfo[39m]: [0mGET /api/whatsapp/status/199 [36m304[0m 125.093 ms - -[0m
2026-09-23 14:09:57 [[32minfo[39m]: [0mPUT /api/users/update/199 [32m200[0m 1147.481 ms - 592[0m
2026-09-23 14:09:53 [[32minfo[39m]: [0mPOST /api/auth/logout [32m200[0m 644.620 ms - 46[0m
2026-09-23 14:09:65 [[32minfo[39m]: Login attempt by: asifandhi@gmail.com
2026-09-23 14:09:97 [[32minfo[39m]: Login success: asifandhi@gmail.com, role: admin
2026-09-23 14:09:97 [[32minfo[39m]: [0mPOST /api/auth/login [32m200[0m 319.548 ms - 199[0m
2026-09-23 14:09:49 [[32minfo[39m]: [0mGET /api/users/users [32m200[0m 169.035 ms - 193[0m
2026-09-23 14:09:67 [[32minfo[39m]: [0mGET /api/users/users [36m304[0m 183.428 ms - -[0m
2026-09-23 14:09:27 [[32minfo[39m]: [0mGET /api/message/all [36m304[0m 944.107 ms - -[0m
2026-09-23 14:09:46 [[32minfo[39m]: [0mGET /api/message/all [36m304[0m 191.567 ms - -[0m
2026-09-23 14:09:56 [[32minfo[39m]: [0mGET /api/token/all/213 [36m304[0m 987.830 ms - -[0m
2026-09-23 14:09:93 [[32minfo[39m]: [0mGET /api/balance/getBalance/213 [36m304[0m 1361.731 ms - -[0m
2026-09-23 14:09:39 [[32minfo[39m]: [0mGET /api/token/all/213 [36m304[0m 410.331 ms - -[0m
2026-09-23 14:09:82 [[32minfo[39m]: [0mGET /api/token/all/213 [36m304[0m 421.945 ms - -[0m
2026-09-23 14:09:08 [[32minfo[39m]: [0mGET /api/balance/getBalance/213 [36m304[0m 738.106 ms - -[0m
2026-09-23 14:09:87 [[32minfo[39m]: [0mGET /api/balance/getBalance/213 [36m304[0m 789.042 ms - -[0m
2026-09-23 14:09:10 [[32minfo[39m]: [0mPUT /api/balance/edit/8 [32m200[0m 1663.979 ms - 852[0m
2026-09-23 14:09:89 [[32minfo[39m]: [0mGET /api/balance/getBalance/213 [36m304[0m 749.049 ms - -[0m
2026-09-23 14:09:10 [[32minfo[39m]: [0mDELETE /api/balance/delete/7 [33m400[0m 997.632 ms - 54[0m
2026-09-23 14:09:45 [[32minfo[39m]: [0mDELETE /api/balance/delete/8 [32m200[0m 1995.009 ms - 46[0m
2026-09-23 14:09:14 [[32minfo[39m]: [0mGET /api/balance/getBalance/213 [32m200[0m 664.579 ms - 411[0m
2026-09-23 14:09:55 [[32minfo[39m]: [0mGET /api/token/all/213 [36m304[0m 833.025 ms - -[0m
2026-09-23 14:09:89 [[32minfo[39m]: [0mGET /api/token/all/213 [36m304[0m 329.113 ms - -[0m
2026-09-23 14:09:80 [[32minfo[39m]: [0mDELETE /api/token/50 [32m200[0m 847.432 ms - 52[0m
2026-09-23 14:09:70 [[32minfo[39m]: [0mGET /api/token/all/213 [32m200[0m 855.651 ms - 48[0m
2026-09-23 14:09:11 [[32minfo[39m]: [0mGET /api/balance/getBalance/213 [36m304[0m 660.777 ms - -[0m
2026-09-23 14:09:77 [[32minfo[39m]: [0mGET /api/balance/getBalance/213 [36m304[0m 661.068 ms - -[0m
2026-09-23 14:09:25 [[32minfo[39m]: [0mDELETE /api/balance/delete/7 [32m200[0m 1991.434 ms - 46[0m
2026-09-23 14:09:94 [[32minfo[39m]: [0mGET /api/balance/getBalance/213 [32m200[0m 657.447 ms - 175[0m
2026-09-23 14:09:95 [[32minfo[39m]: [0mPOST /api/message/add [32m200[0m 1255.968 ms - 813[0m
2026-09-23 14:09:47 [[32minfo[39m]: [0mGET /api/message/all [32m200[0m 298.287 ms - 236[0m
2026-09-23 14:09:79 [[32minfo[39m]: [0mGET /api/message/all [36m304[0m 286.940 ms - -[0m
2026-09-23 14:09:95 [[32minfo[39m]: [0mPOST /api/token/create [32m200[0m 1269.624 ms - -[0m
2026-09-23 14:09:20 [[32minfo[39m]: [0mGET /api/token/all/213 [32m200[0m 2091.971 ms - 922[0m
2026-09-23 14:09:32 [[32minfo[39m]: [0mGET /api/users/users [36m304[0m 211.607 ms - -[0m
2026-09-23 14:09:53 [[32minfo[39m]: [0mGET /api/users/users [36m304[0m 198.687 ms - -[0m
2026-09-23 14:09:11 [[32minfo[39m]: [0mGET /api/message/all [36m304[0m 985.102 ms - -[0m
2026-09-23 14:09:44 [[32minfo[39m]: [0mGET /api/message/all [36m304[0m 324.949 ms - -[0m
2026-09-23 14:09:09 [[32minfo[39m]: [0mPOST /api/auth/logout [32m200[0m 962.457 ms - 46[0m
2026-09-23 14:09:30 [[32minfo[39m]: [0mGET /api/users/users [33m401[0m 0.594 ms - 40[0m
2026-09-23 14:09:02 [[32minfo[39m]: Login attempt by: asifandhi25@gmail.com
2026-09-23 14:09:43 [[32minfo[39m]: Login success: asifandhi25@gmail.com, role: superadmin
2026-09-23 14:09:43 [[32minfo[39m]: [0mPOST /api/auth/login [32m200[0m 405.739 ms - 195[0m
2026-09-23 14:09:09 [[32minfo[39m]: [0mGET /api/users/users [32m200[0m 183.877 ms - -[0m
2026-09-23 14:09:30 [[32minfo[39m]: [0mGET /api/users/users [36m304[0m 201.456 ms - -[0m
2026-09-23 14:09:74 [[32minfo[39m]: [0mGET /api/message/all [36m304[0m 814.204 ms - -[0m
2026-09-23 14:09:100 [[32minfo[39m]: [0mGET /api/message/all [36m304[0m 259.051 ms - -[0m
2026-09-23 14:09:14 [[32minfo[39m]: [0mGET /api/token/all/213 [36m304[0m 851.201 ms - -[0m
2026-09-23 14:09:44 [[32minfo[39m]: [0mGET /api/balance/getBalance/213 [36m304[0m 1176.711 ms - -[0m
2026-09-23 14:09:53 [[32minfo[39m]: [0mGET /api/token/all/213 [36m304[0m 1048.367 ms - -[0m
2026-09-23 14:09:90 [[32minfo[39m]: [0mGET /api/token/all/213 [36m304[0m 366.791 ms - -[0m
2026-09-23 14:09:06 [[32minfo[39m]: [0mGET /api/whatsapp/status/192 [32m200[0m 85.876 ms - 25[0m
2026-09-23 14:09:15 [[32minfo[39m]: [0mGET /api/whatsapp/status/192 [36m304[0m 82.207 ms - -[0m
2026-09-23 14:09:92 [[32minfo[39m]: [0mGET /api/whatsapp/status/199 [36m304[0m 80.059 ms - -[0m
2026-09-23 14:09:01 [[32minfo[39m]: [0mGET /api/whatsapp/status/199 [36m304[0m 90.167 ms - -[0m
2026-09-23 14:09:31 [[32minfo[39m]: [0mGET /api/whatsapp/status/192 [36m304[0m 82.534 ms - -[0m
2026-09-23 14:09:40 [[32minfo[39m]: [0mGET /api/whatsapp/status/192 [36m304[0m 81.250 ms - -[0m
2026-09-23 14:09:52 [[32minfo[39m]: [0mPOST /api/whatsapp/generate-qr/192 [32m200[0m 11009.724 ms - 268[0m
2026-09-23 14:09:24 [[32minfo[39m]: [0mGET /api/whatsapp/status/192 [32m200[0m 592.632 ms - 21[0m
2026-09-23 14:09:72 [[32minfo[39m]: [0mGET /api/whatsapp/status/192 [36m304[0m 79.579 ms - -[0m
2026-09-23 14:09:72 [[32minfo[39m]: [0mGET /api/whatsapp/status/192 [36m304[0m 81.074 ms - -[0m
2026-09-23 14:09:72 [[32minfo[39m]: [0mGET /api/whatsapp/status/192 [36m304[0m 77.975 ms - -[0m
2026-09-23 14:09:72 [[32minfo[39m]: [0mGET /api/whatsapp/status/192 [36m304[0m 79.067 ms - -[0m
2026-09-23 14:09:80 [[32minfo[39m]: [0mGET /api/whatsapp/status/192 [36m304[0m 159.814 ms - -[0m
2026-09-23 14:09:73 [[32minfo[39m]: [0mGET /api/whatsapp/status/192 [36m304[0m 91.255 ms - -[0m
2026-09-23 14:09:72 [[32minfo[39m]: [0mGET /api/whatsapp/status/192 [36m304[0m 80.997 ms - -[0m
2026-09-23 14:09:71 [[32minfo[39m]: [0mGET /api/whatsapp/status/192 [36m304[0m 80.489 ms - -[0m
2026-09-23 14:09:79 [[32minfo[39m]: [0mGET /api/whatsapp/status/192 [36m304[0m 148.547 ms - -[0m
2026-09-23 14:09:72 [[32minfo[39m]: [0mGET /api/whatsapp/status/192 [36m304[0m 81.269 ms - -[0m
2026-09-23 14:09:73 [[32minfo[39m]: [0mGET /api/whatsapp/status/192 [36m304[0m 79.952 ms - -[0m
2026-09-23 14:09:80 [[32minfo[39m]: [0mGET /api/whatsapp/status/192 [36m304[0m 130.577 ms - -[0m
2026-09-23 14:09:71 [[32minfo[39m]: [0mGET /api/whatsapp/status/192 [36m304[0m 79.104 ms - -[0m
2026-09-23 14:09:73 [[32minfo[39m]: [0mGET /api/whatsapp/status/192 [36m304[0m 88.154 ms - -[0m
2026-09-23 14:09:71 [[32minfo[39m]: [0mGET /api/whatsapp/status/192 [36m304[0m 78.354 ms - -[0m
2026-09-23 14:09:71 [[32minfo[39m]: [0mGET /api/whatsapp/status/192 [36m304[0m 80.160 ms - -[0m
2026-09-23 14:09:72 [[32minfo[39m]: [0mGET /api/whatsapp/status/192 [36m304[0m 90.538 ms - -[0m
2026-09-23 14:09:72 [[32minfo[39m]: [0mGET /api/whatsapp/status/192 [36m304[0m 83.022 ms - -[0m
2026-09-23 14:09:71 [[32minfo[39m]: [0mGET /api/whatsapp/status/192 [36m304[0m 79.918 ms - -[0m
2026-09-23 14:09:71 [[32minfo[39m]: [0mGET /api/whatsapp/status/192 [36m304[0m 82.429 ms - -[0m
2026-09-23 14:09:72 [[32minfo[39m]: [0mGET /api/whatsapp/status/192 [36m304[0m 85.635 ms - -[0m
2026-09-23 14:09:71 [[32minfo[39m]: [0mGET /api/whatsapp/status/192 [36m304[0m 80.382 ms - -[0m
2026-09-23 14:09:71 [[32minfo[39m]: [0mGET /api/whatsapp/status/192 [36m304[0m 79.688 ms - -[0m
2026-09-23 14:09:73 [[32minfo[39m]: [0mGET /api/whatsapp/status/192 [36m304[0m 96.860 ms - -[0m
2026-09-23 14:09:71 [[32minfo[39m]: [0mGET /api/whatsapp/status/192 [36m304[0m 80.482 ms - -[0m
2026-09-23 14:09:71 [[32minfo[39m]: [0mGET /api/whatsapp/status/192 [36m304[0m 80.739 ms - -[0m
2026-09-23 14:09:73 [[32minfo[39m]: [0mGET /api/whatsapp/status/192 [36m304[0m 82.599 ms - -[0m
2026-09-23 14:09:84 [[32minfo[39m]: [0mGET /api/whatsapp/status/192 [36m304[0m 214.995 ms - -[0m
2026-09-23 14:09:70 [[32minfo[39m]: [0mGET /api/whatsapp/status/192 [36m304[0m 77.650 ms - -[0m
2026-09-23 14:09:74 [[32minfo[39m]: [0mGET /api/whatsapp/status/192 [36m304[0m 79.317 ms - -[0m
2026-09-23 14:09:83 [[32minfo[39m]: [0mGET /api/whatsapp/status/192 [36m304[0m 130.347 ms - -[0m
2026-09-23 14:09:71 [[32minfo[39m]: [0mGET /api/whatsapp/status/192 [36m304[0m 82.165 ms - -[0m
2026-09-23 14:09:99 [[32minfo[39m]: [0mGET /api/whatsapp/status/192 [36m304[0m 164.881 ms - -[0m
2026-09-23 14:09:76 [[32minfo[39m]: [0mGET /api/whatsapp/status/192 [36m304[0m 108.087 ms - -[0m
2026-09-23 14:09:72 [[32minfo[39m]: [0mGET /api/whatsapp/status/192 [32m200[0m 81.222 ms - 22[0m
2026-09-23 14:09:61 [[32minfo[39m]: [0mPUT /api/users/update/192 [32m200[0m 889.984 ms - 600[0m
2026-09-23 15:09:39 [[32minfo[39m]: [0mPOST /api/auth/logout [32m200[0m 425.528 ms - 46[0m
2026-09-23 15:09:23 [[32minfo[39m]: Login attempt by: tosifandhi@gmail.com
2026-09-23 15:09:29 [[32minfo[39m]: Login success: tosifandhi@gmail.com, role: admin
2026-09-23 15:09:29 [[32minfo[39m]: [0mPOST /api/auth/login [32m200[0m 1061.498 ms - 208[0m
2026-09-23 15:09:02 [[32minfo[39m]: [0mGET /api/users/users [32m200[0m 165.160 ms - 2[0m
2026-09-23 15:09:19 [[32minfo[39m]: [0mGET /api/users/users [36m304[0m 159.952 ms - -[0m
2026-09-23 15:09:54 [[32minfo[39m]: [0mGET /api/message/all [32m200[0m 677.771 ms - 2[0m
2026-09-23 15:09:72 [[32minfo[39m]: [0mGET /api/message/all [36m304[0m 179.248 ms - -[0m
2026-09-23 15:09:91 [[32minfo[39m]: [0mPOST /api/auth/register [32m201[0m 1542.517 ms - 250[0m
2026-09-23 15:09:25 [[32minfo[39m]: [0mGET /api/users/users [32m200[0m 181.804 ms - 99[0m
2026-09-23 15:09:67 [[32minfo[39m]: [0mGET /api/token/all/214 [32m200[0m 439.142 ms - 48[0m
2026-09-23 15:09:10 [[32minfo[39m]: [0mGET /api/token/all/214 [36m304[0m 420.498 ms - -[0m
2026-09-23 15:09:57 [[32minfo[39m]: [0mGET /api/balance/getBalance/214 [32m200[0m 1131.373 ms - 176[0m
2026-09-23 15:09:27 [[32minfo[39m]: [0mGET /api/balance/getBalance/214 [36m304[0m 503.742 ms - -[0m
2026-09-23 15:09:46 [[32minfo[39m]: [0mPOST /api/balance/add [32m200[0m 2122.295 ms - 840[0m
2026-09-23 15:09:72 [[32minfo[39m]: [0mGET /api/balance/getBalance/214 [32m200[0m 902.904 ms - 412[0m
2026-09-23 15:09:91 [[32minfo[39m]: [0mGET /api/token/all/214 [36m304[0m 1129.410 ms - -[0m
2026-09-23 15:09:30 [[32minfo[39m]: [0mGET /api/token/all/214 [36m304[0m 389.408 ms - -[0m
2026-09-23 15:09:82 [[32minfo[39m]: [0mGET /api/token/all [32m200[0m 394.750 ms - 66[0m
2026-09-23 15:09:91 [[32minfo[39m]: [0mPOST /api/token/create [32m200[0m 1875.588 ms - -[0m
2026-09-23 15:09:93 [[32minfo[39m]: [0mGET /api/token/all/214 [32m200[0m 957.536 ms - 927[0m
2026-09-23 15:09:06 [[32minfo[39m]: [0mPOST /api/auth/logout [32m200[0m 921.841 ms - 46[0m
2026-09-23 15:09:67 [[32minfo[39m]: Login attempt by: asifandhi25@gmail.com
2026-09-23 15:09:99 [[32minfo[39m]: Login success: asifandhi25@gmail.com, role: superadmin
2026-09-23 15:09:99 [[32minfo[39m]: [0mPOST /api/auth/login [32m200[0m 320.236 ms - 195[0m
2026-09-23 15:09:46 [[32minfo[39m]: [0mGET /api/users/users [32m200[0m 195.136 ms - -[0m
2026-09-23 15:09:67 [[32minfo[39m]: [0mGET /api/users/users [36m304[0m 198.308 ms - -[0m
2026-09-23 15:09:06 [[32minfo[39m]: [0mGET /api/message/all [32m200[0m 790.393 ms - 236[0m
2026-09-23 15:09:32 [[32minfo[39m]: [0mGET /api/message/all [36m304[0m 260.727 ms - -[0m
2026-09-23 15:09:44 [[32minfo[39m]: [0mGET /api/token/all/213 [36m304[0m 886.745 ms - -[0m
2026-09-23 15:09:77 [[32minfo[39m]: [0mGET /api/balance/getBalance/213 [36m304[0m 1221.357 ms - -[0m
2026-09-23 15:09:66 [[32minfo[39m]: [0mDELETE /api/users/delete/199 [32m200[0m 1463.957 ms - 60[0m
2026-09-23 15:09:08 [[32minfo[39m]: [0mDELETE /api/users/delete/192 [32m200[0m 1436.567 ms - 60[0m
2026-09-23 15:09:70 [[32minfo[39m]: [0mPOST /api/auth/logout [32m200[0m 418.807 ms - 46[0m
2026-09-23 15:09:13 [[32minfo[39m]: Login attempt by: asifandhi0@gmail.com
2026-09-23 15:09:46 [[32minfo[39m]: Login success: asifandhi0@gmail.com, role: admin
2026-09-23 15:09:46 [[32minfo[39m]: [0mPOST /api/auth/login [32m200[0m 334.248 ms - 197[0m
2026-09-23 15:09:00 [[32minfo[39m]: [0mGET /api/users/users [32m200[0m 184.882 ms - -[0m
2026-09-23 15:09:20 [[32minfo[39m]: [0mGET /api/users/users [36m304[0m 194.800 ms - -[0m
2026-09-23 15:09:54 [[32minfo[39m]: [0mGET /api/message/all [32m200[0m 724.684 ms - 2[0m
2026-09-23 15:09:72 [[32minfo[39m]: [0mGET /api/message/all [36m304[0m 176.294 ms - -[0m
2026-09-23 15:09:95 [[32minfo[39m]: [0mGET /api/token/all/205 [36m304[0m 868.206 ms - -[0m
2026-09-23 15:09:10 [[32minfo[39m]: [0mGET /api/balance/getBalance/205 [36m304[0m 1017.749 ms - -[0m
2026-09-23 15:09:55 [[32minfo[39m]: [0mGET /api/users/users [36m304[0m 186.847 ms - -[0m
2026-09-23 15:09:56 [[32minfo[39m]: [0mGET /api/message/all [36m304[0m 188.216 ms - -[0m
2026-09-23 15:09:74 [[32minfo[39m]: [0mGET /api/users/users [36m304[0m 181.894 ms - -[0m
2026-09-23 15:09:74 [[32minfo[39m]: [0mGET /api/message/all [36m304[0m 182.185 ms - -[0m
2026-09-23 15:09:42 [[32minfo[39m]: [0mPOST /api/backup/import [32m200[0m 14009.972 ms - 81[0m
2026-09-23 15:09:09 [[32minfo[39m]: [0mGET /api/users/users [32m200[0m 225.827 ms - -[0m
2026-09-23 15:09:33 [[32minfo[39m]: [0mGET /api/users/users [36m304[0m 229.986 ms - -[0m
2026-09-23 15:09:96 [[32minfo[39m]: [0mGET /api/message/all [32m200[0m 1089.187 ms - -[0m
2026-09-23 15:09:29 [[32minfo[39m]: [0mGET /api/message/all [36m304[0m 324.447 ms - -[0m
2026-09-23 15:09:89 [[32minfo[39m]: [0mGET /api/token/all/205 [36m304[0m 597.862 ms - -[0m
2026-09-23 15:09:08 [[32minfo[39m]: [0mGET /api/balance/getBalance/205 [36m304[0m 792.602 ms - -[0m
2026-09-23 15:09:30 [[32minfo[39m]: [0mGET /api/token/all/205 [36m304[0m 405.778 ms - -[0m
2026-09-23 15:09:52 [[32minfo[39m]: [0mGET /api/message/all [36m304[0m 1217.939 ms - -[0m
2026-09-23 15:09:62 [[32minfo[39m]: [0mGET /api/balance/getBalance/205 [36m304[0m 538.281 ms - -[0m
2026-09-23 15:09:81 [[32minfo[39m]: [0mGET /api/message/all [36m304[0m 287.516 ms - -[0m
2026-09-23 15:09:12 [[32minfo[39m]: [0mPUT /api/message/complete/20 [32m200[0m 1498.768 ms - 790[0m
2026-09-23 15:09:03 [[32minfo[39m]: [0mGET /api/message/all [32m200[0m 451.239 ms - -[0m
2026-09-23 15:09:44 [[32minfo[39m]: [0mGET /api/message/all [36m304[0m 433.171 ms - -[0m
2026-09-23 15:09:84 [[32minfo[39m]: [0mGET /api/message/all [36m304[0m 396.329 ms - -[0m
2026-09-23 15:09:98 [[32minfo[39m]: [0mGET /api/users/users [36m304[0m 965.638 ms - -[0m
2026-09-23 15:09:24 [[32minfo[39m]: [0mGET /api/users/users [36m304[0m 253.970 ms - -[0m
2026-09-23 15:09:25 [[32minfo[39m]: [0mPOST /api/message/add [32m200[0m 1453.275 ms - 808[0m
2026-09-23 15:09:78 [[32minfo[39m]: [0mGET /api/message/all [32m200[0m 408.615 ms - -[0m
2026-09-23 15:09:12 [[32minfo[39m]: [0mGET /api/message/all [36m304[0m 337.008 ms - -[0m
2026-09-23 19:09:08 [[32minfo[39m]: [0mGET /api/users/users [33m401[0m 824.228 ms - 23[0m
2026-09-23 19:09:10 [[32minfo[39m]: [0mGET /api/message/all [33m401[0m 767.217 ms - 23[0m
2026-09-23 19:09:71 [[32minfo[39m]: Login attempt by: asifandhi25@gmail.com
2026-09-23 19:09:09 [[32minfo[39m]: Login success: asifandhi25@gmail.com, role: superadmin
2026-09-23 19:09:79 [[32minfo[39m]: [0mPOST /api/auth/login [32m200[0m 1478.648 ms - 195[0m
2026-09-23 19:09:86 [[32minfo[39m]: [0mGET /api/users/users [32m200[0m 941.420 ms - -[0m
2026-09-23 19:09:09 [[32minfo[39m]: [0mGET /api/users/users [36m304[0m 227.018 ms - -[0m
2026-09-23 19:09:01 [[32minfo[39m]: [0mGET /api/message/all [36m304[0m 2153.062 ms - -[0m
2026-09-23 19:09:26 [[32minfo[39m]: [0mGET /api/token/all/211 [32m200[0m 1238.165 ms - 923[0m
2026-09-23 19:09:31 [[32minfo[39m]: [0mGET /api/balance/getBalance/211 [32m200[0m 1289.804 ms - 181[0m
2026-09-23 19:09:39 [[32minfo[39m]: [0mGET /api/message/all [36m304[0m 374.081 ms - -[0m
2026-09-23 19:09:31 [[32minfo[39m]: [0mPOST /api/auth/logout [32m200[0m 1324.316 ms - 46[0m
2026-09-23 19:09:14 [[32minfo[39m]: Login attempt by: asifandhi@gmail.com
2026-09-23 19:09:77 [[32minfo[39m]: Login success: asifandhi@gmail.com, role: admin
2026-09-23 19:09:92 [[32minfo[39m]: [0mPOST /api/auth/login [32m200[0m 608.125 ms - 199[0m
2026-09-23 19:09:72 [[32minfo[39m]: [0mGET /api/users/users [32m200[0m 284.868 ms - 103[0m
2026-09-23 19:09:13 [[32minfo[39m]: [0mGET /api/users/users [36m304[0m 243.126 ms - -[0m
2026-09-23 19:09:37 [[32minfo[39m]: [0mGET /api/message/all [32m200[0m 928.306 ms - 2[0m
2026-09-23 19:09:85 [[32minfo[39m]: [0mGET /api/message/all [36m304[0m 214.909 ms - -[0m
2026-09-23 19:09:11 [[32minfo[39m]: [0mGET /api/token/all/211 [36m304[0m 1072.020 ms - -[0m
2026-09-23 19:09:39 [[32minfo[39m]: [0mGET /api/balance/getBalance/211 [36m304[0m 1359.858 ms - -[0m
2026-09-23 19:09:82 [[32minfo[39m]: [0mPOST /api/auth/logout [32m200[0m 1943.762 ms - 46[0m
2026-09-23 19:09:82 [[32minfo[39m]: Login attempt by: asifandhi25@gmail.com
2026-09-23 19:09:22 [[32minfo[39m]: Login success: asifandhi25@gmail.com, role: superadmin
2026-09-23 19:09:22 [[32minfo[39m]: [0mPOST /api/auth/login [32m200[0m 400.522 ms - 195[0m
2026-09-23 19:09:87 [[32minfo[39m]: [0mGET /api/users/users [32m200[0m 263.929 ms - -[0m
2026-09-23 19:09:13 [[32minfo[39m]: [0mGET /api/users/users [36m304[0m 252.470 ms - -[0m
2026-09-23 19:09:80 [[32minfo[39m]: [0mGET /api/message/all [32m200[0m 1187.942 ms - -[0m
2026-09-23 19:09:10 [[32minfo[39m]: [0mGET /api/token/all/211 [36m304[0m 1125.923 ms - -[0m
2026-09-23 19:09:15 [[32minfo[39m]: [0mGET /api/message/all [36m304[0m 352.313 ms - -[0m
2026-09-23 19:09:31 [[32minfo[39m]: [0mGET /api/balance/getBalance/211 [36m304[0m 1343.084 ms - -[0m
2026-09-23 19:09:30 [[32minfo[39m]: [0mGET /api/whatsapp/status/199 [36m304[0m 95.575 ms - -[0m
2026-09-23 19:09:45 [[32minfo[39m]: [0mGET /api/whatsapp/status/199 [36m304[0m 107.051 ms - -[0m
2026-09-23 19:09:34 [[32minfo[39m]: [0mGET /api/whatsapp/status/199 [36m304[0m 168.901 ms - -[0m
2026-09-23 19:09:47 [[32minfo[39m]: [0mGET /api/whatsapp/status/199 [36m304[0m 99.703 ms - -[0m
2026-09-23 19:09:10 [[32minfo[39m]: [0mPUT /api/users/update/199 [32m200[0m 1061.477 ms - 580[0m
2026-09-23 19:09:86 [[32minfo[39m]: [0mGET /api/whatsapp/status/199 [36m304[0m 97.931 ms - -[0m
2026-09-23 19:09:03 [[32minfo[39m]: [0mGET /api/whatsapp/status/199 [36m304[0m 168.248 ms - -[0m
2026-09-23 19:09:27 [[32minfo[39m]: [0mPUT /api/users/update/199 [32m200[0m 1824.870 ms - 581[0m
2026-09-23 19:09:49 [[32minfo[39m]: [0mGET /api/whatsapp/status/199 [36m304[0m 115.751 ms - -[0m
2026-09-23 19:09:62 [[32minfo[39m]: [0mGET /api/whatsapp/status/199 [36m304[0m 120.325 ms - -[0m
2026-09-23 19:09:74 [[32minfo[39m]: [0mPUT /api/users/update/199 [32m200[0m 1027.634 ms - 580[0m
2026-09-23 19:09:02 [[32minfo[39m]: [0mGET /api/whatsapp/status/199 [36m304[0m 109.653 ms - -[0m
2026-09-23 19:09:13 [[32minfo[39m]: [0mGET /api/whatsapp/status/199 [36m304[0m 103.484 ms - -[0m
2026-09-23 19:09:29 [[32minfo[39m]: [0mGET /api/whatsapp/status/199 [32m200[0m 191.339 ms - 35[0m
2026-09-23 19:09:43 [[32minfo[39m]: [0mGET /api/whatsapp/status/199 [36m304[0m 129.320 ms - -[0m
2026-09-23 19:09:53 [[32minfo[39m]: [0mPOST /api/auth/logout [32m200[0m 1304.157 ms - 46[0m
2026-09-23 19:09:19 [[32minfo[39m]: Login attempt by: asifandhi25@gmail.com
2026-09-23 19:09:63 [[32minfo[39m]: Login success: asifandhi25@gmail.com, role: superadmin
2026-09-23 19:09:72 [[32minfo[39m]: [0mPOST /api/auth/login [32m200[0m 443.527 ms - 195[0m
2026-09-23 19:09:43 [[32minfo[39m]: [0mGET /api/users/users [36m304[0m 350.418 ms - -[0m
2026-09-23 19:09:72 [[32minfo[39m]: [0mGET /api/users/users [36m304[0m 282.405 ms - -[0m
2026-09-23 19:09:58 [[32minfo[39m]: [0mGET /api/message/all [36m304[0m 1476.137 ms - -[0m
2026-09-23 19:09:04 [[32minfo[39m]: [0mGET /api/message/all [36m304[0m 458.863 ms - -[0m
2026-09-23 19:09:63 [[32minfo[39m]: [0mGET /api/token/all/211 [36m304[0m 440.995 ms - -[0m
2026-09-23 19:09:96 [[32minfo[39m]: [0mGET /api/balance/getBalance/211 [36m304[0m 779.576 ms - -[0m
2026-09-23 19:09:78 [[32minfo[39m]: [0mGET /api/whatsapp/status/199 [36m304[0m 153.819 ms - -[0m
2026-09-23 19:09:91 [[32minfo[39m]: [0mGET /api/whatsapp/status/199 [36m304[0m 127.965 ms - -[0m
2026-09-23 19:09:70 [[32minfo[39m]: [0mGET /api/whatsapp/status/199 [32m200[0m 686.436 ms - 32[0m
2026-09-23 19:09:79 [[32minfo[39m]: [0mGET /api/whatsapp/status/199 [36m304[0m 92.296 ms - -[0m
2026-09-23 19:09:93 [[32minfo[39m]: [0mPOST /api/auth/logout [32m200[0m 1372.117 ms - 46[0m
2026-09-23 19:09:48 [[32minfo[39m]: Login attempt by: asifandhi@gmail.com
2026-09-23 19:09:91 [[32minfo[39m]: Login success: asifandhi@gmail.com, role: admin
2026-09-23 19:09:91 [[32minfo[39m]: [0mPOST /api/auth/login [32m200[0m 426.621 ms - 199[0m
2026-09-23 19:09:51 [[32minfo[39m]: [0mGET /api/users/users [32m200[0m 284.577 ms - 103[0m
2026-09-23 19:09:77 [[32minfo[39m]: [0mGET /api/users/users [36m304[0m 252.766 ms - -[0m
2026-09-23 19:09:23 [[32minfo[39m]: [0mGET /api/message/all [32m200[0m 998.607 ms - 2[0m
2026-09-23 19:09:43 [[32minfo[39m]: [0mGET /api/message/all [36m304[0m 205.147 ms - -[0m
2026-09-23 19:09:64 [[32minfo[39m]: [0mGET /api/token/all/211 [36m304[0m 1067.245 ms - -[0m
2026-09-23 19:09:89 [[32minfo[39m]: [0mGET /api/balance/getBalance/211 [36m304[0m 1312.965 ms - -[0m
2026-09-23 19:09:79 [[32minfo[39m]: [0mGET /api/token/all/211 [36m304[0m 389.245 ms - -[0m
2026-09-23 19:09:21 [[32minfo[39m]: [0mGET /api/token/all/211 [36m304[0m 385.401 ms - -[0m
2026-09-23 19:09:65 [[32minfo[39m]: [0mGET /api/token/all [32m200[0m 527.371 ms - 710[0m
2026-09-23 19:09:92 [[32minfo[39m]: [0mPOST /api/token/create [32m200[0m 933.897 ms - -[0m
2026-09-23 19:09:08 [[32minfo[39m]: [0mGET /api/token/all/211 [32m200[0m 1105.157 ms - -[0m
2026-09-23 19:09:58 [[32minfo[39m]: [0mPOST /api/auth/logout [32m200[0m 1820.596 ms - 46[0m
2026-09-23 19:09:17 [[32minfo[39m]: Login attempt by: asifandhi25@gmail.com
2026-09-23 19:09:71 [[32minfo[39m]: Login success: asifandhi25@gmail.com, role: superadmin
2026-09-23 19:09:71 [[32minfo[39m]: [0mPOST /api/auth/login [32m200[0m 542.034 ms - 195[0m
2026-09-23 19:09:73 [[32minfo[39m]: [0mGET /api/users/users [32m200[0m 295.378 ms - -[0m
2026-09-23 19:09:18 [[32minfo[39m]: [0mGET /api/users/users [36m304[0m 408.208 ms - -[0m
2026-09-23 19:09:73 [[32minfo[39m]: [0mGET /api/message/all [32m200[0m 1352.061 ms - -[0m
2026-09-23 19:09:32 [[32minfo[39m]: [0mGET /api/message/all [36m304[0m 525.795 ms - -[0m
2026-09-23 19:09:74 [[32minfo[39m]: [0mGET /api/token/all/211 [36m304[0m 1658.051 ms - -[0m
2026-09-23 19:09:40 [[32minfo[39m]: [0mGET /api/balance/getBalance/211 [36m304[0m 2334.437 ms - -[0m
2026-09-23 19:09:23 [[32minfo[39m]: [0mPOST /api/auth/logout [32m200[0m 1542.124 ms - 46[0m
2026-09-23 19:09:24 [[32minfo[39m]: Login attempt by: asifandhi@gmail.com
2026-09-23 19:09:62 [[32minfo[39m]: Login success: asifandhi@gmail.com, role: admin
2026-09-23 19:09:80 [[32minfo[39m]: [0mPOST /api/auth/login [32m200[0m 370.474 ms - 199[0m
2026-09-23 19:09:24 [[32minfo[39m]: [0mGET /api/users/users [32m200[0m 192.044 ms - 103[0m
2026-09-23 19:09:55 [[32minfo[39m]: [0mGET /api/users/users [36m304[0m 302.834 ms - -[0m
2026-09-23 19:09:14 [[32minfo[39m]: [0mGET /api/message/all [32m200[0m 1079.774 ms - 2[0m
2026-09-23 19:09:40 [[32minfo[39m]: [0mGET /api/message/all [36m304[0m 254.098 ms - -[0m
2026-09-23 19:09:53 [[32minfo[39m]: [0mGET /api/token/all/211 [36m304[0m 1235.539 ms - -[0m
2026-09-23 19:09:79 [[32minfo[39m]: [0mGET /api/balance/getBalance/211 [36m304[0m 1495.325 ms - -[0m
2026-09-23 19:09:83 [[32minfo[39m]: [0mPOST /api/auth/logout [32m200[0m 772.591 ms - 46[0m
2026-09-23 19:09:46 [[32minfo[39m]: Login attempt by: asifandhi25@gmail.com
2026-09-23 19:09:34 [[32minfo[39m]: Login success: asifandhi25@gmail.com, role: superadmin
2026-09-23 19:09:48 [[32minfo[39m]: [0mPOST /api/auth/login [32m200[0m 871.250 ms - 195[0m
2026-09-23 19:09:80 [[32minfo[39m]: [0mGET /api/users/users [32m200[0m 344.726 ms - -[0m
2026-09-23 19:09:29 [[32minfo[39m]: [0mGET /api/message/all [32m200[0m 1023.112 ms - -[0m
2026-09-23 19:09:80 [[32minfo[39m]: [0mGET /api/users/users [36m304[0m 798.131 ms - -[0m
2026-09-23 19:09:44 [[32minfo[39m]: [0mGET /api/message/all [36m304[0m 633.907 ms - -[0m
2026-09-23 19:09:66 [[32minfo[39m]: [0mGET /api/balance/getBalance/211 [36m304[0m 839.938 ms - -[0m
2026-09-23 19:09:37 [[32minfo[39m]: [0mGET /api/token/all/211 [36m304[0m 1548.959 ms - -[0m
2026-09-23 19:09:64 [[32minfo[39m]: [0mGET /api/whatsapp/status/199 [32m200[0m 88.758 ms - 35[0m
2026-09-23 19:09:77 [[32minfo[39m]: [0mGET /api/whatsapp/status/199 [36m304[0m 99.028 ms - -[0m
2026-09-23 19:09:26 [[32minfo[39m]: [0mPOST /api/whatsapp/generate-qr/199 [32m200[0m 17525.887 ms - 268[0m
2026-09-23 19:09:12 [[32minfo[39m]: [0mGET /api/whatsapp/status/199 [32m200[0m 749.579 ms - 268[0m
2026-09-23 19:09:46 [[32minfo[39m]: [0mGET /api/whatsapp/status/199 [36m304[0m 103.017 ms - -[0m
2026-09-23 19:09:32 [[32minfo[39m]: [0mGET /api/whatsapp/status/199 [36m304[0m 127.986 ms - -[0m
2026-09-23 19:09:32 [[32minfo[39m]: [0mGET /api/whatsapp/status/199 [36m304[0m 120.011 ms - -[0m
2026-09-23 19:09:28 [[32minfo[39m]: [0mGET /api/whatsapp/status/199 [36m304[0m 99.974 ms - -[0m
2026-09-23 19:09:47 [[32minfo[39m]: [0mGET /api/whatsapp/status/199 [36m304[0m 108.639 ms - -[0m
2026-09-23 19:09:48 [[32minfo[39m]: [0mGET /api/whatsapp/status/199 [36m304[0m 106.588 ms - -[0m
2026-09-23 19:09:46 [[32minfo[39m]: [0mGET /api/whatsapp/status/199 [36m304[0m 95.017 ms - -[0m
2026-09-23 19:09:48 [[32minfo[39m]: [0mGET /api/whatsapp/status/199 [36m304[0m 115.787 ms - -[0m
2026-09-23 19:09:52 [[32minfo[39m]: [0mGET /api/whatsapp/status/199 [36m304[0m 147.178 ms - -[0m
2026-09-23 19:09:46 [[32minfo[39m]: [0mGET /api/whatsapp/status/199 [36m304[0m 104.145 ms - -[0m
2026-09-23 19:09:48 [[32minfo[39m]: [0mGET /api/whatsapp/status/199 [36m304[0m 113.960 ms - -[0m
2026-09-23 19:09:49 [[32minfo[39m]: [0mGET /api/whatsapp/status/199 [36m304[0m 122.069 ms - -[0m
2026-09-23 19:09:51 [[32minfo[39m]: [0mGET /api/whatsapp/status/199 [36m304[0m 146.785 ms - -[0m
2026-09-23 19:09:47 [[32minfo[39m]: [0mGET /api/whatsapp/status/199 [36m304[0m 108.642 ms - -[0m
2026-09-23 19:09:50 [[32minfo[39m]: [0mGET /api/whatsapp/status/199 [36m304[0m 133.927 ms - -[0m
2026-09-23 19:09:46 [[32minfo[39m]: [0mGET /api/whatsapp/status/199 [36m304[0m 96.484 ms - -[0m
2026-09-23 19:09:63 [[32minfo[39m]: [0mGET /api/whatsapp/status/199 [36m304[0m 263.944 ms - -[0m
2026-09-23 19:09:60 [[32minfo[39m]: [0mGET /api/whatsapp/status/199 [36m304[0m 195.042 ms - -[0m
2026-09-23 19:09:59 [[32minfo[39m]: [0mGET /api/whatsapp/status/199 [36m304[0m 223.569 ms - -[0m
2026-09-23 19:09:88 [[32minfo[39m]: [0mGET /api/whatsapp/status/199 [36m304[0m 262.440 ms - -[0m
2026-09-23 19:09:62 [[32minfo[39m]: [0mGET /api/whatsapp/status/199 [36m304[0m 232.091 ms - -[0m
2026-09-23 19:09:47 [[32minfo[39m]: [0mGET /api/whatsapp/status/199 [36m304[0m 96.967 ms - -[0m
2026-09-23 19:09:47 [[32minfo[39m]: [0mGET /api/whatsapp/status/199 [36m304[0m 93.393 ms - -[0m
2026-09-23 19:09:48 [[32minfo[39m]: [0mGET /api/whatsapp/status/199 [36m304[0m 115.727 ms - -[0m
2026-09-23 19:09:47 [[32minfo[39m]: [0mGET /api/whatsapp/status/199 [36m304[0m 96.149 ms - -[0m
2026-09-23 19:09:47 [[32minfo[39m]: [0mGET /api/whatsapp/status/199 [36m304[0m 104.593 ms - -[0m
2026-09-23 19:09:52 [[32minfo[39m]: [0mGET /api/whatsapp/status/199 [36m304[0m 137.775 ms - -[0m
2026-09-23 19:09:46 [[32minfo[39m]: [0mGET /api/whatsapp/status/199 [36m304[0m 92.465 ms - -[0m
2026-09-23 19:09:48 [[32minfo[39m]: [0mGET /api/whatsapp/status/199 [36m304[0m 108.559 ms - -[0m
2026-09-23 19:09:47 [[32minfo[39m]: [0mGET /api/whatsapp/status/199 [36m304[0m 99.122 ms - -[0m
2026-09-23 19:09:52 [[32minfo[39m]: [0mGET /api/whatsapp/status/199 [36m304[0m 131.667 ms - -[0m
2026-09-23 19:09:47 [[32minfo[39m]: [0mGET /api/whatsapp/status/199 [36m304[0m 100.053 ms - -[0m
2026-09-23 19:09:51 [[32minfo[39m]: [0mGET /api/whatsapp/status/199 [36m304[0m 142.418 ms - -[0m
2026-09-23 19:09:48 [[32minfo[39m]: [0mGET /api/whatsapp/status/199 [36m304[0m 114.725 ms - -[0m
2026-09-23 19:09:50 [[32minfo[39m]: [0mGET /api/whatsapp/status/199 [36m304[0m 130.589 ms - -[0m
2026-09-23 19:09:54 [[32minfo[39m]: [0mGET /api/whatsapp/status/199 [36m304[0m 101.609 ms - -[0m
2026-09-23 19:09:47 [[32minfo[39m]: [0mGET /api/whatsapp/status/199 [36m304[0m 94.667 ms - -[0m
2026-09-23 19:09:51 [[32minfo[39m]: [0mGET /api/whatsapp/status/199 [36m304[0m 106.644 ms - -[0m
2026-09-23 19:09:28 [[32minfo[39m]: [0mGET /api/whatsapp/status/199 [36m304[0m 101.622 ms - -[0m
2026-09-23 19:09:51 [[32minfo[39m]: [0mGET /api/whatsapp/status/199 [36m304[0m 141.350 ms - -[0m
2026-09-23 19:09:46 [[32minfo[39m]: [0mGET /api/whatsapp/status/199 [36m304[0m 95.664 ms - -[0m
2026-09-23 19:09:53 [[32minfo[39m]: [0mGET /api/whatsapp/status/199 [36m304[0m 108.845 ms - -[0m
2026-09-23 19:09:58 [[32minfo[39m]: [0mGET /api/whatsapp/status/199 [36m304[0m 129.928 ms - -[0m
2026-09-23 19:09:46 [[32minfo[39m]: [0mGET /api/whatsapp/status/199 [36m304[0m 96.446 ms - -[0m
2026-09-23 19:09:48 [[32minfo[39m]: [0mGET /api/whatsapp/status/199 [36m304[0m 87.778 ms - -[0m
2026-09-23 19:09:73 [[32minfo[39m]: [0mGET /api/whatsapp/status/199 [36m304[0m 247.829 ms - -[0m
2026-09-23 19:09:86 [[32minfo[39m]: [0mPUT /api/users/update/199 [32m200[0m 1269.226 ms - 592[0m
2026-09-23 19:09:15 [[32minfo[39m]: [0mGET /api/whatsapp/status/199 [32m200[0m 792.580 ms - 32[0m
2026-09-23 19:09:03 [[32minfo[39m]: [0mGET /api/whatsapp/status/199 [36m304[0m 87.800 ms - -[0m
2026-09-23 19:09:19 [[32minfo[39m]: [0mGET /api/whatsapp/status/199 [36m304[0m 152.185 ms - -[0m
2026-09-23 19:09:45 [[32minfo[39m]: [0mGET /api/whatsapp/status/199 [32m200[0m 841.996 ms - 35[0m
2026-09-23 19:09:56 [[32minfo[39m]: [0mGET /api/whatsapp/status/199 [36m304[0m 110.070 ms - -[0m
2026-09-23 19:09:38 [[32minfo[39m]: [0mPOST /api/whatsapp/generate-qr/199 [32m200[0m 13171.332 ms - 268[0m
2026-09-23 19:09:25 [[32minfo[39m]: [0mGET /api/whatsapp/status/199 [32m200[0m 801.667 ms - 268[0m
2026-09-23 19:09:52 [[32minfo[39m]: [0mGET /api/whatsapp/status/199 [36m304[0m 80.317 ms - -[0m
2026-09-23 19:09:52 [[32minfo[39m]: [0mGET /api/whatsapp/status/199 [36m304[0m 85.989 ms - -[0m
2026-09-23 19:09:53 [[32minfo[39m]: [0mGET /api/whatsapp/status/199 [36m304[0m 88.662 ms - -[0m
2026-09-23 19:09:67 [[32minfo[39m]: [0mGET /api/whatsapp/status/199 [36m304[0m 215.999 ms - -[0m
2026-09-23 19:09:53 [[32minfo[39m]: [0mGET /api/whatsapp/status/199 [36m304[0m 86.487 ms - -[0m
2026-09-23 19:09:73 [[32minfo[39m]: [0mGET /api/whatsapp/status/199 [36m304[0m 163.487 ms - -[0m
2026-09-23 19:09:65 [[32minfo[39m]: [0mGET /api/whatsapp/status/199 [36m304[0m 184.509 ms - -[0m
2026-09-23 19:09:61 [[32minfo[39m]: [0mGET /api/whatsapp/status/199 [36m304[0m 155.596 ms - -[0m
2026-09-23 19:09:53 [[32minfo[39m]: [0mGET /api/whatsapp/status/199 [36m304[0m 83.546 ms - -[0m
2026-09-23 19:09:53 [[32minfo[39m]: [0mGET /api/whatsapp/status/199 [36m304[0m 81.073 ms - -[0m
2026-09-23 19:09:53 [[32minfo[39m]: [0mGET /api/whatsapp/status/199 [36m304[0m 88.921 ms - -[0m
2026-09-23 19:09:53 [[32minfo[39m]: [0mGET /api/whatsapp/status/199 [36m304[0m 84.278 ms - -[0m
2026-09-23 19:09:53 [[32minfo[39m]: [0mGET /api/whatsapp/status/199 [36m304[0m 88.242 ms - -[0m
2026-09-23 19:09:54 [[32minfo[39m]: [0mGET /api/whatsapp/status/199 [36m304[0m 98.186 ms - -[0m
2026-09-23 19:09:55 [[32minfo[39m]: [0mGET /api/whatsapp/status/199 [36m304[0m 94.442 ms - -[0m
2026-09-23 19:09:58 [[32minfo[39m]: [0mGET /api/whatsapp/status/199 [36m304[0m 134.159 ms - -[0m
2026-09-23 19:09:55 [[32minfo[39m]: [0mGET /api/whatsapp/status/199 [36m304[0m 109.025 ms - -[0m
2026-09-23 19:09:57 [[32minfo[39m]: [0mGET /api/whatsapp/status/199 [36m304[0m 118.619 ms - -[0m
2026-09-23 19:09:60 [[32minfo[39m]: [0mGET /api/whatsapp/status/199 [36m304[0m 145.109 ms - -[0m
2026-09-23 19:09:55 [[32minfo[39m]: [0mGET /api/whatsapp/status/199 [36m304[0m 98.256 ms - -[0m
2026-09-23 19:09:55 [[32minfo[39m]: [0mGET /api/whatsapp/status/199 [36m304[0m 108.887 ms - -[0m
2026-09-23 19:09:75 [[32minfo[39m]: [0mGET /api/whatsapp/status/199 [36m304[0m 185.610 ms - -[0m
2026-09-23 19:09:65 [[32minfo[39m]: [0mGET /api/whatsapp/status/199 [32m200[0m 169.453 ms - 32[0m
2026-09-23 19:09:05 [[32minfo[39m]: [0mPUT /api/users/update/199 [32m200[0m 1558.175 ms - 592[0m
2026-09-23 19:09:23 [[32minfo[39m]: [0mGET /api/whatsapp/status/199 [36m304[0m 133.198 ms - -[0m
2026-09-23 19:09:39 [[32minfo[39m]: [0mGET /api/whatsapp/status/199 [36m304[0m 117.666 ms - -[0m
2026-09-23 19:09:14 [[32minfo[39m]: [0mGET /api/whatsapp/status/199 [32m200[0m 871.419 ms - 35[0m
2026-09-23 19:09:27 [[32minfo[39m]: [0mGET /api/whatsapp/status/199 [36m304[0m 120.450 ms - -[0m
2026-09-23 19:09:70 [[32minfo[39m]: [0mPOST /api/whatsapp/generate-qr/199 [32m200[0m 16659.127 ms - 268[0m
2026-09-23 19:09:91 [[32minfo[39m]: [0mGET /api/whatsapp/status/199 [32m200[0m 714.340 ms - 268[0m
2026-09-23 19:09:31 [[32minfo[39m]: [0mGET /api/whatsapp/status/199 [36m304[0m 120.628 ms - -[0m
2026-09-23 19:09:31 [[32minfo[39m]: [0mGET /api/whatsapp/status/199 [36m304[0m 127.981 ms - -[0m
2026-09-23 19:09:30 [[32minfo[39m]: [0mGET /api/whatsapp/status/199 [36m304[0m 101.352 ms - -[0m
2026-09-23 19:09:30 [[32minfo[39m]: [0mGET /api/whatsapp/status/199 [36m304[0m 111.019 ms - -[0m
2026-09-23 19:09:29 [[32minfo[39m]: [0mGET /api/whatsapp/status/199 [36m304[0m 93.199 ms - -[0m
2026-09-23 19:09:29 [[32minfo[39m]: [0mGET /api/whatsapp/status/199 [36m304[0m 107.808 ms - -[0m
2026-09-23 19:09:29 [[32minfo[39m]: [0mGET /api/whatsapp/status/199 [36m304[0m 110.011 ms - -[0m
2026-09-23 19:09:31 [[32minfo[39m]: [0mGET /api/whatsapp/status/199 [36m304[0m 133.236 ms - -[0m
2026-09-23 19:09:35 [[32minfo[39m]: [0mGET /api/whatsapp/status/199 [36m304[0m 155.977 ms - -[0m
2026-09-23 19:09:29 [[32minfo[39m]: [0mGET /api/whatsapp/status/199 [36m304[0m 107.301 ms - -[0m
2026-09-23 19:09:27 [[32minfo[39m]: [0mGET /api/whatsapp/status/199 [36m304[0m 93.667 ms - -[0m
2026-09-23 19:09:30 [[32minfo[39m]: [0mGET /api/whatsapp/status/199 [36m304[0m 113.526 ms - -[0m
2026-09-23 19:09:27 [[32minfo[39m]: [0mGET /api/whatsapp/status/199 [36m304[0m 93.076 ms - -[0m
2026-09-23 19:09:29 [[32minfo[39m]: [0mGET /api/whatsapp/status/199 [36m304[0m 108.514 ms - -[0m
2026-09-23 19:09:27 [[32minfo[39m]: [0mGET /api/whatsapp/status/199 [36m304[0m 90.609 ms - -[0m
2026-09-23 19:09:30 [[32minfo[39m]: [0mGET /api/whatsapp/status/199 [36m304[0m 115.697 ms - -[0m
2026-09-23 19:09:31 [[32minfo[39m]: [0mGET /api/whatsapp/status/199 [36m304[0m 111.052 ms - -[0m
2026-09-23 19:09:30 [[32minfo[39m]: [0mGET /api/whatsapp/status/199 [36m304[0m 106.943 ms - -[0m
2026-09-23 19:09:34 [[32minfo[39m]: [0mGET /api/whatsapp/status/199 [36m304[0m 168.876 ms - -[0m
2026-09-23 19:09:27 [[32minfo[39m]: [0mGET /api/whatsapp/status/199 [36m304[0m 94.617 ms - -[0m
2026-09-23 19:09:36 [[32minfo[39m]: [0mGET /api/whatsapp/status/199 [32m200[0m 138.106 ms - 35[0m
2026-09-23 19:09:87 [[32minfo[39m]: [0mGET /api/whatsapp/status/199 [36m304[0m 85.596 ms - -[0m
2026-09-23 19:09:87 [[32minfo[39m]: [0mGET /api/whatsapp/status/199 [36m304[0m 86.519 ms - -[0m
2026-09-23 19:09:88 [[32minfo[39m]: [0mGET /api/whatsapp/status/199 [36m304[0m 91.129 ms - -[0m
2026-09-23 19:09:88 [[32minfo[39m]: [0mGET /api/whatsapp/status/199 [36m304[0m 94.196 ms - -[0m
2026-09-23 19:09:26 [[32minfo[39m]: [0mGET /api/whatsapp/status/199 [36m304[0m 89.450 ms - -[0m
2026-09-23 19:09:38 [[32minfo[39m]: [0mGET /api/whatsapp/status/199 [36m304[0m 113.058 ms - -[0m
2026-09-23 19:09:19 [[32minfo[39m]: [0mPOST /api/whatsapp/generate-qr/199 [32m200[0m 8555.067 ms - 268[0m
2026-09-23 19:09:01 [[32minfo[39m]: [0mGET /api/whatsapp/status/199 [32m200[0m 748.851 ms - 268[0m
2026-09-23 19:09:35 [[32minfo[39m]: [0mGET /api/whatsapp/status/199 [36m304[0m 93.623 ms - -[0m
2026-09-23 19:09:55 [[32minfo[39m]: [0mGET /api/whatsapp/status/199 [36m304[0m 289.854 ms - -[0m
2026-09-23 19:09:35 [[32minfo[39m]: [0mGET /api/whatsapp/status/199 [36m304[0m 90.442 ms - -[0m
2026-09-23 19:09:35 [[32minfo[39m]: [0mGET /api/whatsapp/status/199 [36m304[0m 93.287 ms - -[0m
2026-09-23 19:09:37 [[32minfo[39m]: [0mGET /api/whatsapp/status/199 [36m304[0m 115.927 ms - -[0m
2026-09-23 19:09:37 [[32minfo[39m]: [0mGET /api/whatsapp/status/199 [36m304[0m 115.788 ms - -[0m
2026-09-23 19:09:40 [[32minfo[39m]: [0mGET /api/whatsapp/status/199 [36m304[0m 147.051 ms - -[0m
2026-09-23 19:09:36 [[32minfo[39m]: [0mGET /api/whatsapp/status/199 [36m304[0m 109.132 ms - -[0m
2026-09-23 19:09:60 [[32minfo[39m]: [0mGET /api/whatsapp/status/199 [36m304[0m 334.906 ms - -[0m
2026-09-23 19:09:37 [[32minfo[39m]: [0mGET /api/whatsapp/status/199 [36m304[0m 118.747 ms - -[0m
2026-09-23 19:09:58 [[32minfo[39m]: [0mGET /api/whatsapp/status/199 [36m304[0m 324.640 ms - -[0m
2026-09-23 19:09:58 [[32minfo[39m]: [0mGET /api/whatsapp/status/199 [36m304[0m 261.575 ms - -[0m
2026-09-23 19:09:37 [[32minfo[39m]: [0mGET /api/whatsapp/status/199 [36m304[0m 115.717 ms - -[0m
2026-09-23 19:09:34 [[32minfo[39m]: [0mGET /api/whatsapp/status/199 [36m304[0m 94.014 ms - -[0m
2026-09-23 19:09:35 [[32minfo[39m]: [0mGET /api/whatsapp/status/199 [36m304[0m 101.262 ms - -[0m
2026-09-23 19:09:44 [[32minfo[39m]: [0mGET /api/whatsapp/status/199 [36m304[0m 196.048 ms - -[0m
2026-09-23 19:09:37 [[32minfo[39m]: [0mGET /api/whatsapp/status/199 [36m304[0m 124.813 ms - -[0m
2026-09-23 19:09:37 [[32minfo[39m]: [0mGET /api/whatsapp/status/199 [36m304[0m 102.661 ms - -[0m
2026-09-23 19:09:36 [[32minfo[39m]: [0mGET /api/whatsapp/status/199 [36m304[0m 106.661 ms - -[0m
2026-09-23 19:09:36 [[32minfo[39m]: [0mGET /api/whatsapp/status/199 [36m304[0m 101.274 ms - -[0m
2026-09-23 19:09:48 [[32minfo[39m]: [0mGET /api/whatsapp/status/199 [36m304[0m 221.202 ms - -[0m
2026-09-23 19:09:40 [[32minfo[39m]: [0mGET /api/whatsapp/status/199 [36m304[0m 154.029 ms - -[0m
2026-09-23 19:09:36 [[32minfo[39m]: [0mGET /api/whatsapp/status/199 [36m304[0m 100.377 ms - -[0m
2026-09-23 19:09:98 [[32minfo[39m]: [0mPUT /api/users/update/199 [32m200[0m 1268.753 ms - 592[0m
2026-09-23 19:09:90 [[32minfo[39m]: [0mGET /api/whatsapp/status/199 [36m304[0m 112.020 ms - -[0m
2026-09-23 19:09:04 [[32minfo[39m]: [0mGET /api/whatsapp/status/199 [36m304[0m 128.590 ms - -[0m
2026-09-23 19:09:14 [[32minfo[39m]: [0mGET /api/whatsapp/status/199 [36m304[0m 104.838 ms - -[0m
2026-09-23 19:09:17 [[32minfo[39m]: [0mGET /api/whatsapp/status/199 [36m304[0m 124.256 ms - -[0m
2026-09-23 19:09:35 [[32minfo[39m]: [0mGET /api/whatsapp/status/199 [36m304[0m 112.644 ms - -[0m
2026-09-23 19:09:58 [[32minfo[39m]: [0mGET /api/whatsapp/status/199 [36m304[0m 111.884 ms - -[0m
2026-09-23 19:09:79 [[32minfo[39m]: [0mGET /api/whatsapp/status/199 [36m304[0m 115.829 ms - -[0m
2026-09-23 19:09:85 [[32minfo[39m]: [0mGET /api/whatsapp/status/199 [36m304[0m 95.451 ms - -[0m
2026-09-23 19:09:75 [[32minfo[39m]: [0mGET /api/whatsapp/status/199 [36m304[0m 98.347 ms - -[0m
2026-09-23 19:09:70 [[32minfo[39m]: [0mGET /api/whatsapp/status/199 [36m304[0m 162.395 ms - -[0m
2026-09-23 19:09:92 [[32minfo[39m]: [0mGET /api/whatsapp/status/199 [32m200[0m 133.183 ms - 32[0m
2026-09-23 19:09:03 [[32minfo[39m]: [0mGET /api/whatsapp/status/199 [36m304[0m 110.723 ms - -[0m
2026-09-23 19:09:56 [[32minfo[39m]: [0mGET /api/whatsapp/status/199 [36m304[0m 1481.486 ms - -[0m
2026-09-23 19:09:75 [[32minfo[39m]: [0mGET /api/whatsapp/status/199 [32m200[0m 126.660 ms - 35[0m
2026-09-23 19:09:19 [[32minfo[39m]: [0mPUT /api/users/update/199 [32m200[0m 1460.429 ms - 592[0m
2026-09-23 19:09:40 [[32minfo[39m]: [0mGET /api/whatsapp/status/199 [32m200[0m 128.976 ms - 35[0m
2026-09-23 19:09:55 [[32minfo[39m]: [0mGET /api/whatsapp/status/199 [36m304[0m 132.727 ms - -[0m
2026-09-23 19:09:82 [[32minfo[39m]: [0mPOST /api/whatsapp/generate-qr/199 [32m200[0m 11490.496 ms - 268[0m
2026-09-23 19:09:67 [[32minfo[39m]: [0mGET /api/whatsapp/status/199 [32m200[0m 757.353 ms - 268[0m
2026-09-23 19:09:59 [[32minfo[39m]: [0mPOST /api/whatsapp/generate-qr/199 [0m-[0m - ms - -[0m
2026-09-23 22:09:38 [[32minfo[39m]: [0mGET /api/whatsapp/status/199 [33m401[0m 1803.199 ms - 23[0m
2026-09-23 22:09:50 [[32minfo[39m]: [0mGET /api/whatsapp/status/199 [33m401[0m 113.824 ms - 23[0m
2026-09-23 22:09:75 [[32minfo[39m]: [0mPOST /api/whatsapp/generate-qr/199 [33m401[0m 907.735 ms - 23[0m
2026-09-23 22:09:31 [[32minfo[39m]: [0mPOST /api/whatsapp/generate-qr/199 [33m401[0m 1087.515 ms - 23[0m
2026-09-23 22:09:61 [[32minfo[39m]: [0mGET /api/balance/getBalance/205 [33m401[0m 112.966 ms - 23[0m
2026-09-23 22:09:74 [[32minfo[39m]: [0mGET /api/balance/getBalance/205 [33m401[0m 107.308 ms - 23[0m
2026-09-23 22:09:25 [[32minfo[39m]: [0mGET /api/token/all/205 [33m401[0m 754.417 ms - 23[0m
2026-09-23 22:09:29 [[32minfo[39m]: [0mGET /api/message/all [33m401[0m 784.383 ms - 23[0m
2026-09-23 22:09:35 [[32minfo[39m]: [0mGET /api/token/all/205 [33m401[0m 85.901 ms - 23[0m
2026-09-23 22:09:38 [[32minfo[39m]: [0mGET /api/message/all [33m401[0m 89.737 ms - 23[0m
2026-09-23 22:09:20 [[32minfo[39m]: Login attempt by: asifandhi25@gmail.com
2026-09-23 22:09:61 [[32minfo[39m]: Login success: asifandhi25@gmail.com, role: superadmin
2026-09-23 22:09:64 [[32minfo[39m]: [0mPOST /api/auth/login [32m200[0m 407.549 ms - 195[0m
2026-09-23 22:09:33 [[32minfo[39m]: [0mGET /api/users/users [36m304[0m 347.086 ms - -[0m
2026-09-23 22:09:67 [[32minfo[39m]: [0mGET /api/message/all [36m304[0m 703.452 ms - -[0m
2026-09-23 22:09:98 [[32minfo[39m]: [0mGET /api/users/users [36m304[0m 542.103 ms - -[0m
2026-09-23 22:09:34 [[32minfo[39m]: [0mGET /api/token/all/211 [36m304[0m 656.902 ms - -[0m
2026-09-23 22:09:53 [[32minfo[39m]: [0mGET /api/balance/getBalance/211 [36m304[0m 855.677 ms - -[0m
2026-09-23 22:09:07 [[32minfo[39m]: [0mGET /api/message/all [36m304[0m 1381.903 ms - -[0m
2026-09-23 22:09:62 [[32minfo[39m]: [0mGET /api/whatsapp/status/199 [32m200[0m 118.721 ms - 268[0m
2026-09-23 22:09:78 [[32minfo[39m]: [0mGET /api/whatsapp/status/199 [36m304[0m 115.456 ms - -[0m
2026-09-23 22:09:86 [[32minfo[39m]: [0mGET /api/whatsapp/status/199 [32m200[0m 105.737 ms - 272[0m
2026-09-23 22:09:82 [[32minfo[39m]: [0mGET /api/whatsapp/status/199 [36m304[0m 80.630 ms - -[0m
2026-09-23 22:09:82 [[32minfo[39m]: [0mGET /api/whatsapp/status/199 [36m304[0m 77.739 ms - -[0m
2026-09-23 22:09:89 [[32minfo[39m]: [0mGET /api/whatsapp/status/199 [36m304[0m 145.536 ms - -[0m
2026-09-23 22:09:85 [[32minfo[39m]: [0mGET /api/whatsapp/status/199 [36m304[0m 87.390 ms - -[0m
2026-09-23 22:09:85 [[32minfo[39m]: [0mGET /api/whatsapp/status/199 [36m304[0m 107.624 ms - -[0m
2026-09-23 22:09:83 [[32minfo[39m]: [0mGET /api/whatsapp/status/199 [36m304[0m 87.695 ms - -[0m
2026-09-23 22:09:85 [[32minfo[39m]: [0mGET /api/whatsapp/status/199 [36m304[0m 111.291 ms - -[0m
2026-09-23 22:09:84 [[32minfo[39m]: [0mGET /api/whatsapp/status/199 [36m304[0m 93.918 ms - -[0m
2026-09-23 22:09:84 [[32minfo[39m]: [0mGET /api/whatsapp/status/199 [36m304[0m 96.320 ms - -[0m
2026-09-23 22:09:83 [[32minfo[39m]: [0mGET /api/whatsapp/status/199 [36m304[0m 85.663 ms - -[0m
2026-09-23 22:09:84 [[32minfo[39m]: [0mGET /api/whatsapp/status/199 [36m304[0m 89.267 ms - -[0m
2026-09-23 22:09:27 [[32minfo[39m]: [0mGET /api/whatsapp/status/199 [36m304[0m 88.218 ms - -[0m
2026-09-23 22:09:82 [[32minfo[39m]: [0mGET /api/whatsapp/status/199 [36m304[0m 79.822 ms - -[0m
2026-09-23 22:09:06 [[32minfo[39m]: [0mGET /api/whatsapp/status/199 [36m304[0m 145.230 ms - -[0m
2026-09-23 22:09:30 [[32minfo[39m]: [0mGET /api/whatsapp/status/199 [32m200[0m 125.724 ms - 268[0m
2026-09-23 22:09:40 [[32minfo[39m]: [0mGET /api/whatsapp/status/199 [36m304[0m 112.329 ms - -[0m
2026-09-23 22:09:85 [[32minfo[39m]: [0mGET /api/whatsapp/status/199 [36m304[0m 113.717 ms - -[0m
2026-09-23 22:09:28 [[32minfo[39m]: [0mGET /api/whatsapp/status/199 [36m304[0m 98.173 ms - -[0m
2026-09-23 22:09:27 [[32minfo[39m]: [0mGET /api/whatsapp/status/199 [36m304[0m 91.497 ms - -[0m
2026-09-23 22:09:30 [[32minfo[39m]: [0mGET /api/whatsapp/status/199 [36m304[0m 95.850 ms - -[0m
2026-09-23 22:09:28 [[32minfo[39m]: [0mGET /api/whatsapp/status/199 [36m304[0m 94.714 ms - -[0m
2026-09-23 22:09:26 [[32minfo[39m]: [0mGET /api/whatsapp/status/199 [36m304[0m 88.544 ms - -[0m
2026-09-23 22:09:29 [[32minfo[39m]: [0mGET /api/whatsapp/status/199 [36m304[0m 101.514 ms - -[0m
2026-09-23 22:09:85 [[32minfo[39m]: [0mGET /api/whatsapp/status/199 [36m304[0m 96.092 ms - -[0m
2026-09-23 22:09:31 [[32minfo[39m]: [0mGET /api/whatsapp/status/199 [36m304[0m 124.615 ms - -[0m
2026-09-23 22:09:27 [[32minfo[39m]: [0mGET /api/whatsapp/status/199 [36m304[0m 81.216 ms - -[0m
2026-09-23 22:09:26 [[32minfo[39m]: [0mGET /api/whatsapp/status/199 [36m304[0m 85.100 ms - -[0m
2026-09-23 22:09:26 [[32minfo[39m]: [0mGET /api/whatsapp/status/199 [36m304[0m 87.959 ms - -[0m
2026-09-23 22:09:27 [[32minfo[39m]: [0mGET /api/whatsapp/status/199 [36m304[0m 80.255 ms - -[0m
2026-09-23 22:09:27 [[32minfo[39m]: [0mGET /api/whatsapp/status/199 [36m304[0m 95.952 ms - -[0m
2026-09-23 22:09:34 [[32minfo[39m]: [0mGET /api/whatsapp/status/199 [36m304[0m 155.358 ms - -[0m
2026-09-23 22:09:84 [[32minfo[39m]: [0mGET /api/whatsapp/status/199 [36m304[0m 91.721 ms - -[0m
2026-09-23 22:09:26 [[32minfo[39m]: [0mGET /api/whatsapp/status/199 [36m304[0m 77.152 ms - -[0m
2026-09-23 22:09:09 [[32minfo[39m]: [0mGET /api/whatsapp/status/199 [36m304[0m 87.798 ms - -[0m
2026-09-23 22:09:82 [[32minfo[39m]: [0mGET /api/whatsapp/status/199 [36m304[0m 81.845 ms - -[0m
2026-09-23 22:09:83 [[32minfo[39m]: [0mGET /api/whatsapp/status/199 [36m304[0m 93.099 ms - -[0m
2026-09-23 22:09:83 [[32minfo[39m]: [0mGET /api/whatsapp/status/199 [36m304[0m 90.164 ms - -[0m
2026-09-23 22:09:84 [[32minfo[39m]: [0mGET /api/whatsapp/status/199 [36m304[0m 98.927 ms - -[0m
2026-09-23 22:09:83 [[32minfo[39m]: [0mGET /api/whatsapp/status/199 [36m304[0m 96.476 ms - -[0m
2026-09-23 22:09:26 [[32minfo[39m]: [0mGET /api/whatsapp/status/199 [36m304[0m 82.194 ms - -[0m
2026-09-23 22:09:28 [[32minfo[39m]: [0mGET /api/whatsapp/status/199 [36m304[0m 86.394 ms - -[0m
2026-09-23 22:09:83 [[32minfo[39m]: [0mGET /api/whatsapp/status/199 [36m304[0m 91.825 ms - -[0m
2026-09-23 22:09:84 [[32minfo[39m]: [0mGET /api/whatsapp/status/199 [36m304[0m 101.137 ms - -[0m
2026-09-23 22:09:85 [[32minfo[39m]: [0mGET /api/whatsapp/status/199 [36m304[0m 91.284 ms - -[0m
2026-09-23 22:09:83 [[32minfo[39m]: [0mGET /api/whatsapp/status/199 [32m200[0m 86.983 ms - 268[0m
2026-09-23 22:09:83 [[32minfo[39m]: [0mGET /api/whatsapp/status/199 [36m304[0m 81.907 ms - -[0m
2026-09-23 22:09:91 [[32minfo[39m]: [0mGET /api/whatsapp/status/199 [36m304[0m 157.903 ms - -[0m
2026-09-23 22:09:83 [[32minfo[39m]: [0mGET /api/whatsapp/status/199 [36m304[0m 82.768 ms - -[0m
2026-09-23 22:09:84 [[32minfo[39m]: [0mGET /api/whatsapp/status/199 [36m304[0m 96.004 ms - -[0m
2026-09-23 22:09:85 [[32minfo[39m]: [0mGET /api/whatsapp/status/199 [36m304[0m 101.868 ms - -[0m
2026-09-23 22:09:82 [[32minfo[39m]: [0mGET /api/whatsapp/status/199 [36m304[0m 79.648 ms - -[0m
2026-09-23 22:09:83 [[32minfo[39m]: [0mGET /api/whatsapp/status/199 [36m304[0m 83.990 ms - -[0m
2026-09-23 22:09:82 [[32minfo[39m]: [0mGET /api/whatsapp/status/199 [36m304[0m 79.096 ms - -[0m
2026-09-23 22:09:82 [[32minfo[39m]: [0mGET /api/whatsapp/status/199 [36m304[0m 83.437 ms - -[0m
2026-09-23 22:09:82 [[32minfo[39m]: [0mGET /api/whatsapp/status/199 [32m200[0m 83.480 ms - 268[0m
2026-09-23 22:09:83 [[32minfo[39m]: [0mGET /api/whatsapp/status/199 [36m304[0m 82.991 ms - -[0m
2026-09-23 22:09:83 [[32minfo[39m]: [0mGET /api/whatsapp/status/199 [36m304[0m 88.479 ms - -[0m
2026-09-23 22:09:84 [[32minfo[39m]: [0mGET /api/whatsapp/status/199 [36m304[0m 92.620 ms - -[0m
2026-09-23 22:09:92 [[32minfo[39m]: [0mGET /api/whatsapp/status/199 [36m304[0m 177.331 ms - -[0m
2026-09-23 22:09:82 [[32minfo[39m]: [0mGET /api/whatsapp/status/199 [36m304[0m 79.913 ms - -[0m
2026-09-23 22:09:82 [[32minfo[39m]: [0mGET /api/whatsapp/status/199 [36m304[0m 78.793 ms - -[0m
2026-09-23 22:09:83 [[32minfo[39m]: [0mGET /api/whatsapp/status/199 [36m304[0m 85.464 ms - -[0m
2026-09-23 22:09:82 [[32minfo[39m]: [0mGET /api/whatsapp/status/199 [36m304[0m 79.818 ms - -[0m
2026-09-23 22:09:83 [[32minfo[39m]: [0mGET /api/whatsapp/status/199 [36m304[0m 90.204 ms - -[0m
2026-09-23 22:09:82 [[32minfo[39m]: [0mGET /api/whatsapp/status/199 [32m200[0m 83.712 ms - 268[0m
2026-09-23 22:09:81 [[32minfo[39m]: [0mGET /api/whatsapp/status/199 [36m304[0m 79.216 ms - -[0m
2026-09-23 22:09:88 [[32minfo[39m]: [0mGET /api/whatsapp/status/199 [36m304[0m 146.348 ms - -[0m
2026-09-23 22:09:82 [[32minfo[39m]: [0mGET /api/whatsapp/status/199 [36m304[0m 85.260 ms - -[0m
2026-09-23 22:09:85 [[32minfo[39m]: [0mGET /api/whatsapp/status/199 [36m304[0m 112.297 ms - -[0m
2026-09-23 22:09:85 [[32minfo[39m]: [0mGET /api/whatsapp/status/199 [36m304[0m 103.366 ms - -[0m
2026-09-23 22:09:84 [[32minfo[39m]: [0mGET /api/whatsapp/status/199 [36m304[0m 91.828 ms - -[0m
2026-09-23 22:09:86 [[32minfo[39m]: [0mGET /api/whatsapp/status/199 [36m304[0m 115.233 ms - -[0m
2026-09-23 22:09:86 [[32minfo[39m]: [0mGET /api/whatsapp/status/199 [36m304[0m 118.709 ms - -[0m
2026-09-23 22:09:83 [[32minfo[39m]: [0mGET /api/whatsapp/status/199 [36m304[0m 78.480 ms - -[0m
2026-09-23 22:09:89 [[32minfo[39m]: [0mGET /api/whatsapp/status/199 [32m200[0m 151.224 ms - 268[0m
2026-09-23 22:09:84 [[32minfo[39m]: [0mGET /api/whatsapp/status/199 [36m304[0m 101.127 ms - -[0m
2026-09-23 22:09:85 [[32minfo[39m]: [0mGET /api/whatsapp/status/199 [36m304[0m 104.392 ms - -[0m
2026-09-23 22:09:88 [[32minfo[39m]: [0mGET /api/whatsapp/status/199 [36m304[0m 143.898 ms - -[0m
2026-09-23 22:09:82 [[32minfo[39m]: [0mGET /api/whatsapp/status/199 [36m304[0m 80.561 ms - -[0m
2026-09-23 22:09:84 [[32minfo[39m]: [0mGET /api/whatsapp/status/199 [36m304[0m 97.463 ms - -[0m
2026-09-23 22:09:88 [[32minfo[39m]: [0mGET /api/whatsapp/status/199 [36m304[0m 138.748 ms - -[0m
2026-09-23 22:09:89 [[32minfo[39m]: [0mGET /api/whatsapp/status/199 [36m304[0m 148.431 ms - -[0m
2026-09-23 22:09:93 [[32minfo[39m]: [0mGET /api/whatsapp/status/199 [36m304[0m 186.291 ms - -[0m
2026-09-23 22:09:82 [[32minfo[39m]: [0mGET /api/whatsapp/status/199 [36m304[0m 83.422 ms - -[0m
2026-09-23 22:09:85 [[32minfo[39m]: [0mGET /api/whatsapp/status/199 [32m200[0m 113.363 ms - 268[0m
2026-09-23 22:09:90 [[32minfo[39m]: [0mGET /api/whatsapp/status/199 [36m304[0m 157.012 ms - -[0m
2026-09-23 22:09:82 [[32minfo[39m]: [0mGET /api/whatsapp/status/199 [36m304[0m 83.700 ms - -[0m
2026-09-23 22:09:82 [[32minfo[39m]: [0mGET /api/whatsapp/status/199 [36m304[0m 82.460 ms - -[0m
2026-09-23 22:09:83 [[32minfo[39m]: [0mGET /api/whatsapp/status/199 [36m304[0m 91.941 ms - -[0m
2026-09-23 22:09:84 [[32minfo[39m]: [0mGET /api/whatsapp/status/199 [36m304[0m 103.507 ms - -[0m
2026-09-23 22:09:83 [[32minfo[39m]: [0mGET /api/whatsapp/status/199 [36m304[0m 91.362 ms - -[0m
2026-09-23 22:09:83 [[32minfo[39m]: [0mGET /api/whatsapp/status/199 [36m304[0m 89.644 ms - -[0m
2026-09-23 22:09:73 [[32minfo[39m]: [0mGET /api/whatsapp/status/199 [36m304[0m 96.837 ms - -[0m
2026-09-23 22:09:85 [[32minfo[39m]: [0mGET /api/whatsapp/status/199 [36m304[0m 83.484 ms - -[0m
2026-09-23 22:09:91 [[32minfo[39m]: [0mGET /api/whatsapp/status/199 [32m200[0m 110.334 ms - 272[0m
2026-09-23 22:09:27 [[32minfo[39m]: [0mGET /api/whatsapp/status/199 [36m304[0m 90.321 ms - -[0m
2026-09-23 22:09:31 [[32minfo[39m]: [0mGET /api/whatsapp/status/199 [36m304[0m 129.630 ms - -[0m
2026-09-23 22:09:33 [[32minfo[39m]: [0mGET /api/whatsapp/status/199 [36m304[0m 82.951 ms - -[0m
2026-09-23 22:09:30 [[32minfo[39m]: [0mGET /api/whatsapp/status/199 [36m304[0m 123.442 ms - -[0m
2026-09-23 22:09:27 [[32minfo[39m]: [0mGET /api/whatsapp/status/199 [36m304[0m 87.075 ms - -[0m
2026-09-23 22:09:26 [[32minfo[39m]: [0mGET /api/whatsapp/status/199 [36m304[0m 79.589 ms - -[0m
2026-09-23 22:09:34 [[32minfo[39m]: [0mGET /api/whatsapp/status/199 [36m304[0m 163.007 ms - -[0m
2026-09-23 22:09:25 [[32minfo[39m]: [0mGET /api/whatsapp/status/199 [36m304[0m 80.407 ms - -[0m
2026-09-23 22:09:29 [[32minfo[39m]: [0mGET /api/whatsapp/status/199 [36m304[0m 100.924 ms - -[0m
2026-09-23 22:09:88 [[32minfo[39m]: [0mGET /api/whatsapp/status/199 [36m304[0m 82.746 ms - -[0m
2026-09-23 22:09:27 [[32minfo[39m]: [0mGET /api/whatsapp/status/199 [36m304[0m 87.654 ms - -[0m
2026-09-23 22:09:28 [[32minfo[39m]: [0mGET /api/whatsapp/status/199 [36m304[0m 146.785 ms - -[0m
2026-09-23 22:09:95 [[32minfo[39m]: [0mGET /api/whatsapp/status/199 [36m304[0m 81.779 ms - -[0m
2026-09-23 22:09:29 [[32minfo[39m]: [0mGET /api/whatsapp/status/199 [36m304[0m 79.335 ms - -[0m
2026-09-23 22:09:26 [[32minfo[39m]: [0mGET /api/whatsapp/status/199 [36m304[0m 87.828 ms - -[0m
2026-09-23 22:09:26 [[32minfo[39m]: [0mGET /api/whatsapp/status/199 [36m304[0m 79.344 ms - -[0m
2026-09-23 22:09:34 [[32minfo[39m]: [0mGET /api/whatsapp/status/199 [36m304[0m 80.278 ms - -[0m
2026-09-23 22:09:27 [[32minfo[39m]: [0mGET /api/whatsapp/status/199 [36m304[0m 94.737 ms - -[0m
2026-09-23 22:09:27 [[32minfo[39m]: [0mGET /api/whatsapp/status/199 [36m304[0m 86.558 ms - -[0m
2026-09-23 22:09:26 [[32minfo[39m]: [0mGET /api/whatsapp/status/199 [36m304[0m 81.101 ms - -[0m
2026-09-23 22:09:26 [[32minfo[39m]: [0mGET /api/whatsapp/status/199 [36m304[0m 84.083 ms - -[0m
2026-09-23 22:09:25 [[32minfo[39m]: [0mGET /api/whatsapp/status/199 [36m304[0m 77.700 ms - -[0m
2026-09-23 22:09:26 [[32minfo[39m]: [0mGET /api/whatsapp/status/199 [36m304[0m 79.385 ms - -[0m
2026-09-23 22:09:28 [[32minfo[39m]: [0mGET /api/whatsapp/status/199 [36m304[0m 84.456 ms - -[0m
2026-09-23 22:09:26 [[32minfo[39m]: [0mGET /api/whatsapp/status/199 [36m304[0m 83.322 ms - -[0m
2026-09-23 22:09:28 [[32minfo[39m]: [0mGET /api/whatsapp/status/199 [32m200[0m 101.029 ms - 268[0m
2026-09-23 22:09:33 [[32minfo[39m]: [0mGET /api/whatsapp/status/199 [36m304[0m 147.430 ms - -[0m
2026-09-23 22:09:33 [[32minfo[39m]: [0mGET /api/whatsapp/status/199 [36m304[0m 145.166 ms - -[0m
2026-09-23 22:09:26 [[32minfo[39m]: [0mGET /api/whatsapp/status/199 [36m304[0m 92.222 ms - -[0m
2026-09-23 22:09:27 [[32minfo[39m]: [0mGET /api/whatsapp/status/199 [36m304[0m 95.295 ms - -[0m
2026-09-23 22:09:26 [[32minfo[39m]: [0mGET /api/whatsapp/status/199 [36m304[0m 83.849 ms - -[0m
2026-09-23 22:09:35 [[32minfo[39m]: [0mGET /api/whatsapp/status/199 [36m304[0m 175.624 ms - -[0m
2026-09-23 22:09:28 [[32minfo[39m]: [0mGET /api/whatsapp/status/199 [36m304[0m 94.707 ms - -[0m
2026-09-23 22:09:26 [[32minfo[39m]: [0mGET /api/whatsapp/status/199 [36m304[0m 85.742 ms - -[0m
2026-09-23 22:09:32 [[32minfo[39m]: [0mGET /api/whatsapp/status/199 [36m304[0m 130.464 ms - -[0m
2026-09-23 22:09:29 [[32minfo[39m]: [0mGET /api/whatsapp/status/199 [36m304[0m 83.188 ms - -[0m
2026-09-23 22:09:32 [[32minfo[39m]: [0mGET /api/whatsapp/status/199 [36m304[0m 126.322 ms - -[0m
2026-09-23 22:09:27 [[32minfo[39m]: [0mGET /api/whatsapp/status/199 [36m304[0m 88.993 ms - -[0m
2026-09-23 22:09:31 [[32minfo[39m]: [0mGET /api/whatsapp/status/199 [36m304[0m 119.509 ms - -[0m
2026-09-23 22:09:27 [[32minfo[39m]: [0mGET /api/whatsapp/status/199 [36m304[0m 84.909 ms - -[0m
2026-09-23 22:09:31 [[32minfo[39m]: [0mGET /api/whatsapp/status/199 [36m304[0m 705.817 ms - -[0m
2026-09-23 22:09:90 [[32minfo[39m]: [0mGET /api/whatsapp/status/199 [36m304[0m 100.157 ms - -[0m
2026-09-23 22:09:55 [[32minfo[39m]: [0mGET /api/whatsapp/status/199 [32m200[0m 135.170 ms - 35[0m
2026-09-23 22:09:27 [[32minfo[39m]: [0mGET /api/whatsapp/status/199 [36m304[0m 88.673 ms - -[0m
2026-09-23 22:09:27 [[32minfo[39m]: [0mGET /api/whatsapp/status/199 [36m304[0m 83.309 ms - -[0m
2026-09-23 22:09:14 [[32minfo[39m]: [0mGET /api/whatsapp/status/199 [36m304[0m 201.621 ms - -[0m
2026-09-23 22:09:90 [[32minfo[39m]: [0mGET /api/whatsapp/status/199 [36m304[0m 93.618 ms - -[0m
2026-09-23 22:09:89 [[32minfo[39m]: [0mGET /api/whatsapp/status/199 [32m200[0m 88.133 ms - 35[0m
2026-09-23 22:09:31 [[32minfo[39m]: [0mGET /api/whatsapp/status/199 [36m304[0m 88.614 ms - -[0m
2026-09-23 22:09:100 [[32minfo[39m]: [0mGET /api/whatsapp/status/199 [36m304[0m 97.534 ms - -[0m
2026-09-23 22:09:91 [[32minfo[39m]: [0mGET /api/whatsapp/status/199 [36m304[0m 114.764 ms - -[0m
2026-09-23 22:09:92 [[32minfo[39m]: [0mGET /api/whatsapp/status/199 [36m304[0m 122.264 ms - -[0m
2026-09-23 22:09:28 [[32minfo[39m]: [0mGET /api/whatsapp/status/199 [36m304[0m 88.324 ms - -[0m
2026-09-23 22:09:89 [[32minfo[39m]: [0mGET /api/whatsapp/status/199 [36m304[0m 95.280 ms - -[0m
2026-09-23 22:09:28 [[32minfo[39m]: [0mGET /api/whatsapp/status/199 [36m304[0m 88.603 ms - -[0m
2026-09-23 22:09:27 [[32minfo[39m]: [0mGET /api/whatsapp/status/199 [36m304[0m 93.405 ms - -[0m
2026-09-23 22:09:46 [[32minfo[39m]: [0mGET /api/whatsapp/status/199 [36m304[0m 147.386 ms - -[0m
2026-09-23 22:09:90 [[32minfo[39m]: [0mGET /api/whatsapp/status/199 [36m304[0m 91.934 ms - -[0m
2026-09-23 22:09:13 [[32minfo[39m]: [0mGET /api/whatsapp/status/199 [36m304[0m 298.565 ms - -[0m
2026-09-23 22:09:28 [[32minfo[39m]: [0mGET /api/whatsapp/status/199 [36m304[0m 99.799 ms - -[0m
2026-09-23 22:09:74 [[32minfo[39m]: [0mPOST /api/whatsapp/generate-qr/199 [32m200[0m 26990.728 ms - 268[0m
2026-09-23 22:09:28 [[32minfo[39m]: [0mGET /api/whatsapp/status/199 [32m200[0m 88.559 ms - 268[0m
2026-09-23 22:09:92 [[32minfo[39m]: [0mGET /api/whatsapp/status/199 [36m304[0m 124.444 ms - -[0m
2026-09-23 22:09:28 [[32minfo[39m]: [0mGET /api/whatsapp/status/199 [36m304[0m 94.714 ms - -[0m
2026-09-23 22:09:34 [[32minfo[39m]: [0mGET /api/whatsapp/status/199 [36m304[0m 158.763 ms - -[0m
2026-09-23 22:09:27 [[32minfo[39m]: [0mGET /api/whatsapp/status/199 [36m304[0m 93.503 ms - -[0m
2026-09-23 22:09:30 [[32minfo[39m]: [0mGET /api/whatsapp/status/199 [36m304[0m 116.843 ms - -[0m
2026-09-23 22:09:92 [[32minfo[39m]: [0mGET /api/whatsapp/status/199 [36m304[0m 115.613 ms - -[0m
2026-09-23 22:09:90 [[32minfo[39m]: [0mGET /api/whatsapp/status/199 [36m304[0m 96.713 ms - -[0m
2026-09-23 22:09:90 [[32minfo[39m]: [0mGET /api/whatsapp/status/199 [36m304[0m 97.301 ms - -[0m
2026-09-23 22:09:90 [[32minfo[39m]: [0mGET /api/whatsapp/status/199 [36m304[0m 93.593 ms - -[0m
2026-09-23 22:09:89 [[32minfo[39m]: [0mGET /api/whatsapp/status/199 [36m304[0m 93.830 ms - -[0m
2026-09-23 22:09:89 [[32minfo[39m]: [0mGET /api/whatsapp/status/199 [36m304[0m 93.861 ms - -[0m
2026-09-23 22:09:90 [[32minfo[39m]: [0mGET /api/whatsapp/status/199 [36m304[0m 94.578 ms - -[0m
2026-09-23 22:09:90 [[32minfo[39m]: [0mGET /api/whatsapp/status/199 [36m304[0m 97.030 ms - -[0m
2026-09-23 22:09:93 [[32minfo[39m]: [0mGET /api/whatsapp/status/199 [36m304[0m 134.198 ms - -[0m
2026-09-23 22:09:14 [[32minfo[39m]: [0mGET /api/whatsapp/status/199 [36m304[0m 107.504 ms - -[0m
2026-09-23 22:09:12 [[32minfo[39m]: [0mGET /api/whatsapp/status/199 [36m304[0m 280.624 ms - -[0m
2026-09-23 22:09:16 [[32minfo[39m]: [0mGET /api/whatsapp/status/199 [36m304[0m 362.517 ms - -[0m
2026-09-23 22:09:01 [[32minfo[39m]: [0mGET /api/whatsapp/status/199 [36m304[0m 174.981 ms - -[0m
2026-09-23 22:09:08 [[32minfo[39m]: [0mGET /api/whatsapp/status/199 [36m304[0m 281.377 ms - -[0m
2026-09-23 22:09:91 [[32minfo[39m]: [0mGET /api/whatsapp/status/199 [36m304[0m 107.729 ms - -[0m
2026-09-23 22:09:14 [[32minfo[39m]: [0mGET /api/whatsapp/status/199 [36m304[0m 180.129 ms - -[0m
2026-09-23 22:09:30 [[32minfo[39m]: [0mGET /api/whatsapp/status/199 [36m304[0m 114.490 ms - -[0m
2026-09-23 22:09:30 [[32minfo[39m]: [0mGET /api/whatsapp/status/199 [36m304[0m 110.789 ms - -[0m
2026-09-23 22:09:11 [[32minfo[39m]: [0mGET /api/whatsapp/status/199 [36m304[0m 152.627 ms - -[0m
2026-09-23 22:09:29 [[32minfo[39m]: [0mGET /api/whatsapp/status/199 [36m304[0m 106.689 ms - -[0m
2026-09-23 22:09:90 [[32minfo[39m]: [0mGET /api/whatsapp/status/199 [36m304[0m 101.933 ms - -[0m
2026-09-23 22:09:74 [[32minfo[39m]: [0mGET /api/whatsapp/status/199 [36m304[0m 105.771 ms - -[0m
2026-09-23 22:09:32 [[32minfo[39m]: [0mGET /api/whatsapp/status/199 [36m304[0m 104.676 ms - -[0m
2026-09-23 22:09:29 [[32minfo[39m]: [0mGET /api/whatsapp/status/199 [36m304[0m 113.734 ms - -[0m
2026-09-23 22:09:40 [[32minfo[39m]: [0mGET /api/whatsapp/status/199 [36m304[0m 248.023 ms - -[0m
2026-09-23 22:09:90 [[32minfo[39m]: [0mGET /api/whatsapp/status/199 [36m304[0m 90.923 ms - -[0m
2026-09-23 22:09:92 [[32minfo[39m]: [0mGET /api/whatsapp/status/199 [36m304[0m 116.473 ms - -[0m
2026-09-23 22:09:99 [[32minfo[39m]: [0mGET /api/whatsapp/status/199 [36m304[0m 179.419 ms - -[0m
2026-09-23 22:09:97 [[32minfo[39m]: [0mGET /api/whatsapp/status/199 [36m304[0m 168.077 ms - -[0m
2026-09-23 22:09:89 [[32minfo[39m]: [0mGET /api/whatsapp/status/199 [36m304[0m 93.018 ms - -[0m
2026-09-23 22:09:96 [[32minfo[39m]: [0mGET /api/whatsapp/status/199 [36m304[0m 135.688 ms - -[0m
2026-09-23 22:09:93 [[32minfo[39m]: [0mGET /api/whatsapp/status/199 [36m304[0m 109.299 ms - -[0m
2026-09-23 22:09:90 [[32minfo[39m]: [0mGET /api/whatsapp/status/199 [32m200[0m 97.324 ms - 32[0m
2026-09-23 22:09:61 [[32minfo[39m]: [0mPUT /api/users/update/199 [32m200[0m 2075.874 ms - 592[0m
2026-09-23 22:09:18 [[32minfo[39m]: [0mGET /api/whatsapp/status/199 [36m304[0m 100.617 ms - -[0m
2026-09-23 22:09:43 [[32minfo[39m]: [0mGET /api/whatsapp/status/199 [36m304[0m 100.654 ms - -[0m
2026-09-23 22:09:54 [[32minfo[39m]: [0mGET /api/whatsapp/status/199 [32m200[0m 178.504 ms - 35[0m
2026-09-23 22:09:71 [[32minfo[39m]: [0mGET /api/whatsapp/status/199 [36m304[0m 141.681 ms - -[0m
2026-09-23 22:09:77 [[32minfo[39m]: [0mPOST /api/whatsapp/generate-qr/199 [32m200[0m 18329.914 ms - 268[0m
2026-09-23 22:09:07 [[32minfo[39m]: [0mGET /api/whatsapp/status/199 [32m200[0m 897.476 ms - 268[0m
2026-09-23 22:09:23 [[32minfo[39m]: [0mGET /api/whatsapp/status/199 [36m304[0m 146.288 ms - -[0m
2026-09-23 22:09:00 [[32minfo[39m]: [0mGET /api/whatsapp/status/199 [36m304[0m 146.442 ms - -[0m
2026-09-23 22:09:04 [[32minfo[39m]: [0mGET /api/whatsapp/status/199 [36m304[0m 180.462 ms - -[0m
2026-09-23 22:09:99 [[32minfo[39m]: [0mGET /api/whatsapp/status/199 [36m304[0m 127.213 ms - -[0m
2026-09-23 22:09:03 [[32minfo[39m]: [0mGET /api/whatsapp/status/199 [36m304[0m 170.688 ms - -[0m
2026-09-23 22:09:06 [[32minfo[39m]: [0mGET /api/whatsapp/status/199 [36m304[0m 198.379 ms - -[0m
2026-09-23 22:09:34 [[32minfo[39m]: [0mGET /api/whatsapp/status/199 [36m304[0m 415.196 ms - -[0m
2026-09-23 22:09:29 [[32minfo[39m]: [0mGET /api/whatsapp/status/199 [36m304[0m 413.029 ms - -[0m
2026-09-23 22:09:08 [[32minfo[39m]: [0mGET /api/whatsapp/status/199 [36m304[0m 141.129 ms - -[0m
2026-09-23 22:09:23 [[32minfo[39m]: [0mGET /api/whatsapp/status/199 [36m304[0m 381.137 ms - -[0m
2026-09-23 22:09:05 [[32minfo[39m]: [0mGET /api/whatsapp/status/199 [36m304[0m 200.452 ms - -[0m
2026-09-23 22:09:36 [[32minfo[39m]: [0mGET /api/whatsapp/status/199 [36m304[0m 456.722 ms - -[0m
2026-09-23 22:09:27 [[32minfo[39m]: [0mGET /api/whatsapp/status/199 [36m304[0m 413.402 ms - -[0m
2026-09-23 22:09:05 [[32minfo[39m]: [0mGET /api/whatsapp/status/199 [36m304[0m 131.586 ms - -[0m
2026-09-23 22:09:42 [[32minfo[39m]: [0mGET /api/whatsapp/status/199 [36m304[0m 224.260 ms - -[0m
2026-09-23 22:09:31 [[32minfo[39m]: [0mGET /api/whatsapp/status/199 [36m304[0m 135.050 ms - -[0m
2026-09-23 22:09:35 [[32minfo[39m]: [0mGET /api/whatsapp/status/199 [36m304[0m 172.117 ms - -[0m
2026-09-23 22:09:06 [[32minfo[39m]: [0mGET /api/whatsapp/status/199 [36m304[0m 84.348 ms - -[0m
2026-09-23 22:09:61 [[32minfo[39m]: [0mGET /api/whatsapp/status/199 [36m304[0m 449.396 ms - -[0m
2026-09-23 22:09:98 [[32minfo[39m]: [0mGET /api/whatsapp/status/199 [36m304[0m 126.584 ms - -[0m
2026-09-23 22:09:04 [[32minfo[39m]: [0mGET /api/whatsapp/status/199 [36m304[0m 91.939 ms - -[0m
2026-09-23 22:09:22 [[32minfo[39m]: [0mGET /api/whatsapp/status/199 [36m304[0m 206.568 ms - -[0m
2026-09-23 22:09:30 [[32minfo[39m]: [0mGET /api/whatsapp/status/199 [36m304[0m 98.331 ms - -[0m
2026-09-23 22:09:32 [[32minfo[39m]: [0mGET /api/whatsapp/status/199 [36m304[0m 101.102 ms - -[0m
2026-09-23 22:09:15 [[32minfo[39m]: [0mGET /api/whatsapp/status/199 [36m304[0m 85.120 ms - -[0m
2026-09-23 22:09:10 [[32minfo[39m]: [0mGET /api/whatsapp/status/199 [36m304[0m 238.476 ms - -[0m
2026-09-23 22:09:37 [[32minfo[39m]: [0mGET /api/whatsapp/status/199 [36m304[0m 176.201 ms - -[0m
2026-09-23 22:09:28 [[32minfo[39m]: [0mGET /api/whatsapp/status/199 [36m304[0m 92.061 ms - -[0m
2026-09-23 22:09:54 [[32minfo[39m]: [0mGET /api/whatsapp/status/199 [36m304[0m 82.498 ms - -[0m
2026-09-23 22:09:44 [[32minfo[39m]: [0mGET /api/whatsapp/status/199 [36m304[0m 117.555 ms - -[0m
2026-09-23 22:09:92 [[32minfo[39m]: [0mGET /api/whatsapp/status/199 [32m200[0m 153.523 ms - 32[0m
2026-09-23 22:09:22 [[32minfo[39m]: [0mPUT /api/users/update/199 [32m200[0m 652.100 ms - 592[0m
2026-09-23 22:09:19 [[32minfo[39m]: [0mGET /api/message/all [36m304[0m 481.869 ms - -[0m
2026-09-23 22:09:53 [[32minfo[39m]: [0mGET /api/message/all [36m304[0m 305.935 ms - -[0m
2026-09-23 22:09:75 [[32minfo[39m]: [0mGET /api/token/all/211 [36m304[0m 1011.466 ms - -[0m
2026-09-23 22:09:97 [[32minfo[39m]: [0mGET /api/balance/getBalance/211 [36m304[0m 1226.775 ms - -[0m
2026-09-23 22:09:21 [[32minfo[39m]: [0mGET /api/token/all/211 [36m304[0m 375.922 ms - -[0m
2026-09-23 22:09:79 [[32minfo[39m]: [0mGET /api/balance/getBalance/211 [36m304[0m 627.009 ms - -[0m
2026-09-23 22:09:22 [[32minfo[39m]: [0mPOST /api/auth/logout [32m200[0m 750.421 ms - 46[0m
2026-09-23 22:09:98 [[32minfo[39m]: Login attempt by: asifandhi@gmail.com
2026-09-23 22:09:03 [[32minfo[39m]: Login success: asifandhi@gmail.com, role: admin
2026-09-23 22:09:03 [[32minfo[39m]: [0mPOST /api/auth/login [32m200[0m 1052.848 ms - 199[0m
2026-09-23 22:09:99 [[32minfo[39m]: [0mGET /api/users/users [32m200[0m 243.005 ms - 103[0m
2026-09-23 22:09:18 [[32minfo[39m]: [0mGET /api/users/users [36m304[0m 179.122 ms - -[0m
2026-09-23 22:09:66 [[32minfo[39m]: [0mGET /api/message/all [32m200[0m 904.260 ms - 2[0m
2026-09-23 22:09:85 [[32minfo[39m]: [0mGET /api/message/all [36m304[0m 183.765 ms - -[0m
2026-09-23 22:09:14 [[32minfo[39m]: [0mGET /api/token/all/211 [36m304[0m 1019.340 ms - -[0m
2026-09-23 22:09:33 [[32minfo[39m]: [0mGET /api/balance/getBalance/211 [36m304[0m 1225.569 ms - -[0m
2026-09-23 22:09:12 [[32minfo[39m]: [0mGET /api/token/all/211 [36m304[0m 1115.237 ms - -[0m
2026-09-23 22:09:54 [[32minfo[39m]: [0mGET /api/token/all/211 [36m304[0m 416.685 ms - -[0m
2026-09-23 22:09:07 [[32minfo[39m]: [0mDELETE /api/token/2 [32m200[0m 1020.389 ms - 52[0m
2026-09-23 22:09:34 [[32minfo[39m]: [0mGET /api/token/all/211 [32m200[0m 1202.602 ms - 923[0m
2026-09-23 22:09:76 [[32minfo[39m]: [0mDELETE /api/token/1 [32m200[0m 1774.730 ms - 52[0m
2026-09-23 22:09:90 [[32minfo[39m]: [0mGET /api/token/all/211 [32m200[0m 1086.523 ms - 48[0m
2026-09-23 22:09:42 [[32minfo[39m]: [0mGET /api/token/all [32m200[0m 1458.134 ms - 66[0m
2026-09-23 22:09:88 [[32minfo[39m]: [0mGET /api/token/all [36m304[0m 452.752 ms - -[0m
2026-09-23 22:09:58 [[32minfo[39m]: [0mGET /api/balance/getBalance/211 [36m304[0m 879.629 ms - -[0m
2026-09-23 22:09:28 [[32minfo[39m]: [0mGET /api/balance/getBalance/211 [36m304[0m 696.394 ms - -[0m
2026-09-23 22:09:12 [[32minfo[39m]: [0mGET /api/balance/getAllUserBalance [32m200[0m 1145.589 ms - 264[0m
2026-09-23 22:09:60 [[32minfo[39m]: [0mGET /api/balance/getAllUserBalance [36m304[0m 475.892 ms - -[0m
2026-09-23 22:09:40 [[32minfo[39m]: [0mGET /api/payment-history/ [36m304[0m 247.958 ms - -[0m
2026-09-23 22:09:67 [[32minfo[39m]: [0mGET /api/payment-history/ [36m304[0m 272.326 ms - -[0m
2026-09-23 22:09:91 [[32minfo[39m]: [0mGET /api/users/users [36m304[0m 243.970 ms - -[0m
2026-09-23 22:09:91 [[32minfo[39m]: [0mGET /api/message/all [36m304[0m 243.248 ms - -[0m
2026-09-23 22:09:14 [[32minfo[39m]: [0mGET /api/users/users [36m304[0m 230.491 ms - -[0m
2026-09-23 22:09:20 [[32minfo[39m]: [0mGET /api/message/all [36m304[0m 288.331 ms - -[0m
2026-09-23 22:09:60 [[32minfo[39m]: [0mGET /api/message/all [36m304[0m 254.046 ms - -[0m
2026-09-23 22:09:86 [[32minfo[39m]: [0mGET /api/message/all [36m304[0m 250.185 ms - -[0m
2026-09-23 22:09:10 [[32minfo[39m]: [0mGET /api/balance/getBalance/211 [36m304[0m 742.103 ms - -[0m
2026-09-23 22:09:63 [[32minfo[39m]: [0mGET /api/token/all/211 [36m304[0m 1269.364 ms - -[0m
2026-09-23 22:09:92 [[32minfo[39m]: [0mGET /api/balance/getBalance/211 [36m304[0m 821.561 ms - -[0m
2026-09-23 22:09:30 [[32minfo[39m]: [0mGET /api/token/all/211 [36m304[0m 666.792 ms - -[0m
2026-09-23 22:09:46 [[32minfo[39m]: [0mGET /api/token/all [36m304[0m 601.349 ms - -[0m
2026-09-23 22:09:87 [[32minfo[39m]: [0mGET /api/token/all [36m304[0m 400.446 ms - -[0m
2026-09-23 22:09:80 [[32minfo[39m]: [0mGET /api/token/all/211 [36m304[0m 505.099 ms - -[0m
2026-09-23 22:09:52 [[32minfo[39m]: [0mGET /api/token/all/211 [36m304[0m 622.680 ms - -[0m
2026-09-23 22:09:50 [[32minfo[39m]: [0mGET /api/token/all [36m304[0m 547.859 ms - -[0m
2026-09-23 22:09:09 [[32minfo[39m]: [0mGET /api/token/all [36m304[0m 586.996 ms - -[0m
2026-09-23 22:09:25 [[32minfo[39m]: [0mGET /api/token/all/211 [36m304[0m 474.267 ms - -[0m
2026-09-23 22:09:80 [[32minfo[39m]: [0mGET /api/token/all/211 [36m304[0m 547.926 ms - -[0m
2026-09-23 22:09:10 [[32minfo[39m]: [0mGET /api/token/all [36m304[0m 449.552 ms - -[0m
2026-09-23 22:09:86 [[32minfo[39m]: [0mPOST /api/token/create [32m200[0m 1887.410 ms - -[0m
2026-09-23 22:09:61 [[32minfo[39m]: [0mGET /api/token/all/211 [32m200[0m 1681.583 ms - 932[0m
2026-09-23 22:09:12 [[32minfo[39m]: [0mGET /api/payment-history/ [36m304[0m 1011.653 ms - -[0m
2026-09-23 22:09:38 [[32minfo[39m]: [0mGET /api/payment-history/ [36m304[0m 254.428 ms - -[0m
2026-09-23 23:09:62 [[32minfo[39m]: [0mGET /api/users/users [36m304[0m 1229.233 ms - -[0m
2026-09-23 23:09:64 [[32minfo[39m]: [0mGET /api/payment-history/ [36m304[0m 1278.783 ms - -[0m
2026-09-23 23:09:96 [[32minfo[39m]: [0mGET /api/payment-history/recovery [32m200[0m 277.740 ms - 45[0m
2026-09-23 23:09:27 [[32minfo[39m]: [0mGET /api/payment-history/recovery [36m304[0m 300.346 ms - -[0m
2026-09-23 23:09:15 [[32minfo[39m]: [0mGET /api/token/all/211 [36m304[0m 1136.272 ms - -[0m
2026-09-23 23:09:40 [[32minfo[39m]: [0mGET /api/token/all/211 [36m304[0m 1098.137 ms - -[0m
2026-09-23 23:09:38 [[32minfo[39m]: [0mPUT /api/token/update [33m400[0m 1610.939 ms - 36[0m
2026-09-23 23:09:18 [[32minfo[39m]: [0mGET /api/token/all/211 [36m304[0m 671.379 ms - -[0m
2026-09-23 23:09:35 [[32minfo[39m]: [0mPUT /api/token/update [33m400[0m 829.688 ms - 36[0m
2026-09-23 23:09:05 [[32minfo[39m]: [0mGET /api/token/all/211 [36m304[0m 583.984 ms - -[0m
2026-09-23 23:09:94 [[32minfo[39m]: [0mGET /api/balance/getBalance/211 [36m304[0m 794.216 ms - -[0m
2026-09-23 23:09:79 [[32minfo[39m]: [0mGET /api/balance/getBalance/211 [36m304[0m 848.319 ms - -[0m
2026-09-23 23:09:35 [[32minfo[39m]: [0mPOST /api/balance/add [32m200[0m 3062.788 ms - 830[0m
2026-09-23 23:09:84 [[32minfo[39m]: [0mGET /api/balance/getBalance/211 [32m200[0m 1314.013 ms - 417[0m
2026-09-23 23:09:14 [[32minfo[39m]: [0mGET /api/payment-history/recovery [36m304[0m 257.995 ms - -[0m
2026-09-23 23:09:42 [[32minfo[39m]: [0mGET /api/payment-history/recovery [36m304[0m 282.943 ms - -[0m
2026-09-23 23:09:66 [[32minfo[39m]: [0mGET /api/token/all/211 [36m304[0m 581.833 ms - -[0m
2026-09-23 23:09:20 [[32minfo[39m]: [0mGET /api/token/all/211 [36m304[0m 529.311 ms - -[0m
2026-09-23 23:09:05 [[32minfo[39m]: [0mPUT /api/token/update [32m200[0m 3899.465 ms - -[0m
2026-09-23 23:09:79 [[32minfo[39m]: [0mGET /api/token/all/211 [32m200[0m 548.661 ms - 964[0m
2026-09-23 23:09:74 [[32minfo[39m]: [0mGET /api/payment-history/recovery [32m200[0m 419.837 ms - 412[0m
2026-09-23 23:09:08 [[32minfo[39m]: [0mGET /api/payment-history/recovery [36m304[0m 296.517 ms - -[0m
2026-09-23 23:09:98 [[32minfo[39m]: [0mGET /api/token/all/211 [36m304[0m 931.390 ms - -[0m
2026-09-23 23:09:32 [[32minfo[39m]: [0mGET /api/token/all/211 [36m304[0m 336.581 ms - -[0m
2026-09-23 23:09:97 [[32minfo[39m]: [0mGET /api/token/all [32m200[0m 373.457 ms - 753[0m
2026-09-23 23:09:26 [[32minfo[39m]: [0mPOST /api/token/create [32m200[0m 1735.283 ms - -[0m
2026-09-23 23:09:28 [[32minfo[39m]: [0mGET /api/token/all/211 [32m200[0m 944.649 ms - -[0m
2026-09-23 23:09:99 [[32minfo[39m]: [0mPUT /api/token/update [32m200[0m 4456.148 ms - -[0m
2026-09-23 23:09:61 [[32minfo[39m]: [0mGET /api/token/all/211 [32m200[0m 468.425 ms - -[0m
2026-09-23 23:09:68 [[32minfo[39m]: [0mGET /api/payment-history/recovery [32m200[0m 887.938 ms - 672[0m
2026-09-23 23:09:91 [[32minfo[39m]: [0mGET /api/payment-history/recovery [36m304[0m 224.105 ms - -[0m
2026-09-23 23:09:24 [[32minfo[39m]: [0mGET /api/token/all [32m200[0m 951.449 ms - -[0m
2026-09-23 23:09:61 [[32minfo[39m]: [0mGET /api/token/all [36m304[0m 358.921 ms - -[0m
2026-09-23 23:09:57 [[32minfo[39m]: [0mGET /api/token/all/211 [36m304[0m 929.721 ms - -[0m
2026-09-23 23:09:95 [[32minfo[39m]: [0mGET /api/token/all/211 [36m304[0m 375.512 ms - -[0m
2026-09-23 23:09:30 [[32minfo[39m]: [0mPUT /api/token/update [32m200[0m 1822.917 ms - -[0m
2026-09-23 23:09:86 [[32minfo[39m]: [0mGET /api/token/all/211 [36m304[0m 402.233 ms - -[0m
2026-09-23 23:09:88 [[32minfo[39m]: [0mGET /api/payment-history/recovery [36m304[0m 240.722 ms - -[0m
2026-09-23 23:09:59 [[32minfo[39m]: [0mGET /api/payment-history/recovery [36m304[0m 706.208 ms - -[0m
2026-09-23 23:09:34 [[32minfo[39m]: [0mGET /api/token/all/211 [36m304[0m 424.438 ms - -[0m
2026-09-23 23:09:76 [[32minfo[39m]: [0mGET /api/token/all/211 [36m304[0m 423.606 ms - -[0m
2026-09-23 23:09:25 [[32minfo[39m]: [0mGET /api/payment-history/ [32m200[0m 887.124 ms - 333[0m
2026-09-23 23:09:46 [[32minfo[39m]: [0mGET /api/payment-history/ [36m304[0m 203.135 ms - -[0m
2026-09-23 23:09:65 [[32minfo[39m]: [0mGET /api/payment-history/recovery [36m304[0m 175.241 ms - -[0m
2026-09-23 23:09:87 [[32minfo[39m]: [0mGET /api/payment-history/recovery [36m304[0m 216.899 ms - -[0m
2026-09-23 23:09:74 [[32minfo[39m]: [0mGET /api/token/all/211 [36m304[0m 1130.260 ms - -[0m
2026-09-23 23:09:22 [[32minfo[39m]: [0mGET /api/token/all/211 [36m304[0m 476.979 ms - -[0m
2026-09-23 23:09:14 [[32minfo[39m]: [0mGET /api/token/all [36m304[0m 432.068 ms - -[0m
2026-09-23 23:09:03 [[32minfo[39m]: [0mPOST /api/token/create [32m200[0m 2011.187 ms - -[0m
2026-09-23 23:09:17 [[32minfo[39m]: [0mGET /api/token/all/211 [32m200[0m 1051.992 ms - -[0m
2026-09-23 23:09:22 [[32minfo[39m]: [0mGET /api/payment-history/recovery [36m304[0m 900.765 ms - -[0m
2026-09-23 23:09:43 [[32minfo[39m]: [0mGET /api/payment-history/recovery [36m304[0m 207.179 ms - -[0m
2026-09-23 23:09:40 [[32minfo[39m]: [0mGET /api/token/all/211 [36m304[0m 394.783 ms - -[0m
2026-09-23 23:09:87 [[32minfo[39m]: [0mGET /api/token/all/211 [36m304[0m 464.875 ms - -[0m
2026-09-23 23:09:38 [[32minfo[39m]: [0mPUT /api/token/update [32m200[0m 3832.771 ms - -[0m
2026-09-23 23:09:98 [[32minfo[39m]: [0mGET /api/token/all/211 [32m200[0m 424.850 ms - -[0m
2026-09-23 23:09:10 [[32minfo[39m]: [0mGET /api/payment-history/recovery [32m200[0m 230.644 ms - -[0m
2026-09-23 23:09:34 [[32minfo[39m]: [0mGET /api/payment-history/recovery [36m304[0m 246.334 ms - -[0m
2026-09-23 23:09:71 [[32minfo[39m]: [0mGET /api/payment-history/recovery [32m200[0m 345.571 ms - -[0m
2026-09-23 23:09:95 [[32minfo[39m]: [0mGET /api/payment-history/recovery [36m304[0m 231.893 ms - -[0m
2026-09-23 23:09:91 [[32minfo[39m]: [0mGET /api/payment-history/recovery [36m304[0m 736.618 ms - -[0m
2026-09-23 23:09:94 [[32minfo[39m]: [0mGET /api/users/users [36m304[0m 745.238 ms - -[0m
2026-09-23 23:09:42 [[32minfo[39m]: [0mPOST /api/auth/register [32m201[0m 1199.171 ms - 260[0m
2026-09-23 23:09:68 [[32minfo[39m]: [0mGET /api/users/users [32m200[0m 170.668 ms - 211[0m
2026-09-23 23:09:51 [[32minfo[39m]: [0mGET /api/token/all [32m200[0m 368.335 ms - -[0m
2026-09-23 23:09:89 [[32minfo[39m]: [0mGET /api/token/all [36m304[0m 370.306 ms - -[0m
2026-09-23 23:09:24 [[32minfo[39m]: [0mGET /api/balance/getBalance/211 [32m200[0m 801.291 ms - 418[0m
2026-09-23 23:09:100 [[32minfo[39m]: [0mGET /api/balance/getBalance/211 [36m304[0m 748.711 ms - -[0m
2026-09-23 23:09:94 [[32minfo[39m]: [0mGET /api/token/all [36m304[0m 984.194 ms - -[0m
2026-09-23 23:09:31 [[32minfo[39m]: [0mGET /api/token/all [36m304[0m 368.720 ms - -[0m
2026-09-23 23:09:69 [[32minfo[39m]: [0mGET /api/balance/getBalance/211 [36m304[0m 1184.385 ms - -[0m
2026-09-23 23:09:36 [[32minfo[39m]: [0mGET /api/balance/getBalance/211 [36m304[0m 666.955 ms - -[0m
2026-09-23 23:09:27 [[32minfo[39m]: [0mPOST /api/balance/add [32m200[0m 1802.670 ms - 842[0m
2026-09-23 23:09:08 [[32minfo[39m]: [0mGET /api/balance/getBalance/213 [32m200[0m 696.877 ms - 420[0m
2026-09-23 23:09:28 [[32minfo[39m]: [0mGET /api/balance/getBalance/213 [36m304[0m 1819.437 ms - -[0m
2026-09-23 23:09:35 [[32minfo[39m]: [0mGET /api/token/all/213 [32m200[0m 537.587 ms - 48[0m
2026-09-23 23:09:26 [[32minfo[39m]: [0mGET /api/token/all/213 [36m304[0m 1233.105 ms - -[0m
2026-09-23 23:09:81 [[32minfo[39m]: [0mGET /api/token/all [36m304[0m 2202.754 ms - -[0m
2026-09-23 23:09:70 [[32minfo[39m]: [0mPOST /api/token/create [32m200[0m 1694.940 ms - -[0m
2026-09-23 23:09:72 [[32minfo[39m]: [0mGET /api/token/all/213 [32m200[0m 931.348 ms - 948[0m
2026-09-23 23:09:47 [[32minfo[39m]: [0mPUT /api/token/update [32m200[0m 4233.110 ms - -[0m
2026-09-23 23:09:16 [[32minfo[39m]: [0mGET /api/token/all/213 [32m200[0m 380.822 ms - 993[0m
2026-09-23 23:09:73 [[32minfo[39m]: [0mGET /api/payment-history/recovery [32m200[0m 216.135 ms - -[0m
2026-09-23 23:09:91 [[32minfo[39m]: [0mGET /api/payment-history/recovery [36m304[0m 177.763 ms - -[0m
2026-09-23 23:09:24 [[32minfo[39m]: [0mGET /api/users/users [36m304[0m 1075.506 ms - -[0m
2026-09-23 23:09:25 [[32minfo[39m]: [0mGET /api/payment-history/recovery [32m200[0m 1038.381 ms - -[0m
2026-09-23 23:09:79 [[32minfo[39m]: [0mGET /api/token/all/211 [36m304[0m 1158.211 ms - -[0m
2026-09-23 23:09:22 [[32minfo[39m]: [0mGET /api/token/all/211 [36m304[0m 423.659 ms - -[0m
2026-09-23 23:09:47 [[32minfo[39m]: [0mGET /api/token/all [32m200[0m 405.004 ms - -[0m
2026-09-23 23:09:39 [[32minfo[39m]: [0mPOST /api/token/create [32m200[0m 1834.948 ms - -[0m
2026-09-23 23:09:91 [[32minfo[39m]: [0mGET /api/token/all/211 [32m200[0m 370.154 ms - -[0m
2026-09-23 23:09:75 [[32minfo[39m]: [0mPUT /api/token/update [33m400[0m 874.208 ms - 48[0m
2026-09-23 23:09:38 [[32minfo[39m]: [0mGET /api/token/all/211 [36m304[0m 369.733 ms - -[0m
2026-09-23 23:09:07 [[32minfo[39m]: [0mGET /api/payment-history/recovery [36m304[0m 267.903 ms - -[0m
2026-09-23 23:09:29 [[32minfo[39m]: [0mGET /api/payment-history/recovery [36m304[0m 209.429 ms - -[0m
2026-09-23 23:09:28 [[32minfo[39m]: [0mGET /api/token/all [33m401[0m 170.505 ms - 23[0m
2026-09-23 23:09:47 [[32minfo[39m]: [0mGET /api/token/all [33m401[0m 140.403 ms - 23[0m
2026-09-23 23:09:43 [[32minfo[39m]: Login attempt by: asifandhi@gmail.com
2026-09-23 23:09:86 [[32minfo[39m]: Login success: asifandhi@gmail.com, role: admin
2026-09-23 23:09:87 [[32minfo[39m]: [0mPOST /api/auth/login [32m200[0m 437.145 ms - 199[0m
2026-09-23 23:09:61 [[32minfo[39m]: [0mGET /api/users/users [36m304[0m 168.001 ms - -[0m
2026-09-23 23:09:81 [[32minfo[39m]: [0mGET /api/users/users [36m304[0m 193.120 ms - -[0m
2026-09-23 23:09:35 [[32minfo[39m]: [0mGET /api/message/all [36m304[0m 861.722 ms - -[0m
2026-09-23 23:09:65 [[32minfo[39m]: [0mGET /api/message/all [36m304[0m 189.999 ms - -[0m
2026-09-23 23:09:73 [[32minfo[39m]: [0mGET /api/token/all/211 [36m304[0m 994.455 ms - -[0m
2026-09-23 23:09:19 [[32minfo[39m]: [0mGET /api/balance/getBalance/211 [36m304[0m 1461.678 ms - -[0m
2026-09-23 23:09:75 [[32minfo[39m]: [0mGET /api/payment-history/recovery [36m304[0m 201.339 ms - -[0m
2026-09-23 23:09:95 [[32minfo[39m]: [0mGET /api/payment-history/recovery [36m304[0m 201.063 ms - -[0m
2026-09-23 23:09:85 [[32minfo[39m]: [0mGET /api/token/all/211 [36m304[0m 1181.544 ms - -[0m
2026-09-23 23:09:24 [[32minfo[39m]: [0mGET /api/token/all/211 [36m304[0m 389.755 ms - -[0m
2026-09-23 23:09:43 [[32minfo[39m]: [0mPUT /api/token/update [33m400[0m 1174.370 ms - 48[0m
2026-09-23 23:09:90 [[32minfo[39m]: [0mGET /api/token/all/211 [36m304[0m 356.430 ms - -[0m
2026-09-23 23:09:44 [[32minfo[39m]: [0mGET /api/balance/getBalance/211 [36m304[0m 806.663 ms - -[0m
2026-09-23 23:09:26 [[32minfo[39m]: [0mGET /api/balance/getBalance/211 [36m304[0m 814.656 ms - -[0m
2026-09-23 23:09:04 [[32minfo[39m]: [0mPOST /api/balance/add [32m200[0m 1439.063 ms - 821[0m
2026-09-23 23:09:91 [[32minfo[39m]: [0mGET /api/balance/getBalance/211 [32m200[0m 746.852 ms - 647[0m
2026-09-23 23:09:34 [[32minfo[39m]: [0mGET /api/token/all/211 [36m304[0m 466.853 ms - -[0m
2026-09-23 23:09:88 [[32minfo[39m]: [0mGET /api/token/all/211 [36m304[0m 532.520 ms - -[0m
2026-09-23 23:09:65 [[32minfo[39m]: [0mPUT /api/token/update [32m200[0m 3649.082 ms - -[0m
2026-09-23 23:09:74 [[32minfo[39m]: [0mGET /api/token/all/211 [32m200[0m 873.900 ms - -[0m
2026-09-23 23:09:62 [[32minfo[39m]: [0mGET /api/payment-history/recovery [32m200[0m 175.099 ms - -[0m
2026-09-23 23:09:83 [[32minfo[39m]: [0mGET /api/payment-history/recovery [36m304[0m 206.225 ms - -[0m
2026-09-23 23:09:12 [[32minfo[39m]: [0mPOST /api/auth/logout [32m200[0m 1033.980 ms - 46[0m
2026-09-24 12:09:01 [[32minfo[39m]: Login attempt by: asifandhi25@gmail.com
2026-09-24 12:09:18 [[32minfo[39m]: Login success: asifandhi25@gmail.com, role: superadmin
2026-09-24 12:09:13 [[32minfo[39m]: [0mPOST /api/auth/login [32m200[0m 2176.212 ms - 195[0m
2026-09-24 12:09:49 [[32minfo[39m]: [0mGET /api/users/users [32m200[0m 308.361 ms - -[0m
2026-09-24 12:09:67 [[32minfo[39m]: [0mGET /api/users/users [36m304[0m 172.886 ms - -[0m
2026-09-24 12:09:10 [[32minfo[39m]: [0mGET /api/message/all [32m200[0m 916.370 ms - -[0m
2026-09-24 12:09:39 [[32minfo[39m]: [0mGET /api/message/all [36m304[0m 291.792 ms - -[0m
2026-09-24 12:09:39 [[32minfo[39m]: [0mGET /api/balance/getBalance/211 [32m200[0m 667.140 ms - 647[0m
2026-09-24 12:09:13 [[32minfo[39m]: [0mGET /api/payment-history/recovery [32m200[0m 907.960 ms - -[0m
2026-09-24 12:09:62 [[32minfo[39m]: [0mGET /api/payment-history/recovery [36m304[0m 178.062 ms - -[0m
2026-09-24 12:09:37 [[32minfo[39m]: [0mGET /api/token/all/211 [32m200[0m 5634.899 ms - -[0m
2026-09-24 12:09:77 [[32minfo[39m]: [0mGET /api/token/all/211 [36m304[0m 2428.765 ms - -[0m
2026-09-24 12:09:19 [[32minfo[39m]: [0mGET /api/token/all/211 [36m304[0m 414.108 ms - -[0m
2026-09-24 12:09:07 [[32minfo[39m]: [0mPUT /api/token/confirm [32m200[0m 4014.326 ms - 92[0m
2026-09-24 12:09:19 [[32minfo[39m]: [0mGET /api/token/all/211 [32m200[0m 940.441 ms - -[0m
2026-09-24 12:09:93 [[32minfo[39m]: [0mGET /api/payment-history/ [32m200[0m 823.997 ms - -[0m
2026-09-24 12:09:22 [[32minfo[39m]: [0mGET /api/payment-history/ [36m304[0m 168.383 ms - -[0m
2026-09-24 12:09:04 [[32minfo[39m]: [0mGET /api/payment-history/recovery [32m200[0m 2405.535 ms - -[0m
2026-09-24 12:09:22 [[32minfo[39m]: [0mGET /api/payment-history/recovery [36m304[0m 165.517 ms - -[0m
2026-09-24 12:09:63 [[32minfo[39m]: [0mPOST /api/auth/logout [32m200[0m 1506.964 ms - 46[0m
2026-09-24 12:09:81 [[32minfo[39m]: Login attempt by: asifandhi@gmail.com
2026-09-24 12:09:16 [[32minfo[39m]: Login success: asifandhi@gmail.com, role: admin
2026-09-24 12:09:16 [[32minfo[39m]: [0mPOST /api/auth/login [32m200[0m 354.490 ms - 199[0m
2026-09-24 12:09:16 [[32minfo[39m]: [0mGET /api/users/users [32m200[0m 180.331 ms - 211[0m
2026-09-24 12:09:37 [[32minfo[39m]: [0mGET /api/users/users [36m304[0m 195.536 ms - -[0m
2026-09-24 12:09:87 [[32minfo[39m]: [0mGET /api/message/all [32m200[0m 881.598 ms - 2[0m
2026-09-24 12:09:12 [[32minfo[39m]: [0mGET /api/message/all [36m304[0m 173.997 ms - -[0m
2026-09-24 12:09:29 [[32minfo[39m]: [0mGET /api/token/all/211 [36m304[0m 977.173 ms - -[0m
2026-09-24 12:09:61 [[32minfo[39m]: [0mGET /api/balance/getBalance/211 [36m304[0m 1301.061 ms - -[0m
2026-09-24 12:09:84 [[32minfo[39m]: [0mGET /api/token/all/211 [36m304[0m 484.802 ms - -[0m
2026-09-24 12:09:39 [[32minfo[39m]: [0mGET /api/token/all/211 [36m304[0m 546.066 ms - -[0m
2026-09-24 12:09:64 [[32minfo[39m]: [0mDELETE /api/users/delete/213 [32m200[0m 988.007 ms - 60[0m
2026-09-24 12:09:89 [[32minfo[39m]: [0mGET /api/users/users [32m200[0m 162.218 ms - 103[0m
2026-09-24 12:09:95 [[32minfo[39m]: [0mDELETE /api/users/delete/211 [32m200[0m 1392.993 ms - 60[0m
2026-09-24 12:09:18 [[32minfo[39m]: [0mGET /api/users/users [32m200[0m 156.864 ms - 2[0m
2026-09-24 12:09:43 [[32minfo[39m]: [0mGET /api/payment-history/recovery [32m200[0m 179.599 ms - 45[0m
2026-09-24 12:09:64 [[32minfo[39m]: [0mGET /api/payment-history/recovery [36m304[0m 202.700 ms - -[0m
2026-09-24 12:09:08 [[32minfo[39m]: [0mGET /api/token/all [32m200[0m 161.075 ms - 66[0m
2026-09-24 12:09:24 [[32minfo[39m]: [0mGET /api/token/all [36m304[0m 160.431 ms - -[0m
2026-09-24 12:09:58 [[32minfo[39m]: [0mPOST /api/auth/logout [32m200[0m 408.343 ms - 46[0m
2026-09-24 12:09:90 [[32minfo[39m]: Login attempt by: asifandhi25@gmail.com
2026-09-24 12:09:22 [[32minfo[39m]: Login success: asifandhi25@gmail.com, role: superadmin
2026-09-24 12:09:22 [[32minfo[39m]: [0mPOST /api/auth/login [32m200[0m 317.054 ms - 195[0m
2026-09-24 12:09:83 [[32minfo[39m]: [0mGET /api/users/users [32m200[0m 218.598 ms - -[0m
2026-09-24 12:09:03 [[32minfo[39m]: [0mGET /api/users/users [36m304[0m 194.849 ms - -[0m
2026-09-24 12:09:65 [[32minfo[39m]: [0mGET /api/message/all [32m200[0m 1002.980 ms - -[0m
2026-09-24 12:09:80 [[32minfo[39m]: [0mGET /api/token/all/205 [32m200[0m 849.796 ms - 48[0m
2026-09-24 12:09:94 [[32minfo[39m]: [0mGET /api/message/all [36m304[0m 289.400 ms - -[0m
2026-09-24 12:09:98 [[32minfo[39m]: [0mGET /api/balance/getBalance/205 [32m200[0m 1029.265 ms - 183[0m
2026-09-24 12:09:98 [[32minfo[39m]: [0mPOST /api/auth/logout [32m200[0m 1905.701 ms - 46[0m
2026-09-24 12:09:89 [[32minfo[39m]: Login attempt by: asifandhi25@gmail.com
2026-09-24 12:09:17 [[32minfo[39m]: Login success: asifandhi25@gmail.com, role: superadmin
2026-09-24 12:09:17 [[32minfo[39m]: [0mPOST /api/auth/login [32m200[0m 1280.931 ms - 195[0m
2026-09-24 12:09:11 [[32minfo[39m]: [0mGET /api/users/users [36m304[0m 588.804 ms - -[0m
2026-09-24 12:09:36 [[32minfo[39m]: [0mGET /api/users/users [36m304[0m 246.721 ms - -[0m
2026-09-24 12:09:68 [[32minfo[39m]: [0mGET /api/message/all [36m304[0m 1147.274 ms - -[0m
2026-09-24 12:09:97 [[32minfo[39m]: [0mGET /api/message/all [36m304[0m 280.023 ms - -[0m
2026-09-24 12:09:07 [[32minfo[39m]: [0mGET /api/token/all/205 [36m304[0m 874.064 ms - -[0m
2026-09-24 12:09:23 [[32minfo[39m]: [0mGET /api/balance/getBalance/205 [36m304[0m 1031.887 ms - -[0m
2026-09-24 12:09:89 [[32minfo[39m]: [0mGET /api/users/users [36m304[0m 1194.081 ms - -[0m
2026-09-24 12:09:11 [[32minfo[39m]: [0mGET /api/message/all [36m304[0m 1415.984 ms - -[0m
2026-09-24 12:09:79 [[32minfo[39m]: [0mGET /api/token/all/205 [36m304[0m 345.964 ms - -[0m
2026-09-24 12:09:94 [[32minfo[39m]: [0mGET /api/balance/getBalance/205 [36m304[0m 498.059 ms - -[0m
2026-09-24 12:09:15 [[32minfo[39m]: [0mPOST /api/auth/logout [32m200[0m 940.142 ms - 46[0m
2026-09-24 12:09:39 [[32minfo[39m]: [0mGET /api/balance/getBalance/205 [33m401[0m 4205.707 ms - 34[0m
2026-09-24 12:09:48 [[32minfo[39m]: [0mGET /api/balance/getBalance/205 [33m401[0m 86.768 ms - 34[0m
2026-09-24 12:09:27 [[32minfo[39m]: [0mGET /api/message/all [33m401[0m 5079.263 ms - 34[0m
2026-09-24 12:09:36 [[32minfo[39m]: [0mGET /api/message/all [33m401[0m 85.474 ms - 34[0m
2026-09-24 12:09:85 [[32minfo[39m]: [0mGET /api/token/all/205 [33m401[0m 5661.183 ms - 34[0m
2026-09-24 12:09:93 [[32minfo[39m]: [0mGET /api/token/all/205 [33m401[0m 81.772 ms - 34[0m
2026-09-24 12:09:72 [[32minfo[39m]: Login attempt by: asifandhi0@gmail.com
2026-09-24 12:09:07 [[32minfo[39m]: Login success: asifandhi0@gmail.com, role: admin
2026-09-24 12:09:94 [[32minfo[39m]: [0mPOST /api/auth/login [32m200[0m 346.132 ms - 197[0m
2026-09-24 12:09:23 [[32minfo[39m]: [0mGET /api/users/users [32m200[0m 277.166 ms - -[0m
2026-09-24 12:09:45 [[32minfo[39m]: [0mGET /api/message/all [36m304[0m 488.319 ms - -[0m
2026-09-24 12:09:53 [[32minfo[39m]: [0mGET /api/users/users [36m304[0m 292.603 ms - -[0m
2026-09-24 12:09:83 [[32minfo[39m]: [0mGET /api/message/all [36m304[0m 376.508 ms - -[0m
2026-09-24 12:09:88 [[32minfo[39m]: [0mGET /api/balance/getBalance/205 [36m304[0m 535.476 ms - -[0m
2026-09-24 12:09:25 [[32minfo[39m]: [0mGET /api/token/all/205 [36m304[0m 896.583 ms - -[0m
2026-09-24 12:09:78 [[32minfo[39m]: [0mGET /api/balance/getBalance/205 [36m304[0m 762.926 ms - -[0m
2026-09-24 12:09:54 [[32minfo[39m]: [0mGET /api/balance/getBalance/205 [36m304[0m 750.994 ms - -[0m
2026-09-24 12:09:89 [[32minfo[39m]: [0mGET /api/balance/getAllUserBalance [32m200[0m 1747.282 ms - -[0m
2026-09-24 12:09:51 [[32minfo[39m]: [0mGET /api/balance/getAllUserBalance [36m304[0m 609.400 ms - -[0m
2026-09-24 12:09:90 [[32minfo[39m]: [0mPOST /api/auth/logout [32m200[0m 418.250 ms - 46[0m
2026-09-24 12:09:04 [[32minfo[39m]: Login attempt by: da043@gmail.com
2026-09-24 12:09:84 [[32minfo[39m]: Login success: da043@gmail.com, role: user
2026-09-24 12:09:84 [[32minfo[39m]: [0mPOST /api/auth/login [32m200[0m 797.518 ms - 200[0m
2026-09-24 12:09:95 [[32minfo[39m]: [0mGET /api/balance/getBalance/205 [36m304[0m 670.885 ms - -[0m
2026-09-24 12:09:24 [[32minfo[39m]: [0mGET /api/message/all [32m200[0m 951.202 ms - 241[0m
2026-09-24 12:09:33 [[32minfo[39m]: [0mGET /api/token/all/205 [36m304[0m 1043.448 ms - -[0m
2026-09-24 12:09:49 [[32minfo[39m]: [0mGET /api/balance/getBalance/205 [36m304[0m 525.990 ms - -[0m
2026-09-24 12:09:53 [[32minfo[39m]: [0mGET /api/message/all [36m304[0m 261.627 ms - -[0m
2026-09-24 12:09:40 [[32minfo[39m]: [0mGET /api/token/all/205 [36m304[0m 827.175 ms - -[0m
2026-09-24 12:09:75 [[32minfo[39m]: [0mGET /api/token/all/205 [36m304[0m 341.531 ms - -[0m
2026-09-24 12:09:58 [[32minfo[39m]: [0mGET /api/balance/getBalance/205 [36m304[0m 6085.757 ms - -[0m
2026-09-24 12:09:08 [[32minfo[39m]: [0mGET /api/balance/getBalance/205 [36m304[0m 494.708 ms - -[0m
2026-09-24 12:09:59 [[32minfo[39m]: [0mGET /api/balance/getBalance/205 [36m304[0m 506.477 ms - -[0m
2026-09-24 12:09:40 [[32minfo[39m]: [0mGET /api/token/all/205 [36m304[0m 337.767 ms - -[0m
2026-09-24 12:09:76 [[32minfo[39m]: [0mGET /api/token/all/205 [36m304[0m 338.722 ms - -[0m
2026-09-24 12:09:65 [[32minfo[39m]: [0mGET /api/balance/getBalance/205 [36m304[0m 492.364 ms - -[0m
2026-09-24 12:09:16 [[32minfo[39m]: [0mGET /api/balance/getBalance/205 [36m304[0m 513.514 ms - -[0m
2026-09-24 12:09:96 [[32minfo[39m]: [0mGET /api/token/all/205 [36m304[0m 587.500 ms - -[0m
2026-09-24 12:09:57 [[32minfo[39m]: [0mGET /api/token/all/205 [36m304[0m 608.172 ms - -[0m
2026-09-24 12:09:19 [[32minfo[39m]: [0mGET /api/message/all [36m304[0m 439.818 ms - -[0m
2026-09-24 12:09:64 [[32minfo[39m]: [0mGET /api/message/all [36m304[0m 449.553 ms - -[0m
2026-09-24 12:09:32 [[32minfo[39m]: [0mPOST /api/message/add [32m200[0m 2088.240 ms - 809[0m
2026-09-24 12:09:92 [[32minfo[39m]: [0mGET /api/message/all [32m200[0m 512.954 ms - 483[0m
2026-09-24 12:09:44 [[32minfo[39m]: [0mGET /api/message/all [36m304[0m 510.615 ms - -[0m
2026-09-24 12:09:27 [[32minfo[39m]: [0mPUT /api/message/complete/40 [32m200[0m 2406.518 ms - 792[0m
2026-09-24 12:09:82 [[32minfo[39m]: [0mPOST /api/message/add [33m400[0m 2846.937 ms - 117[0m
2026-09-24 12:09:28 [[32minfo[39m]: [0mGET /api/message/all [32m200[0m 326.673 ms - 485[0m
2026-09-24 12:09:56 [[32minfo[39m]: [0mGET /api/balance/getBalance/205 [36m304[0m 1233.997 ms - -[0m
2026-09-24 12:09:77 [[32minfo[39m]: [0mGET /api/message/all [36m304[0m 1434.617 ms - -[0m
2026-09-24 12:09:84 [[32minfo[39m]: [0mGET /api/token/all/205 [36m304[0m 1508.453 ms - -[0m
2026-09-24 12:09:03 [[32minfo[39m]: [0mGET /api/message/all [36m304[0m 262.457 ms - -[0m
2026-09-24 12:09:06 [[32minfo[39m]: [0mGET /api/balance/getBalance/205 [36m304[0m 498.048 ms - -[0m
2026-09-24 12:09:19 [[32minfo[39m]: [0mGET /api/token/all/205 [36m304[0m 336.950 ms - -[0m
2026-09-24 12:09:92 [[32minfo[39m]: [0mGET /api/token/all/205 [36m304[0m 337.283 ms - -[0m
2026-09-24 12:09:28 [[32minfo[39m]: [0mGET /api/token/all/205 [36m304[0m 359.488 ms - -[0m
2026-09-24 12:09:76 [[32minfo[39m]: [0mGET /api/balance/getBalance/205 [36m304[0m 589.695 ms - -[0m
2026-09-24 12:09:31 [[32minfo[39m]: [0mGET /api/balance/getBalance/205 [36m304[0m 542.151 ms - -[0m
2026-09-24 12:09:59 [[32minfo[39m]: [0mGET /api/message/all [36m304[0m 303.181 ms - -[0m
2026-09-24 12:09:94 [[32minfo[39m]: [0mGET /api/message/all [36m304[0m 347.983 ms - -[0m
2026-09-24 12:09:14 [[32minfo[39m]: [0mPOST /api/message/add [33m400[0m 962.696 ms - 117[0m
2026-09-24 12:09:53 [[32minfo[39m]: [0mGET /api/message/all [36m304[0m 263.901 ms - -[0m
2026-09-24 12:09:02 [[32minfo[39m]: [0mPOST /api/message/add [33m400[0m 1487.004 ms - 117[0m
2026-09-24 12:09:42 [[32minfo[39m]: [0mGET /api/message/all [36m304[0m 273.575 ms - -[0m
2026-09-24 12:09:34 [[32minfo[39m]: [0mPOST /api/message/add [33m400[0m 1248.575 ms - 40[0m
2026-09-24 12:09:74 [[32minfo[39m]: [0mGET /api/message/all [36m304[0m 277.649 ms - -[0m
2026-09-24 12:09:96 [[32minfo[39m]: [0mPOST /api/message/add [33m400[0m 1019.553 ms - 34[0m
2026-09-24 12:09:37 [[32minfo[39m]: [0mGET /api/message/all [36m304[0m 273.874 ms - -[0m
2026-09-24 12:09:74 [[32minfo[39m]: [0mPOST /api/auth/logout [32m200[0m 425.263 ms - 46[0m
2026-09-24 12:09:93 [[32minfo[39m]: [0mGET /api/users/users [33m401[0m 0.654 ms - 40[0m
2026-09-24 12:09:20 [[32minfo[39m]: Login attempt by: asifandhi0@gmail.com
2026-09-24 12:09:26 [[32minfo[39m]: Login success: asifandhi0@gmail.com, role: admin
2026-09-24 12:09:56 [[32minfo[39m]: [0mPOST /api/auth/login [32m200[0m 1049.231 ms - 197[0m
2026-09-24 12:09:35 [[32minfo[39m]: [0mGET /api/users/users [36m304[0m 493.292 ms - -[0m
2026-09-24 12:09:64 [[32minfo[39m]: [0mGET /api/users/users [36m304[0m 1285.214 ms - -[0m
2026-09-24 12:09:96 [[32minfo[39m]: [0mGET /api/message/all [32m200[0m 2066.503 ms - -[0m
2026-09-24 12:09:24 [[32minfo[39m]: [0mGET /api/message/all [36m304[0m 278.792 ms - -[0m
2026-09-24 12:09:64 [[32minfo[39m]: [0mGET /api/token/all/205 [36m304[0m 1060.483 ms - -[0m
2026-09-24 12:09:21 [[32minfo[39m]: [0mGET /api/balance/getBalance/205 [36m304[0m 2762.334 ms - -[0m
2026-09-24 12:09:02 [[32minfo[39m]: [0mGET /api/users/users [36m304[0m 3328.087 ms - -[0m
2026-09-24 12:09:63 [[32minfo[39m]: [0mGET /api/users/users [36m304[0m 598.342 ms - -[0m
2026-09-24 12:09:37 [[32minfo[39m]: [0mGET /api/message/all [36m304[0m 4672.999 ms - -[0m
2026-09-24 12:09:76 [[32minfo[39m]: [0mGET /api/message/all [36m304[0m 286.940 ms - -[0m
2026-09-24 12:09:79 [[32minfo[39m]: [0mGET /api/token/all/205 [36m304[0m 382.300 ms - -[0m
2026-09-24 12:09:99 [[32minfo[39m]: [0mGET /api/balance/getBalance/205 [36m304[0m 578.895 ms - -[0m
2026-09-24 12:09:17 [[32minfo[39m]: [0mGET /api/token/all/205 [36m304[0m 373.575 ms - -[0m
2026-09-24 12:09:33 [[32minfo[39m]: [0mGET /api/message/all [36m304[0m 916.368 ms - -[0m
2026-09-24 12:09:51 [[32minfo[39m]: [0mGET /api/balance/getBalance/205 [36m304[0m 525.242 ms - -[0m
2026-09-24 12:09:60 [[32minfo[39m]: [0mGET /api/message/all [36m304[0m 266.763 ms - -[0m
2026-09-24 12:09:46 [[32minfo[39m]: [0mGET /api/users/users [36m304[0m 659.831 ms - -[0m
2026-09-24 12:09:65 [[32minfo[39m]: [0mGET /api/users/users [36m304[0m 181.643 ms - -[0m
2026-09-24 12:09:65 [[32minfo[39m]: [0mGET /api/message/all [36m304[0m 847.260 ms - -[0m
2026-09-24 12:09:93 [[32minfo[39m]: [0mGET /api/message/all [36m304[0m 270.109 ms - -[0m
2026-09-24 12:09:96 [[32minfo[39m]: [0mGET /api/payment-history/ [32m200[0m 668.920 ms - 47[0m
2026-09-24 12:09:13 [[32minfo[39m]: [0mGET /api/payment-history/ [36m304[0m 167.970 ms - -[0m
2026-09-24 12:09:98 [[32minfo[39m]: [0mGET /api/payment-history/recovery [36m304[0m 174.130 ms - -[0m
2026-09-24 12:09:14 [[32minfo[39m]: [0mGET /api/payment-history/recovery [36m304[0m 162.583 ms - -[0m
2026-09-24 12:09:55 [[32minfo[39m]: [0mGET /api/token/all/205 [36m304[0m 802.899 ms - -[0m
2026-09-24 12:09:87 [[32minfo[39m]: [0mGET /api/token/all/205 [36m304[0m 324.760 ms - -[0m
2026-09-24 12:09:67 [[32minfo[39m]: [0mGET /api/token/all [36m304[0m 833.641 ms - -[0m
2026-09-24 12:09:02 [[32minfo[39m]: [0mGET /api/token/all [36m304[0m 346.143 ms - -[0m
2026-09-24 12:09:21 [[32minfo[39m]: [0mGET /api/balance/getAllUserBalance [36m304[0m 1238.274 ms - -[0m
2026-09-24 12:09:37 [[32minfo[39m]: [0mGET /api/balance/getBalance/205 [36m304[0m 3022.168 ms - -[0m
2026-09-24 12:09:57 [[32minfo[39m]: [0mGET /api/balance/getAllUserBalance [36m304[0m 350.443 ms - -[0m
2026-09-24 12:09:89 [[32minfo[39m]: [0mGET /api/balance/getBalance/205 [36m304[0m 523.905 ms - -[0m
2026-09-24 12:09:60 [[32minfo[39m]: [0mGET /api/payment-history/ [36m304[0m 264.753 ms - -[0m
2026-09-24 12:09:78 [[32minfo[39m]: [0mGET /api/payment-history/ [36m304[0m 173.787 ms - -[0m
2026-09-24 12:09:07 [[32minfo[39m]: [0mGET /api/payment-history/recovery [36m304[0m 175.977 ms - -[0m
2026-09-24 12:09:27 [[32minfo[39m]: [0mGET /api/payment-history/recovery [36m304[0m 194.754 ms - -[0m
2026-09-24 12:09:02 [[32minfo[39m]: [0mGET /api/users/users [36m304[0m 345.944 ms - -[0m
2026-09-24 12:09:21 [[32minfo[39m]: [0mGET /api/message/all [36m304[0m 530.033 ms - -[0m
2026-09-24 12:09:30 [[32minfo[39m]: [0mGET /api/users/users [36m304[0m 281.460 ms - -[0m
2026-09-24 12:09:60 [[32minfo[39m]: [0mGET /api/message/all [36m304[0m 390.657 ms - -[0m
2026-09-24 12:09:64 [[32minfo[39m]: [0mGET /api/token/all/205 [36m304[0m 521.877 ms - -[0m
2026-09-24 12:09:84 [[32minfo[39m]: [0mGET /api/balance/getBalance/205 [36m304[0m 729.009 ms - -[0m
2026-09-24 12:09:08 [[32minfo[39m]: [0mGET /api/token/all/205 [36m304[0m 440.481 ms - -[0m
2026-09-24 12:09:28 [[32minfo[39m]: [0mGET /api/message/all [36m304[0m 1160.314 ms - -[0m
2026-09-24 12:09:45 [[32minfo[39m]: [0mGET /api/balance/getBalance/205 [36m304[0m 596.179 ms - -[0m
2026-09-24 12:09:59 [[32minfo[39m]: [0mGET /api/message/all [36m304[0m 309.173 ms - -[0m
2026-09-24 12:09:66 [[32minfo[39m]: [0mPUT /api/message/complete/4 [32m200[0m 1785.761 ms - 792[0m
2026-09-24 12:09:32 [[32minfo[39m]: [0mGET /api/message/all [32m200[0m 379.436 ms - -[0m
2026-09-24 12:09:41 [[32minfo[39m]: [0mPUT /api/message/complete/3 [32m200[0m 3010.798 ms - 799[0m
2026-09-24 12:09:29 [[32minfo[39m]: [0mGET /api/message/all [32m200[0m 579.445 ms - -[0m
2026-09-24 12:09:55 [[32minfo[39m]: [0mPUT /api/message/complete/2 [32m200[0m 826.603 ms - 789[0m
2026-09-24 12:09:31 [[32minfo[39m]: [0mGET /api/message/all [32m200[0m 535.582 ms - -[0m
2026-09-24 12:09:79 [[32minfo[39m]: [0mGET /api/balance/getBalance/205 [36m304[0m 892.748 ms - -[0m
2026-09-24 12:09:41 [[32minfo[39m]: [0mGET /api/balance/getBalance/205 [36m304[0m 605.196 ms - -[0m
2026-09-24 12:09:50 [[32minfo[39m]: [0mGET /api/users/users [36m304[0m 229.206 ms - -[0m
2026-09-24 12:09:24 [[32minfo[39m]: [0mGET /api/users/users [36m304[0m 739.040 ms - -[0m
2026-09-24 12:09:56 [[32minfo[39m]: [0mGET /api/message/all [36m304[0m 6289.756 ms - -[0m
2026-09-24 12:09:25 [[32minfo[39m]: [0mGET /api/message/all [36m304[0m 683.662 ms - -[0m
2026-09-24 12:09:72 [[32minfo[39m]: [0mPOST /api/message/add [32m200[0m 1532.564 ms - 811[0m
2026-09-24 12:09:25 [[32minfo[39m]: [0mGET /api/message/all [32m200[0m 389.902 ms - -[0m
2026-09-24 12:09:54 [[32minfo[39m]: [0mGET /api/message/all [36m304[0m 287.586 ms - -[0m
2026-09-24 12:09:62 [[32minfo[39m]: [0mPOST /api/message/add [32m200[0m 1097.319 ms - 808[0m
2026-09-24 12:09:12 [[32minfo[39m]: [0mGET /api/message/all [32m200[0m 346.987 ms - -[0m
2026-09-24 12:09:40 [[32minfo[39m]: [0mGET /api/message/all [36m304[0m 275.877 ms - -[0m
2026-09-24 12:09:10 [[32minfo[39m]: [0mPOST /api/message/add [32m200[0m 1052.248 ms - 818[0m
2026-09-24 12:09:59 [[32minfo[39m]: [0mGET /api/message/all [32m200[0m 353.798 ms - -[0m
2026-09-24 12:09:86 [[32minfo[39m]: [0mGET /api/message/all [36m304[0m 267.533 ms - -[0m
2026-09-24 12:09:55 [[32minfo[39m]: [0mGET /api/balance/getBalance/205 [36m304[0m 600.163 ms - -[0m
2026-09-24 12:09:89 [[32minfo[39m]: [0mGET /api/token/all/205 [36m304[0m 925.375 ms - -[0m
2026-09-24 12:09:91 [[32minfo[39m]: [0mGET /api/message/all [36m304[0m 946.854 ms - -[0m
2026-09-24 12:09:05 [[32minfo[39m]: [0mGET /api/balance/getBalance/205 [36m304[0m 494.455 ms - -[0m
2026-09-24 12:09:21 [[32minfo[39m]: [0mGET /api/message/all [36m304[0m 287.947 ms - -[0m
2026-09-24 12:09:22 [[32minfo[39m]: [0mGET /api/token/all/205 [36m304[0m 331.508 ms - -[0m
2026-09-24 12:09:96 [[32minfo[39m]: [0mPUT /api/message/complete/5 [32m200[0m 829.771 ms - 791[0m
2026-09-24 12:09:67 [[32minfo[39m]: [0mGET /api/message/all [32m200[0m 463.181 ms - -[0m
2026-09-24 12:09:70 [[32minfo[39m]: [0mGET /api/users/users [36m304[0m 332.513 ms - -[0m
2026-09-24 12:09:92 [[32minfo[39m]: [0mGET /api/users/users [36m304[0m 217.188 ms - -[0m
2026-09-24 12:09:71 [[32minfo[39m]: [0mGET /api/message/all [36m304[0m 6340.092 ms - -[0m
2026-09-24 12:09:54 [[32minfo[39m]: [0mGET /api/message/all [36m304[0m 830.679 ms - -[0m
2026-09-24 12:09:93 [[32minfo[39m]: [0mPOST /api/message/add [32m200[0m 1564.291 ms - 810[0m
2026-09-24 12:09:55 [[32minfo[39m]: [0mGET /api/message/all [32m200[0m 476.476 ms - -[0m
2026-09-24 12:09:88 [[32minfo[39m]: [0mGET /api/message/all [36m304[0m 324.963 ms - -[0m
2026-09-24 12:09:65 [[32minfo[39m]: [0mGET /api/message/all [36m304[0m 967.320 ms - -[0m
2026-09-24 12:09:65 [[32minfo[39m]: [0mGET /api/token/all/205 [36m304[0m 972.468 ms - -[0m
2026-09-24 12:09:78 [[32minfo[39m]: [0mGET /api/balance/getBalance/205 [36m304[0m 1112.273 ms - -[0m
2026-09-24 12:09:00 [[32minfo[39m]: [0mGET /api/message/all [36m304[0m 349.134 ms - -[0m
2026-09-24 12:09:02 [[32minfo[39m]: [0mGET /api/token/all/205 [36m304[0m 363.880 ms - -[0m
2026-09-24 12:09:29 [[32minfo[39m]: [0mGET /api/balance/getBalance/205 [36m304[0m 506.513 ms - -[0m
2026-09-24 12:09:94 [[32minfo[39m]: [0mGET /api/users/users [36m304[0m 682.157 ms - -[0m
2026-09-24 12:09:13 [[32minfo[39m]: [0mGET /api/users/users [36m304[0m 187.543 ms - -[0m
2026-09-24 12:09:14 [[32minfo[39m]: [0mGET /api/message/all [36m304[0m 876.473 ms - -[0m
2026-09-24 12:09:41 [[32minfo[39m]: [0mGET /api/message/all [36m304[0m 270.232 ms - -[0m
2026-09-24 12:09:24 [[32minfo[39m]: [0mGET /api/token/all/205 [36m304[0m 1712.394 ms - -[0m
2026-09-24 12:09:27 [[32minfo[39m]: [0mGET /api/message/all [36m304[0m 1744.025 ms - -[0m
2026-09-24 12:09:36 [[32minfo[39m]: [0mGET /api/balance/getBalance/205 [36m304[0m 1829.130 ms - -[0m
2026-09-24 12:09:59 [[32minfo[39m]: [0mGET /api/token/all/205 [36m304[0m 347.901 ms - -[0m
2026-09-24 12:09:71 [[32minfo[39m]: [0mGET /api/message/all [36m304[0m 431.778 ms - -[0m
2026-09-24 12:09:88 [[32minfo[39m]: [0mGET /api/balance/getBalance/205 [36m304[0m 507.400 ms - -[0m
2026-09-24 12:09:22 [[32minfo[39m]: [0mGET /api/payment-history/ [36m304[0m 765.320 ms - -[0m
2026-09-24 12:09:42 [[32minfo[39m]: [0mGET /api/payment-history/ [36m304[0m 201.084 ms - -[0m
2026-09-24 12:09:27 [[32minfo[39m]: [0mGET /api/payment-history/recovery [36m304[0m 173.745 ms - -[0m
2026-09-24 12:09:44 [[32minfo[39m]: [0mGET /api/payment-history/recovery [36m304[0m 171.534 ms - -[0m
2026-09-24 13:09:51 [[32minfo[39m]: [0mPOST /api/auth/logout [32m200[0m 2875.795 ms - 46[0m
2026-09-24 13:09:01 [[32minfo[39m]: Login attempt by: asifandhi25@gmail.com
2026-09-24 13:09:33 [[32minfo[39m]: Login success: asifandhi25@gmail.com, role: superadmin
2026-09-24 13:09:35 [[32minfo[39m]: [0mPOST /api/auth/login [32m200[0m 317.600 ms - 195[0m
2026-09-24 13:09:05 [[32minfo[39m]: [0mGET /api/users/users [32m200[0m 387.900 ms - -[0m
2026-09-24 13:09:47 [[32minfo[39m]: [0mGET /api/users/users [36m304[0m 381.278 ms - -[0m
2026-09-24 13:09:91 [[32minfo[39m]: [0mGET /api/message/all [36m304[0m 1257.565 ms - -[0m
2026-09-24 13:09:64 [[32minfo[39m]: [0mGET /api/message/all [36m304[0m 485.714 ms - -[0m
2026-09-24 13:09:75 [[32minfo[39m]: [0mGET /api/token/all/205 [36m304[0m 1456.118 ms - -[0m
2026-09-24 13:09:95 [[32minfo[39m]: [0mGET /api/balance/getBalance/205 [36m304[0m 1664.799 ms - -[0m
2026-09-24 13:09:69 [[32minfo[39m]: [0mGET /api/balance/getBalance/205 [36m304[0m 748.871 ms - -[0m
2026-09-24 13:09:39 [[32minfo[39m]: [0mGET /api/balance/getBalance/205 [36m304[0m 689.773 ms - -[0m
2026-09-24 13:09:40 [[32minfo[39m]: [0mGET /api/users/users [36m304[0m 324.593 ms - -[0m
2026-09-24 13:09:59 [[32minfo[39m]: [0mGET /api/message/all [36m304[0m 513.176 ms - -[0m
2026-09-24 13:09:63 [[32minfo[39m]: [0mGET /api/users/users [36m304[0m 230.207 ms - -[0m
2026-09-24 13:09:06 [[32minfo[39m]: [0mGET /api/message/all [36m304[0m 467.178 ms - -[0m
2026-09-24 13:09:63 [[32minfo[39m]: [0mGET /api/balance/getBalance/205 [36m304[0m 606.128 ms - -[0m
2026-09-24 13:09:29 [[32minfo[39m]: [0mGET /api/balance/getBalance/205 [36m304[0m 660.580 ms - -[0m
2026-09-24 13:09:87 [[32minfo[39m]: [0mGET /api/token/all/205 [36m304[0m 390.300 ms - -[0m
2026-09-24 13:09:33 [[32minfo[39m]: [0mGET /api/token/all/205 [36m304[0m 448.231 ms - -[0m
2026-09-24 13:09:85 [[32minfo[39m]: [0mGET /api/message/all [36m304[0m 617.706 ms - -[0m
2026-09-24 13:09:99 [[32minfo[39m]: [0mGET /api/token/all/205 [36m304[0m 770.693 ms - -[0m
2026-09-24 13:09:31 [[32minfo[39m]: [0mGET /api/balance/getBalance/205 [36m304[0m 1088.512 ms - -[0m
2026-09-24 13:09:32 [[32minfo[39m]: [0mGET /api/message/all [36m304[0m 465.879 ms - -[0m
2026-09-24 13:09:62 [[32minfo[39m]: [0mGET /api/token/all/205 [36m304[0m 627.817 ms - -[0m
2026-09-24 13:09:24 [[32minfo[39m]: [0mGET /api/balance/getBalance/205 [36m304[0m 920.844 ms - -[0m
2026-09-24 13:09:01 [[32minfo[39m]: [0mGET /api/users/users [36m304[0m 278.549 ms - -[0m
2026-09-24 13:09:24 [[32minfo[39m]: [0mGET /api/message/all [36m304[0m 509.809 ms - -[0m
2026-09-24 13:09:26 [[32minfo[39m]: [0mGET /api/users/users [36m304[0m 245.349 ms - -[0m
2026-09-24 13:09:59 [[32minfo[39m]: [0mGET /api/message/all [36m304[0m 344.738 ms - -[0m
2026-09-24 13:09:55 [[32minfo[39m]: [0mGET /api/balance/getBalance/205 [36m304[0m 571.012 ms - -[0m
2026-09-24 13:09:18 [[32minfo[39m]: [0mGET /api/balance/getBalance/205 [36m304[0m 631.565 ms - -[0m
2026-09-24 13:09:79 [[32minfo[39m]: [0mGET /api/token/all/205 [36m304[0m 379.280 ms - -[0m
2026-09-24 13:09:26 [[32minfo[39m]: [0mGET /api/token/all/205 [36m304[0m 469.292 ms - -[0m
2026-09-24 13:09:74 [[32minfo[39m]: [0mGET /api/balance/getBalance/205 [36m304[0m 2365.210 ms - -[0m
2026-09-24 13:09:86 [[32minfo[39m]: [0mGET /api/users/users [36m304[0m 1188.990 ms - -[0m
2026-09-24 13:09:03 [[32minfo[39m]: [0mGET /api/message/all [36m304[0m 1358.048 ms - -[0m
2026-09-24 13:09:06 [[32minfo[39m]: [0mGET /api/users/users [36m304[0m 200.290 ms - -[0m
2026-09-24 13:09:39 [[32minfo[39m]: [0mGET /api/message/all [36m304[0m 279.522 ms - -[0m
2026-09-24 13:09:40 [[32minfo[39m]: [0mGET /api/balance/getBalance/205 [36m304[0m 661.064 ms - -[0m
2026-09-24 13:09:33 [[32minfo[39m]: [0mGET /api/token/all/205 [36m304[0m 441.767 ms - -[0m
2026-09-24 13:09:33 [[32minfo[39m]: [0mGET /api/message/all [36m304[0m 451.236 ms - -[0m
2026-09-24 13:09:55 [[32minfo[39m]: [0mGET /api/balance/getBalance/205 [36m304[0m 676.752 ms - -[0m
2026-09-24 13:09:76 [[32minfo[39m]: [0mGET /api/message/all [36m304[0m 425.601 ms - -[0m
2026-09-24 13:09:76 [[32minfo[39m]: [0mGET /api/token/all/205 [36m304[0m 428.147 ms - -[0m
2026-09-24 13:09:18 [[32minfo[39m]: [0mGET /api/balance/getBalance/205 [36m304[0m 629.052 ms - -[0m
2026-09-24 13:09:96 [[32minfo[39m]: [0mGET /api/token/all/205 [36m304[0m 611.058 ms - -[0m
2026-09-24 13:09:23 [[32minfo[39m]: [0mGET /api/balance/getBalance/205 [36m304[0m 889.948 ms - -[0m
2026-09-24 13:09:36 [[32minfo[39m]: [0mGET /api/message/all [36m304[0m 1015.946 ms - -[0m
2026-09-24 13:09:43 [[32minfo[39m]: [0mGET /api/token/all/205 [36m304[0m 472.705 ms - -[0m
2026-09-24 13:09:80 [[32minfo[39m]: [0mGET /api/message/all [36m304[0m 437.237 ms - -[0m
2026-09-24 13:09:90 [[32minfo[39m]: [0mGET /api/balance/getBalance/205 [36m304[0m 667.034 ms - -[0m
2026-09-24 13:09:50 [[32minfo[39m]: [0mGET /api/balance/getBalance/205 [36m304[0m 1341.699 ms - -[0m
2026-09-24 13:09:19 [[32minfo[39m]: [0mGET /api/balance/getBalance/205 [36m304[0m 686.425 ms - -[0m
2026-09-24 13:09:84 [[32minfo[39m]: [0mGET /api/users/users [36m304[0m 211.964 ms - -[0m
2026-09-24 13:09:18 [[32minfo[39m]: [0mGET /api/users/users [36m304[0m 329.630 ms - -[0m
2026-09-24 13:09:92 [[32minfo[39m]: [0mGET /api/message/all [36m304[0m 1286.549 ms - -[0m
2026-09-24 13:09:42 [[32minfo[39m]: [0mGET /api/message/all [36m304[0m 319.478 ms - -[0m
2026-09-24 13:09:13 [[32minfo[39m]: [0mGET /api/users/users [36m304[0m 3053.174 ms - -[0m
2026-09-24 13:09:52 [[32minfo[39m]: [0mGET /api/users/users [36m304[0m 256.708 ms - -[0m
2026-09-24 13:09:78 [[32minfo[39m]: [0mGET /api/users/users [36m304[0m 266.690 ms - -[0m
2026-09-24 13:09:79 [[32minfo[39m]: [0mGET /api/message/all [36m304[0m 3711.631 ms - -[0m
2026-09-24 13:09:07 [[32minfo[39m]: [0mGET /api/message/all [36m304[0m 4574.670 ms - -[0m
2026-09-24 13:09:91 [[32minfo[39m]: [0mGET /api/users/users [36m304[0m 6414.931 ms - -[0m
2026-09-24 13:09:34 [[32minfo[39m]: [0mGET /api/users/users [36m304[0m 437.063 ms - -[0m
2026-09-24 13:09:79 [[32minfo[39m]: [0mGET /api/users/users [36m304[0m 440.441 ms - -[0m
2026-09-24 13:09:16 [[32minfo[39m]: [0mGET /api/message/all [36m304[0m 966.594 ms - -[0m
2026-09-24 13:09:16 [[32minfo[39m]: [0mGET /api/token/all/205 [36m304[0m 969.884 ms - -[0m
2026-09-24 13:09:35 [[32minfo[39m]: [0mGET /api/balance/getBalance/205 [36m304[0m 1167.761 ms - -[0m
2026-09-24 13:09:64 [[32minfo[39m]: [0mGET /api/message/all [36m304[0m 477.662 ms - -[0m
2026-09-24 13:09:67 [[32minfo[39m]: [0mGET /api/token/all/205 [36m304[0m 505.322 ms - -[0m
2026-09-24 13:09:03 [[32minfo[39m]: [0mGET /api/balance/getBalance/205 [36m304[0m 673.958 ms - -[0m
2026-09-24 13:09:23 [[32minfo[39m]: [0mGET /api/users/users [36m304[0m 844.747 ms - -[0m
2026-09-24 13:09:44 [[32minfo[39m]: [0mGET /api/users/users [36m304[0m 214.729 ms - -[0m
2026-09-24 13:09:45 [[32minfo[39m]: [0mGET /api/message/all [36m304[0m 1058.608 ms - -[0m
2026-09-24 13:09:76 [[32minfo[39m]: [0mGET /api/message/all [36m304[0m 311.022 ms - -[0m
2026-09-24 13:09:57 [[32minfo[39m]: [0mGET /api/message/all [36m304[0m 1147.522 ms - -[0m
2026-09-24 13:09:58 [[32minfo[39m]: [0mGET /api/token/all/205 [36m304[0m 1161.510 ms - -[0m
2026-09-24 13:09:74 [[32minfo[39m]: [0mGET /api/balance/getBalance/205 [36m304[0m 1322.622 ms - -[0m
2026-09-24 13:09:89 [[32minfo[39m]: [0mGET /api/message/all [36m304[0m 313.159 ms - -[0m
2026-09-24 13:09:98 [[32minfo[39m]: [0mGET /api/token/all/205 [36m304[0m 398.854 ms - -[0m
2026-09-24 13:09:37 [[32minfo[39m]: [0mGET /api/balance/getBalance/205 [36m304[0m 627.743 ms - -[0m
2026-09-24 13:09:40 [[32minfo[39m]: [0mGET /api/message/all [36m304[0m 523.702 ms - -[0m
2026-09-24 13:09:41 [[32minfo[39m]: [0mGET /api/token/all/205 [36m304[0m 527.379 ms - -[0m
2026-09-24 13:09:73 [[32minfo[39m]: [0mGET /api/balance/getBalance/205 [36m304[0m 850.594 ms - -[0m
2026-09-24 13:09:03 [[32minfo[39m]: [0mGET /api/message/all [36m304[0m 624.702 ms - -[0m
2026-09-24 13:09:03 [[32minfo[39m]: [0mGET /api/token/all/205 [36m304[0m 623.070 ms - -[0m
2026-09-24 13:09:46 [[32minfo[39m]: [0mGET /api/balance/getBalance/205 [36m304[0m 1726.155 ms - -[0m
2026-09-24 13:09:94 [[32minfo[39m]: [0mPOST /api/backup/trigger-my-backup [32m200[0m 6153.802 ms - 261[0m
2026-09-24 13:09:45 [[32minfo[39m]: [0mGET /api/token/all/131 [32m200[0m 1368.796 ms - 48[0m
2026-09-24 13:09:73 [[32minfo[39m]: [0mGET /api/balance/getBalance/131 [32m200[0m 1646.885 ms - 186[0m
2026-09-24 13:09:79 [[32minfo[39m]: [0mGET /api/message/all [36m304[0m 1708.039 ms - -[0m
2026-09-24 13:09:95 [[32minfo[39m]: [0mGET /api/token/all/131 [36m304[0m 497.453 ms - -[0m
2026-09-24 13:09:12 [[32minfo[39m]: [0mGET /api/message/all [36m304[0m 325.186 ms - -[0m
2026-09-24 13:09:39 [[32minfo[39m]: [0mGET /api/balance/getBalance/131 [36m304[0m 658.889 ms - -[0m
2026-09-24 13:09:69 [[32minfo[39m]: [0mGET /api/token/all/120 [32m200[0m 401.876 ms - 48[0m
2026-09-24 13:09:88 [[32minfo[39m]: [0mGET /api/balance/getBalance/120 [32m200[0m 591.924 ms - 184[0m
2026-09-24 13:09:30 [[32minfo[39m]: [0mPOST /api/auth/logout [32m200[0m 970.029 ms - 46[0m
2026-09-24 13:09:34 [[32minfo[39m]: Login attempt by: asifandhi0@gmail.com
2026-09-24 13:09:80 [[32minfo[39m]: Login success: asifandhi0@gmail.com, role: admin
2026-09-24 13:09:81 [[32minfo[39m]: [0mPOST /api/auth/login [32m200[0m 459.294 ms - 197[0m
2026-09-24 13:09:44 [[32minfo[39m]: [0mGET /api/users/users [32m200[0m 199.291 ms - -[0m
2026-09-24 13:09:76 [[32minfo[39m]: [0mGET /api/users/users [36m304[0m 320.361 ms - -[0m
2026-09-24 13:09:35 [[32minfo[39m]: [0mGET /api/message/all [36m304[0m 1115.105 ms - -[0m
2026-09-24 13:09:66 [[32minfo[39m]: [0mGET /api/token/all/205 [36m304[0m 1109.238 ms - -[0m
2026-09-24 13:09:69 [[32minfo[39m]: [0mGET /api/message/all [36m304[0m 321.275 ms - -[0m
2026-09-24 13:09:84 [[32minfo[39m]: [0mGET /api/balance/getBalance/205 [36m304[0m 1291.479 ms - -[0m
2026-09-24 13:09:99 [[32minfo[39m]: [0mGET /api/users/users [36m304[0m 324.331 ms - -[0m
2026-09-24 13:09:29 [[32minfo[39m]: [0mGET /api/users/users [36m304[0m 289.439 ms - -[0m
2026-09-24 13:09:29 [[32minfo[39m]: [0mGET /api/message/all [36m304[0m 626.964 ms - -[0m
2026-09-24 13:09:42 [[32minfo[39m]: [0mGET /api/token/all/205 [36m304[0m 1942.663 ms - -[0m
2026-09-24 13:09:50 [[32minfo[39m]: [0mGET /api/balance/getBalance/205 [36m304[0m 2019.130 ms - -[0m
2026-09-24 13:09:50 [[32minfo[39m]: [0mGET /api/message/all [36m304[0m 4199.672 ms - -[0m
2026-09-24 13:09:80 [[32minfo[39m]: [0mGET /api/token/all/205 [36m304[0m 379.293 ms - -[0m
2026-09-24 13:09:90 [[32minfo[39m]: [0mGET /api/message/all [36m304[0m 393.793 ms - -[0m
2026-09-24 13:09:09 [[32minfo[39m]: [0mGET /api/balance/getBalance/205 [36m304[0m 590.136 ms - -[0m
2026-09-24 13:09:22 [[32minfo[39m]: [0mGET /api/message/all [36m304[0m 321.201 ms - -[0m
2026-09-24 13:09:40 [[32minfo[39m]: [0mPOST /api/auth/logout [32m200[0m 613.620 ms - 46[0m
2026-09-24 13:09:71 [[32minfo[39m]: Login attempt by: da054@gmail.com
2026-09-24 13:09:09 [[32minfo[39m]: Login success: da054@gmail.com, role: user
2026-09-24 13:09:10 [[32minfo[39m]: [0mPOST /api/auth/login [32m200[0m 383.801 ms - 204[0m
2026-09-24 13:09:16 [[32minfo[39m]: [0mGET /api/balance/getBalance/131 [36m304[0m 589.012 ms - -[0m
2026-09-24 13:09:64 [[32minfo[39m]: [0mGET /api/message/all [32m200[0m 1013.414 ms - 244[0m
2026-09-24 13:09:67 [[32minfo[39m]: [0mGET /api/token/all/131 [36m304[0m 1039.259 ms - -[0m
2026-09-24 13:09:75 [[32minfo[39m]: [0mGET /api/balance/getBalance/131 [36m304[0m 581.907 ms - -[0m
2026-09-24 13:09:98 [[32minfo[39m]: [0mGET /api/message/all [36m304[0m 338.429 ms - -[0m
2026-09-24 13:09:42 [[32minfo[39m]: [0mGET /api/balance/getBalance/131 [36m304[0m 671.273 ms - -[0m
2026-09-24 13:09:08 [[32minfo[39m]: [0mGET /api/token/all/131 [36m304[0m 1090.545 ms - -[0m
2026-09-24 13:09:47 [[32minfo[39m]: [0mGET /api/token/all/131 [36m304[0m 383.224 ms - -[0m
2026-09-24 13:09:09 [[32minfo[39m]: [0mGET /api/balance/getBalance/131 [36m304[0m 602.073 ms - -[0m
2026-09-24 13:09:70 [[32minfo[39m]: [0mGET /api/balance/getBalance/131 [36m304[0m 611.420 ms - -[0m
2026-09-24 13:09:85 [[32minfo[39m]: [0mGET /api/message/all [36m304[0m 312.084 ms - -[0m
2026-09-24 13:09:25 [[32minfo[39m]: [0mGET /api/message/all [36m304[0m 401.795 ms - -[0m
2026-09-24 13:09:15 [[32minfo[39m]: [0mGET /api/balance/getBalance/131 [36m304[0m 736.436 ms - -[0m
2026-09-24 13:09:51 [[32minfo[39m]: [0mGET /api/message/all [36m304[0m 1086.187 ms - -[0m
2026-09-24 13:09:64 [[32minfo[39m]: [0mGET /api/token/all/131 [36m304[0m 1202.054 ms - -[0m
2026-09-24 13:09:90 [[32minfo[39m]: [0mGET /api/balance/getBalance/131 [36m304[0m 739.704 ms - -[0m
2026-09-24 13:09:90 [[32minfo[39m]: [0mGET /api/message/all [36m304[0m 390.986 ms - -[0m
2026-09-24 13:09:17 [[32minfo[39m]: [0mGET /api/token/all/131 [36m304[0m 533.689 ms - -[0m
2026-09-24 13:09:23 [[32minfo[39m]: [0mGET /api/balance/getBalance/131 [36m304[0m 705.945 ms - -[0m
2026-09-24 13:09:23 [[32minfo[39m]: [0mGET /api/token/all/131 [36m304[0m 1057.370 ms - -[0m
2026-09-24 13:09:71 [[32minfo[39m]: [0mGET /api/token/all/131 [36m304[0m 481.512 ms - -[0m
2026-09-24 13:09:84 [[32minfo[39m]: [0mGET /api/message/all [36m304[0m 380.500 ms - -[0m
2026-09-24 13:09:96 [[32minfo[39m]: [0mGET /api/balance/getBalance/131 [36m304[0m 732.582 ms - -[0m
2026-09-24 13:09:20 [[32minfo[39m]: [0mGET /api/message/all [36m304[0m 354.551 ms - -[0m
2026-09-24 13:09:83 [[32minfo[39m]: [0mGET /api/message/all [36m304[0m 440.449 ms - -[0m
2026-09-24 13:09:99 [[32minfo[39m]: [0mGET /api/token/all/131 [36m304[0m 604.377 ms - -[0m
2026-09-24 13:09:12 [[32minfo[39m]: [0mGET /api/balance/getBalance/131 [36m304[0m 737.781 ms - -[0m
2026-09-24 13:09:23 [[32minfo[39m]: [0mGET /api/message/all [36m304[0m 399.543 ms - -[0m
2026-09-24 13:09:43 [[32minfo[39m]: [0mGET /api/token/all/131 [36m304[0m 433.077 ms - -[0m
2026-09-24 13:09:74 [[32minfo[39m]: [0mGET /api/balance/getBalance/131 [36m304[0m 622.450 ms - -[0m
2026-09-24 13:09:04 [[32minfo[39m]: [0mGET /api/token/all/131 [36m304[0m 581.872 ms - -[0m
2026-09-24 13:09:58 [[32minfo[39m]: [0mGET /api/token/all/131 [36m304[0m 544.024 ms - -[0m
2026-09-24 13:09:56 [[32minfo[39m]: [0mGET /api/balance/getBalance/131 [36m304[0m 644.362 ms - -[0m
2026-09-24 13:09:10 [[32minfo[39m]: [0mGET /api/balance/getBalance/131 [36m304[0m 3532.453 ms - -[0m
2026-09-24 13:09:31 [[32minfo[39m]: [0mPOST /api/auth/logout [32m200[0m 1553.033 ms - 46[0m
2026-09-24 13:09:11 [[32minfo[39m]: Login attempt by: asifandhi0@gmail.com
2026-09-24 13:09:51 [[32minfo[39m]: Login success: asifandhi0@gmail.com, role: admin
2026-09-24 13:09:51 [[32minfo[39m]: [0mPOST /api/auth/login [32m200[0m 395.187 ms - 197[0m
2026-09-24 13:09:11 [[32minfo[39m]: [0mGET /api/users/users [36m304[0m 304.900 ms - -[0m
2026-09-24 13:09:34 [[32minfo[39m]: [0mGET /api/users/users [36m304[0m 234.915 ms - -[0m
2026-09-24 13:09:87 [[32minfo[39m]: [0mGET /api/token/all/205 [36m304[0m 5604.519 ms - -[0m
2026-09-24 13:09:01 [[32minfo[39m]: [0mGET /api/balance/getBalance/205 [36m304[0m 5752.186 ms - -[0m
2026-09-24 13:09:27 [[32minfo[39m]: [0mGET /api/token/all/205 [36m304[0m 396.150 ms - -[0m
2026-09-24 13:09:68 [[32minfo[39m]: [0mGET /api/token/all/205 [36m304[0m 409.717 ms - -[0m
2026-09-24 13:09:19 [[32minfo[39m]: [0mGET /api/message/all [32m200[0m 7381.232 ms - -[0m
2026-09-24 13:09:82 [[32minfo[39m]: [0mGET /api/message/all [36m304[0m 633.749 ms - -[0m
2026-09-24 13:09:78 [[32minfo[39m]: [0mPOST /api/auth/logout [32m200[0m 2397.068 ms - 46[0m
2026-09-24 13:09:47 [[32minfo[39m]: Login attempt by: asifandhi@gmail.com
2026-09-24 13:09:33 [[32minfo[39m]: Login success: asifandhi@gmail.com, role: admin
2026-09-24 13:09:37 [[32minfo[39m]: [0mPOST /api/auth/login [32m200[0m 865.066 ms - 199[0m
2026-09-24 13:09:79 [[32minfo[39m]: [0mGET /api/users/users [32m200[0m 192.332 ms - 2[0m
2026-09-24 13:09:01 [[32minfo[39m]: [0mGET /api/users/users [36m304[0m 209.396 ms - -[0m
2026-09-24 13:09:41 [[32minfo[39m]: [0mGET /api/message/all [32m200[0m 800.969 ms - 2[0m
2026-09-24 13:09:75 [[32minfo[39m]: [0mGET /api/message/all [36m304[0m 201.117 ms - -[0m
2026-09-24 13:09:21 [[32minfo[39m]: [0mGET /api/payment-history/ [36m304[0m 210.400 ms - -[0m
2026-09-24 13:09:41 [[32minfo[39m]: [0mGET /api/payment-history/ [36m304[0m 197.955 ms - -[0m
2026-09-24 13:09:19 [[32minfo[39m]: [0mGET /api/message/all [36m304[0m 257.580 ms - -[0m
2026-09-24 13:09:47 [[32minfo[39m]: [0mGET /api/message/all [36m304[0m 279.957 ms - -[0m
2026-09-24 13:09:06 [[32minfo[39m]: [0mPOST /api/auth/logout [32m200[0m 709.361 ms - 46[0m
2026-09-24 13:09:35 [[32minfo[39m]: Login attempt by: asifandhi0@gmail.com
2026-09-24 13:09:80 [[32minfo[39m]: Login success: asifandhi0@gmail.com, role: admin
2026-09-24 13:09:80 [[32minfo[39m]: [0mPOST /api/auth/login [32m200[0m 4450.943 ms - 197[0m
2026-09-24 13:09:57 [[32minfo[39m]: [0mGET /api/users/users [32m200[0m 348.806 ms - -[0m
2026-09-24 13:09:87 [[32minfo[39m]: [0mGET /api/users/users [36m304[0m 293.149 ms - -[0m
2026-09-24 13:09:25 [[32minfo[39m]: [0mGET /api/message/all [32m200[0m 1011.868 ms - -[0m
2026-09-24 13:09:80 [[32minfo[39m]: [0mGET /api/message/all [36m304[0m 548.264 ms - -[0m
2026-09-24 13:09:97 [[32minfo[39m]: [0mGET /api/token/all/205 [36m304[0m 1303.550 ms - -[0m
2026-09-24 13:09:36 [[32minfo[39m]: [0mGET /api/balance/getBalance/205 [36m304[0m 1689.971 ms - -[0m
2026-09-24 13:09:29 [[32minfo[39m]: [0mPOST /api/auth/logout [32m200[0m 591.214 ms - 46[0m
2026-09-24 13:09:24 [[32minfo[39m]: Login attempt by: asifandhi25@gmail.com
2026-09-24 13:09:55 [[33mwarn[39m]: Login failed (Wrong password): asifandhi25@gmail.com
2026-09-24 13:09:55 [[32minfo[39m]: [0mPOST /api/auth/login [33m400[0m 307.958 ms - 35[0m
2026-09-24 13:09:55 [[32minfo[39m]: Login attempt by: asifandhi25@gmail.com
2026-09-24 13:09:59 [[33mwarn[39m]: Login failed (Wrong password): asifandhi25@gmail.com
2026-09-24 13:09:59 [[32minfo[39m]: [0mPOST /api/auth/login [33m400[0m 1041.026 ms - 35[0m
2026-09-24 13:09:39 [[32minfo[39m]: Login attempt by: asifandhi25@gmail.com
2026-09-24 13:09:24 [[33mwarn[39m]: Login failed (Wrong password): asifandhi25@gmail.com
2026-09-24 13:09:24 [[32minfo[39m]: [0mPOST /api/auth/login [33m400[0m 856.868 ms - 35[0m
2026-09-24 13:09:48 [[32minfo[39m]: Login attempt by: asifandhi25@gmail.com
2026-09-24 13:09:55 [[33mwarn[39m]: Login failed (Wrong password): asifandhi25@gmail.com
2026-09-24 13:09:55 [[32minfo[39m]: [0mPOST /api/auth/login [33m400[0m 2071.389 ms - 35[0m
2026-09-24 13:09:74 [[32minfo[39m]: Login attempt by: asifandhi0@gmail.com
2026-09-24 13:09:61 [[33mwarn[39m]: Login failed (Wrong password): asifandhi0@gmail.com
2026-09-24 13:09:61 [[32minfo[39m]: [0mPOST /api/auth/login [33m400[0m 3875.189 ms - 35[0m
2026-09-24 13:09:59 [[32minfo[39m]: Login attempt by: asifandhi25@gmail.com
2026-09-24 13:09:53 [[33mwarn[39m]: Login failed (Wrong password): asifandhi25@gmail.com
2026-09-24 13:09:53 [[32minfo[39m]: [0mPOST /api/auth/login [33m400[0m 937.263 ms - 35[0m
2026-09-24 13:09:35 [[32minfo[39m]: Login attempt by: asifandhi25@gmail.com
2026-09-24 13:09:54 [[33mwarn[39m]: Login failed (Wrong password): asifandhi25@gmail.com
2026-09-24 13:09:54 [[32minfo[39m]: [0mPOST /api/auth/login [33m400[0m 1195.963 ms - 35[0m
2026-09-24 13:09:83 [[32minfo[39m]: Login attempt by: asifandhi@gmail.com
2026-09-24 13:09:11 [[33mwarn[39m]: Login failed (Wrong password): asifandhi@gmail.com
2026-09-24 13:09:11 [[32minfo[39m]: [0mPOST /api/auth/login [33m400[0m 1283.872 ms - 35[0m
2026-09-24 13:09:99 [[32minfo[39m]: Login attempt by: asifandhi0@gmail.com
2026-09-24 13:09:89 [[33mwarn[39m]: Login failed (Wrong password): asifandhi0@gmail.com
2026-09-24 13:09:90 [[32minfo[39m]: [0mPOST /api/auth/login [33m400[0m 3978.896 ms - 35[0m
2026-09-24 13:09:86 [[32minfo[39m]: Login attempt by: asifandhi0@gmail.com
2026-09-24 13:09:65 [[32minfo[39m]: Login success: asifandhi0@gmail.com, role: admin
2026-09-24 13:09:72 [[32minfo[39m]: [0mPOST /api/auth/login [32m200[0m 1782.510 ms - 197[0m
2026-09-24 13:09:94 [[32minfo[39m]: [0mGET /api/users/users [36m304[0m 276.770 ms - -[0m
2026-09-24 13:09:25 [[32minfo[39m]: [0mGET /api/users/users [36m304[0m 290.402 ms - -[0m
2026-09-24 13:09:17 [[32minfo[39m]: [0mGET /api/message/all [36m304[0m 1484.891 ms - -[0m
2026-09-24 13:09:80 [[32minfo[39m]: [0mGET /api/message/all [36m304[0m 622.555 ms - -[0m
2026-09-24 13:09:95 [[32minfo[39m]: [0mGET /api/token/all/205 [36m304[0m 1727.902 ms - -[0m
2026-09-24 13:09:29 [[32minfo[39m]: [0mGET /api/balance/getBalance/205 [36m304[0m 2071.255 ms - -[0m
2026-09-24 13:09:14 [[32minfo[39m]: [0mPOST /api/auth/logout [32m200[0m 782.281 ms - 46[0m
2026-09-24 13:09:56 [[32minfo[39m]: Login attempt by: asifandhi25@gmail.com
2026-09-24 13:09:48 [[32minfo[39m]: Login success: asifandhi25@gmail.com, role: superadmin
2026-09-24 13:09:50 [[32minfo[39m]: [0mPOST /api/auth/login [32m200[0m 912.330 ms - 195[0m
2026-09-24 13:09:20 [[32minfo[39m]: [0mGET /api/users/users [32m200[0m 329.781 ms - -[0m
2026-09-24 13:09:80 [[32minfo[39m]: [0mGET /api/users/users [36m304[0m 588.023 ms - -[0m
2026-09-24 13:09:43 [[32minfo[39m]: [0mGET /api/message/all [36m304[0m 1568.106 ms - -[0m
2026-09-24 13:09:88 [[32minfo[39m]: [0mGET /api/message/all [36m304[0m 448.095 ms - -[0m
2026-09-24 13:09:11 [[32minfo[39m]: [0mGET /api/token/all/205 [36m304[0m 1633.627 ms - -[0m
2026-09-24 13:09:64 [[32minfo[39m]: [0mGET /api/balance/getBalance/205 [36m304[0m 2166.130 ms - -[0m
2026-09-24 13:09:21 [[32minfo[39m]: [0mGET /api/whatsapp/status/199 [32m200[0m 99.126 ms - 35[0m
2026-09-24 13:09:31 [[32minfo[39m]: [0mGET /api/whatsapp/status/199 [36m304[0m 96.121 ms - -[0m
2026-09-24 13:09:72 [[32minfo[39m]: [0mGET /api/whatsapp/status/199 [32m200[0m 3215.317 ms - 35[0m
2026-09-24 13:09:07 [[32minfo[39m]: [0mGET /api/whatsapp/status/199 [36m304[0m 194.519 ms - -[0m
2026-09-24 13:09:25 [[32minfo[39m]: [0mGET /api/whatsapp/status/199 [32m200[0m 643.464 ms - 32[0m
2026-09-24 13:09:36 [[32minfo[39m]: [0mGET /api/whatsapp/status/199 [36m304[0m 99.193 ms - -[0m
2026-09-24 13:09:81 [[32minfo[39m]: [0mGET /api/whatsapp/status/192 [32m200[0m 92.409 ms - 35[0m
2026-09-24 13:09:91 [[32minfo[39m]: [0mGET /api/whatsapp/status/192 [36m304[0m 93.870 ms - -[0m
2026-09-24 13:09:77 [[32minfo[39m]: [0mPOST /api/whatsapp/generate-qr/199 [0m-[0m - ms - -[0m
2026-09-24 13:09:77 [[32minfo[39m]: [0mPOST /api/whatsapp/generate-qr/199 [0m-[0m - ms - -[0m
2026-09-24 13:09:40 [[32minfo[39m]: [0mPOST /api/auth/logout [32m200[0m 1109.319 ms - 46[0m
2026-09-24 13:09:63 [[32minfo[39m]: Login attempt by: asifandhi25@gmail.com
2026-09-24 13:09:52 [[32minfo[39m]: Login success: asifandhi25@gmail.com, role: superadmin
2026-09-24 13:09:58 [[32minfo[39m]: [0mPOST /api/auth/login [32m200[0m 881.948 ms - 195[0m
2026-09-24 13:09:73 [[32minfo[39m]: [0mGET /api/users/users [36m304[0m 210.332 ms - -[0m
2026-09-24 13:09:92 [[32minfo[39m]: [0mGET /api/users/users [36m304[0m 181.510 ms - -[0m
2026-09-24 13:09:41 [[32minfo[39m]: [0mGET /api/message/all [36m304[0m 892.530 ms - -[0m
2026-09-24 13:09:73 [[32minfo[39m]: [0mGET /api/message/all [36m304[0m 307.064 ms - -[0m
2026-09-24 13:09:72 [[32minfo[39m]: [0mGET /api/token/all/205 [36m304[0m 397.212 ms - -[0m
2026-09-24 13:09:90 [[32minfo[39m]: [0mGET /api/balance/getBalance/205 [36m304[0m 581.334 ms - -[0m
2026-09-24 13:09:98 [[32minfo[39m]: [0mGET /api/whatsapp/status/199 [32m200[0m 148.385 ms - 35[0m
2026-09-24 13:09:15 [[32minfo[39m]: [0mGET /api/whatsapp/status/199 [36m304[0m 96.370 ms - -[0m
2026-09-24 13:09:49 [[32minfo[39m]: [0mGET /api/whatsapp/status/199 [32m200[0m 929.590 ms - 35[0m
2026-09-24 13:09:65 [[32minfo[39m]: [0mGET /api/whatsapp/status/199 [36m304[0m 151.558 ms - -[0m
2026-09-24 13:09:35 [[32minfo[39m]: [0mGET /api/whatsapp/status/199 [36m304[0m 615.917 ms - -[0m
2026-09-24 13:09:44 [[32minfo[39m]: [0mGET /api/whatsapp/status/199 [36m304[0m 83.193 ms - -[0m
2026-09-24 13:09:88 [[32minfo[39m]: [0mGET /api/whatsapp/status/199 [36m304[0m 870.028 ms - -[0m
2026-09-24 13:09:97 [[32minfo[39m]: [0mGET /api/whatsapp/status/199 [36m304[0m 87.453 ms - -[0m
2026-09-24 13:09:83 [[32minfo[39m]: [0mGET /api/whatsapp/status/199 [32m200[0m 162.929 ms - 35[0m
2026-09-24 13:09:93 [[32minfo[39m]: [0mGET /api/whatsapp/status/199 [36m304[0m 89.018 ms - -[0m
2026-09-24 13:09:98 [[32minfo[39m]: [0mGET /api/whatsapp/status/199 [32m200[0m 86.432 ms - 35[0m
2026-09-24 13:09:28 [[32minfo[39m]: [0mGET /api/whatsapp/status/199 [36m304[0m 94.337 ms - -[0m
2026-09-24 13:09:41 [[32minfo[39m]: [0mPOST /api/auth/logout [32m200[0m 585.394 ms - 46[0m
2026-09-24 13:09:47 [[32minfo[39m]: Login attempt by: asifandhi25@gmail.com
2026-09-24 13:09:100 [[32minfo[39m]: Login success: asifandhi25@gmail.com, role: superadmin
2026-09-24 13:09:18 [[32minfo[39m]: [0mPOST /api/auth/login [32m200[0m 528.285 ms - 195[0m
2026-09-24 13:09:08 [[32minfo[39m]: [0mGET /api/users/users [36m304[0m 229.181 ms - -[0m
2026-09-24 13:09:81 [[32minfo[39m]: [0mGET /api/users/users [36m304[0m 636.628 ms - -[0m
2026-09-24 13:09:98 [[32minfo[39m]: [0mGET /api/balance/getBalance/205 [36m304[0m 756.269 ms - -[0m
2026-09-24 13:09:01 [[32minfo[39m]: [0mGET /api/message/all [36m304[0m 2157.014 ms - -[0m
2026-09-24 13:09:33 [[32minfo[39m]: [0mGET /api/message/all [36m304[0m 310.861 ms - -[0m
2026-09-24 13:09:59 [[32minfo[39m]: [0mGET /api/token/all/205 [36m304[0m 1364.133 ms - -[0m
2026-09-24 13:09:67 [[32minfo[39m]: [0mGET /api/whatsapp/status/199 [36m304[0m 86.955 ms - -[0m
2026-09-24 13:09:77 [[32minfo[39m]: [0mGET /api/whatsapp/status/199 [36m304[0m 86.961 ms - -[0m
2026-09-24 13:09:48 [[32minfo[39m]: [0mPUT /api/users/update/199 [32m200[0m 1888.342 ms - 580[0m
2026-09-24 13:09:43 [[32minfo[39m]: [0mGET /api/whatsapp/status/199 [36m304[0m 87.930 ms - -[0m
2026-09-24 13:09:52 [[32minfo[39m]: [0mGET /api/whatsapp/status/199 [36m304[0m 91.889 ms - -[0m
2026-09-24 13:09:59 [[32minfo[39m]: [0mGET /api/whatsapp/status/199 [32m200[0m 633.417 ms - 32[0m
2026-09-24 13:09:69 [[32minfo[39m]: [0mGET /api/whatsapp/status/199 [36m304[0m 89.647 ms - -[0m
2026-09-24 13:09:90 [[32minfo[39m]: [0mGET /api/whatsapp/status/192 [36m304[0m 94.723 ms - -[0m
2026-09-24 13:09:00 [[32minfo[39m]: [0mGET /api/whatsapp/status/192 [36m304[0m 91.041 ms - -[0m
2026-09-24 13:09:57 [[32minfo[39m]: [0mGET /api/whatsapp/status/192 [36m304[0m 916.725 ms - -[0m
2026-09-24 13:09:68 [[32minfo[39m]: [0mGET /api/whatsapp/status/192 [36m304[0m 103.214 ms - -[0m
2026-09-24 14:09:20 [[32minfo[39m]: [0mPOST /api/whatsapp/generate-qr/192 [32m200[0m 16289.611 ms - 268[0m
2026-09-24 14:09:95 [[32minfo[39m]: [0mGET /api/whatsapp/status/192 [32m200[0m 1100.457 ms - 268[0m
2026-09-24 14:09:42 [[32minfo[39m]: [0mGET /api/whatsapp/status/192 [36m304[0m 91.385 ms - -[0m
2026-09-24 14:09:41 [[32minfo[39m]: [0mGET /api/whatsapp/status/192 [36m304[0m 85.409 ms - -[0m
2026-09-24 14:09:13 [[32minfo[39m]: [0mGET /api/whatsapp/status/192 [36m304[0m 87.743 ms - -[0m
2026-09-24 14:09:40 [[32minfo[39m]: [0mGET /api/whatsapp/status/192 [36m304[0m 81.444 ms - -[0m
2026-09-24 14:09:52 [[32minfo[39m]: [0mGET /api/whatsapp/status/199 [32m200[0m 84.337 ms - 35[0m
2026-09-24 14:09:61 [[32minfo[39m]: [0mGET /api/whatsapp/status/199 [36m304[0m 85.666 ms - -[0m
2026-09-24 14:09:88 [[32minfo[39m]: [0mGET /api/whatsapp/status/199 [32m200[0m 663.206 ms - 32[0m
2026-09-24 14:09:97 [[32minfo[39m]: [0mGET /api/whatsapp/status/199 [36m304[0m 87.276 ms - -[0m
2026-09-24 14:09:63 [[32minfo[39m]: [0mGET /api/whatsapp/status/192 [32m200[0m 89.581 ms - 268[0m
2026-09-24 14:09:72 [[32minfo[39m]: [0mGET /api/whatsapp/status/192 [36m304[0m 89.801 ms - -[0m
2026-09-24 14:09:76 [[32minfo[39m]: [0mGET /api/whatsapp/status/192 [36m304[0m 88.921 ms - -[0m
2026-09-24 14:09:76 [[32minfo[39m]: [0mGET /api/whatsapp/status/192 [32m200[0m 85.900 ms - 272[0m
2026-09-24 14:09:77 [[32minfo[39m]: [0mGET /api/whatsapp/status/192 [36m304[0m 89.118 ms - -[0m
2026-09-24 14:09:77 [[32minfo[39m]: [0mGET /api/whatsapp/status/192 [36m304[0m 93.045 ms - -[0m
2026-09-24 14:09:76 [[32minfo[39m]: [0mGET /api/whatsapp/status/192 [36m304[0m 88.333 ms - -[0m
2026-09-24 14:09:27 [[32minfo[39m]: [0mGET /api/whatsapp/status/192 [36m304[0m 88.408 ms - -[0m
2026-09-24 14:09:28 [[32minfo[39m]: [0mGET /api/whatsapp/status/192 [32m200[0m 87.720 ms - 268[0m
2026-09-24 14:09:76 [[32minfo[39m]: [0mGET /api/whatsapp/status/192 [36m304[0m 88.075 ms - -[0m
2026-09-24 14:09:76 [[32minfo[39m]: [0mGET /api/whatsapp/status/192 [36m304[0m 91.539 ms - -[0m
2026-09-24 14:09:76 [[32minfo[39m]: [0mGET /api/whatsapp/status/192 [36m304[0m 97.317 ms - -[0m
2026-09-24 14:09:75 [[32minfo[39m]: [0mGET /api/whatsapp/status/192 [36m304[0m 87.913 ms - -[0m
2026-09-24 14:09:76 [[32minfo[39m]: [0mGET /api/whatsapp/status/192 [36m304[0m 91.025 ms - -[0m
2026-09-24 14:09:76 [[32minfo[39m]: [0mGET /api/whatsapp/status/192 [36m304[0m 93.407 ms - -[0m
2026-09-24 14:09:76 [[32minfo[39m]: [0mGET /api/whatsapp/status/192 [36m304[0m 92.423 ms - -[0m
2026-09-24 14:09:77 [[32minfo[39m]: [0mGET /api/whatsapp/status/192 [36m304[0m 91.515 ms - -[0m
2026-09-24 14:09:77 [[32minfo[39m]: [0mGET /api/whatsapp/status/192 [36m304[0m 95.634 ms - -[0m
2026-09-24 14:09:75 [[32minfo[39m]: [0mGET /api/whatsapp/status/192 [32m200[0m 88.497 ms - 268[0m
2026-09-24 14:09:12 [[32minfo[39m]: [0mGET /api/whatsapp/status/192 [36m304[0m 91.908 ms - -[0m
2026-09-24 14:09:22 [[32minfo[39m]: [0mGET /api/whatsapp/status/192 [36m304[0m 88.523 ms - -[0m
2026-09-24 14:09:26 [[32minfo[39m]: [0mGET /api/whatsapp/status/192 [32m200[0m 87.152 ms - 272[0m
2026-09-24 14:09:27 [[32minfo[39m]: [0mGET /api/whatsapp/status/192 [32m200[0m 89.490 ms - 272[0m
2026-09-24 14:09:28 [[32minfo[39m]: [0mGET /api/whatsapp/status/192 [36m304[0m 87.495 ms - -[0m
2026-09-24 14:09:28 [[32minfo[39m]: [0mGET /api/whatsapp/status/192 [36m304[0m 86.736 ms - -[0m
2026-09-24 14:09:31 [[32minfo[39m]: [0mGET /api/whatsapp/status/192 [36m304[0m 91.415 ms - -[0m
2026-09-24 14:09:27 [[32minfo[39m]: [0mGET /api/whatsapp/status/192 [36m304[0m 92.239 ms - -[0m
2026-09-24 14:09:27 [[32minfo[39m]: [0mGET /api/whatsapp/status/192 [36m304[0m 96.413 ms - -[0m
2026-09-24 14:09:27 [[32minfo[39m]: [0mGET /api/whatsapp/status/192 [36m304[0m 86.715 ms - -[0m
2026-09-24 14:09:54 [[32minfo[39m]: [0mGET /api/whatsapp/status/192 [32m200[0m 87.314 ms - 268[0m
2026-09-24 14:09:27 [[32minfo[39m]: [0mGET /api/whatsapp/status/192 [36m304[0m 90.907 ms - -[0m
2026-09-24 14:09:29 [[32minfo[39m]: [0mGET /api/whatsapp/status/192 [36m304[0m 93.758 ms - -[0m
2026-09-24 14:09:28 [[32minfo[39m]: [0mGET /api/whatsapp/status/192 [36m304[0m 86.266 ms - -[0m
2026-09-24 14:09:27 [[32minfo[39m]: [0mGET /api/whatsapp/status/192 [36m304[0m 91.664 ms - -[0m
2026-09-24 14:09:27 [[32minfo[39m]: [0mGET /api/whatsapp/status/192 [36m304[0m 89.782 ms - -[0m
2026-09-24 14:09:27 [[32minfo[39m]: [0mGET /api/whatsapp/status/192 [36m304[0m 87.257 ms - -[0m
2026-09-24 14:09:27 [[32minfo[39m]: [0mGET /api/whatsapp/status/192 [36m304[0m 86.384 ms - -[0m
2026-09-24 14:09:28 [[32minfo[39m]: [0mGET /api/whatsapp/status/192 [36m304[0m 93.772 ms - -[0m
2026-09-24 14:09:31 [[32minfo[39m]: [0mGET /api/whatsapp/status/192 [36m304[0m 127.412 ms - -[0m
2026-09-24 14:09:28 [[32minfo[39m]: [0mGET /api/whatsapp/status/192 [32m200[0m 87.850 ms - 268[0m
2026-09-24 14:09:26 [[32minfo[39m]: [0mGET /api/whatsapp/status/192 [36m304[0m 85.931 ms - -[0m
2026-09-24 14:09:27 [[32minfo[39m]: [0mGET /api/whatsapp/status/192 [36m304[0m 91.895 ms - -[0m
2026-09-24 14:09:27 [[32minfo[39m]: [0mGET /api/whatsapp/status/192 [36m304[0m 92.140 ms - -[0m
2026-09-24 14:09:26 [[32minfo[39m]: [0mGET /api/whatsapp/status/192 [36m304[0m 87.331 ms - -[0m
2026-09-24 14:09:27 [[32minfo[39m]: [0mGET /api/whatsapp/status/192 [36m304[0m 89.455 ms - -[0m
2026-09-24 14:09:29 [[32minfo[39m]: [0mGET /api/whatsapp/status/192 [36m304[0m 88.668 ms - -[0m
2026-09-24 14:09:28 [[32minfo[39m]: [0mGET /api/whatsapp/status/192 [36m304[0m 94.149 ms - -[0m
2026-09-24 14:09:30 [[32minfo[39m]: [0mGET /api/whatsapp/status/192 [36m304[0m 97.588 ms - -[0m
2026-09-24 14:09:27 [[32minfo[39m]: [0mGET /api/whatsapp/status/192 [36m304[0m 92.276 ms - -[0m
2026-09-24 14:09:27 [[32minfo[39m]: [0mGET /api/whatsapp/status/192 [36m304[0m 87.313 ms - -[0m
2026-09-24 14:09:28 [[32minfo[39m]: [0mGET /api/whatsapp/status/192 [36m304[0m 87.786 ms - -[0m
2026-09-24 14:09:28 [[32minfo[39m]: [0mGET /api/whatsapp/status/192 [36m304[0m 90.132 ms - -[0m
2026-09-24 14:09:28 [[32minfo[39m]: [0mGET /api/whatsapp/status/192 [36m304[0m 88.513 ms - -[0m
2026-09-24 14:09:27 [[32minfo[39m]: [0mGET /api/whatsapp/status/192 [36m304[0m 86.629 ms - -[0m
2026-09-24 14:09:28 [[32minfo[39m]: [0mGET /api/whatsapp/status/192 [36m304[0m 87.945 ms - -[0m
2026-09-24 14:09:29 [[32minfo[39m]: [0mGET /api/whatsapp/status/192 [36m304[0m 96.303 ms - -[0m
2026-09-24 14:09:29 [[32minfo[39m]: [0mGET /api/whatsapp/status/192 [36m304[0m 95.512 ms - -[0m
2026-09-24 14:09:35 [[32minfo[39m]: [0mGET /api/whatsapp/status/192 [36m304[0m 168.742 ms - -[0m
2026-09-24 14:09:32 [[32minfo[39m]: [0mGET /api/whatsapp/status/192 [36m304[0m 109.510 ms - -[0m
2026-09-24 14:09:28 [[32minfo[39m]: [0mGET /api/whatsapp/status/192 [36m304[0m 100.182 ms - -[0m
2026-09-24 14:09:28 [[32minfo[39m]: [0mGET /api/whatsapp/status/192 [36m304[0m 99.160 ms - -[0m
2026-09-24 14:09:27 [[32minfo[39m]: [0mGET /api/whatsapp/status/192 [36m304[0m 88.183 ms - -[0m
2026-09-24 14:09:27 [[32minfo[39m]: [0mGET /api/whatsapp/status/192 [36m304[0m 89.483 ms - -[0m
2026-09-24 14:09:28 [[32minfo[39m]: [0mGET /api/whatsapp/status/192 [36m304[0m 105.255 ms - -[0m
2026-09-24 14:09:27 [[32minfo[39m]: [0mGET /api/whatsapp/status/192 [36m304[0m 98.290 ms - -[0m
2026-09-24 14:09:27 [[32minfo[39m]: [0mGET /api/whatsapp/status/192 [36m304[0m 91.460 ms - -[0m
2026-09-24 14:09:27 [[32minfo[39m]: [0mGET /api/whatsapp/status/192 [36m304[0m 91.453 ms - -[0m
2026-09-24 14:09:27 [[32minfo[39m]: [0mGET /api/whatsapp/status/192 [36m304[0m 92.854 ms - -[0m
2026-09-24 14:09:29 [[32minfo[39m]: [0mGET /api/whatsapp/status/192 [36m304[0m 95.466 ms - -[0m
2026-09-24 14:09:99 [[32minfo[39m]: [0mGET /api/whatsapp/status/192 [32m200[0m 797.620 ms - 268[0m
2026-09-24 14:09:85 [[32minfo[39m]: [0mGET /api/whatsapp/status/192 [32m200[0m 665.005 ms - 268[0m
2026-09-24 14:09:88 [[32minfo[39m]: [0mGET /api/whatsapp/status/192 [32m200[0m 686.833 ms - 268[0m
2026-09-24 14:09:30 [[32minfo[39m]: [0mPOST /api/whatsapp/generate-qr/192 [0m-[0m - ms - -[0m
2026-09-24 14:09:31 [[32minfo[39m]: [0mPOST /api/whatsapp/generate-qr/199 [0m-[0m - ms - -[0m
2026-09-24 14:09:31 [[32minfo[39m]: [0mPOST /api/whatsapp/generate-qr/192 [0m-[0m - ms - -[0m
2026-09-24 14:09:97 [[32minfo[39m]: [0mGET /api/whatsapp/status/192 [32m200[0m 780.803 ms - 268[0m
2026-09-24 14:09:06 [[32minfo[39m]: [0mGET /api/whatsapp/status/192 [32m200[0m 842.238 ms - 268[0m
2026-09-24 14:09:39 [[32minfo[39m]: [0mGET /api/whatsapp/status/192 [32m200[0m 152.290 ms - 35[0m
2026-09-24 14:09:72 [[32minfo[39m]: [0mGET /api/whatsapp/status/192 [36m304[0m 142.636 ms - -[0m
2026-09-24 14:09:29 [[32minfo[39m]: [0mGET /api/whatsapp/status/192 [36m304[0m 96.094 ms - -[0m
2026-09-24 14:09:80 [[32minfo[39m]: [0mGET /api/whatsapp/status/199 [32m200[0m 97.402 ms - 35[0m
2026-09-24 14:09:90 [[32minfo[39m]: [0mGET /api/whatsapp/status/199 [36m304[0m 97.148 ms - -[0m
2026-09-24 14:09:19 [[32minfo[39m]: [0mPOST /api/auth/logout [32m200[0m 649.193 ms - 46[0m
2026-09-24 14:09:12 [[32minfo[39m]: Login attempt by: asifandhi25@gmail.com
2026-09-24 14:09:48 [[32minfo[39m]: Login success: asifandhi25@gmail.com, role: superadmin
2026-09-24 14:09:52 [[32minfo[39m]: [0mPOST /api/auth/login [32m200[0m 342.599 ms - 195[0m
2026-09-24 14:09:05 [[32minfo[39m]: [0mGET /api/users/users [36m304[0m 203.331 ms - -[0m
2026-09-24 14:09:28 [[32minfo[39m]: [0mGET /api/users/users [36m304[0m 219.279 ms - -[0m
2026-09-24 14:09:91 [[32minfo[39m]: [0mGET /api/message/all [36m304[0m 1057.998 ms - -[0m
2026-09-24 14:09:44 [[32minfo[39m]: [0mGET /api/token/all/205 [36m304[0m 1305.944 ms - -[0m
2026-09-24 14:09:59 [[32minfo[39m]: [0mGET /api/message/all [36m304[0m 577.823 ms - -[0m
2026-09-24 14:09:38 [[32minfo[39m]: [0mGET /api/balance/getBalance/205 [36m304[0m 2248.762 ms - -[0m
2026-09-24 14:09:89 [[32minfo[39m]: [0mGET /api/whatsapp/status/199 [36m304[0m 193.589 ms - -[0m
2026-09-24 14:09:01 [[32minfo[39m]: [0mGET /api/whatsapp/status/199 [36m304[0m 118.899 ms - -[0m
2026-09-24 14:09:53 [[32minfo[39m]: [0mGET /api/whatsapp/status/199 [32m200[0m 717.505 ms - 35[0m
2026-09-24 14:09:64 [[32minfo[39m]: [0mGET /api/whatsapp/status/199 [36m304[0m 92.890 ms - -[0m
2026-09-24 14:09:03 [[32minfo[39m]: [0mGET /api/whatsapp/status/199 [36m304[0m 266.271 ms - -[0m
2026-09-24 14:09:29 [[32minfo[39m]: [0mGET /api/whatsapp/status/199 [36m304[0m 104.603 ms - -[0m
2026-09-24 14:09:14 [[32minfo[39m]: [0mGET /api/whatsapp/status/192 [36m304[0m 869.014 ms - -[0m
2026-09-24 14:09:24 [[32minfo[39m]: [0mGET /api/whatsapp/status/192 [36m304[0m 97.577 ms - -[0m
2026-09-24 14:09:77 [[32minfo[39m]: [0mPOST /api/whatsapp/generate-qr/192 [32m200[0m 8513.067 ms - 268[0m
2026-09-24 14:09:21 [[32minfo[39m]: [0mGET /api/whatsapp/status/192 [32m200[0m 1360.977 ms - 268[0m
2026-09-24 14:09:01 [[32minfo[39m]: [0mGET /api/whatsapp/status/192 [36m304[0m 167.251 ms - -[0m
2026-09-24 14:09:72 [[32minfo[39m]: [0mGET /api/whatsapp/status/199 [32m200[0m 150.410 ms - 35[0m
2026-09-24 14:09:85 [[32minfo[39m]: [0mGET /api/whatsapp/status/199 [36m304[0m 120.368 ms - -[0m
2026-09-24 14:09:31 [[32minfo[39m]: [0mGET /api/whatsapp/status/199 [36m304[0m 866.503 ms - -[0m
2026-09-24 14:09:42 [[32minfo[39m]: [0mGET /api/whatsapp/status/199 [36m304[0m 109.125 ms - -[0m
2026-09-24 14:09:36 [[32minfo[39m]: [0mGET /api/whatsapp/status/12 [32m200[0m 119.054 ms - 35[0m
2026-09-24 14:09:49 [[32minfo[39m]: [0mGET /api/whatsapp/status/12 [36m304[0m 105.387 ms - -[0m
2026-09-24 14:09:46 [[32minfo[39m]: [0mPOST /api/whatsapp/generate-qr/12 [32m200[0m 17902.187 ms - 268[0m
2026-09-24 14:09:23 [[32minfo[39m]: [0mGET /api/whatsapp/status/12 [32m200[0m 676.712 ms - 268[0m
2026-09-24 14:09:15 [[32minfo[39m]: [0mGET /api/whatsapp/status/1 [32m200[0m 695.497 ms - 35[0m
2026-09-24 14:09:26 [[32minfo[39m]: [0mGET /api/whatsapp/status/1 [36m304[0m 100.438 ms - -[0m
2026-09-24 14:09:54 [[32minfo[39m]: [0mGET /api/whatsapp/status/192 [32m200[0m 781.272 ms - 268[0m
2026-09-24 14:09:65 [[32minfo[39m]: [0mGET /api/whatsapp/status/192 [36m304[0m 106.713 ms - -[0m
2026-09-24 14:09:66 [[32minfo[39m]: [0mGET /api/whatsapp/status/192 [32m200[0m 83.543 ms - 272[0m
2026-09-24 14:09:73 [[32minfo[39m]: [0mGET /api/whatsapp/status/192 [32m200[0m 162.766 ms - 272[0m
2026-09-24 14:09:66 [[32minfo[39m]: [0mGET /api/whatsapp/status/192 [36m304[0m 83.962 ms - -[0m
2026-09-24 14:09:67 [[32minfo[39m]: [0mGET /api/whatsapp/status/192 [36m304[0m 97.246 ms - -[0m
2026-09-24 14:09:75 [[32minfo[39m]: [0mGET /api/whatsapp/status/192 [36m304[0m 177.885 ms - -[0m
2026-09-24 14:09:67 [[32minfo[39m]: [0mGET /api/whatsapp/status/192 [36m304[0m 96.819 ms - -[0m
2026-09-24 14:09:66 [[32minfo[39m]: [0mGET /api/whatsapp/status/192 [36m304[0m 87.831 ms - -[0m
2026-09-24 14:09:92 [[32minfo[39m]: [0mGET /api/whatsapp/status/192 [36m304[0m 350.490 ms - -[0m
2026-09-24 14:09:39 [[32minfo[39m]: [0mGET /api/whatsapp/status/192 [36m304[0m 200.502 ms - -[0m
2026-09-24 14:09:27 [[32minfo[39m]: [0mGET /api/whatsapp/status/192 [36m304[0m 83.752 ms - -[0m
2026-09-24 14:09:28 [[32minfo[39m]: [0mGET /api/whatsapp/status/192 [36m304[0m 85.356 ms - -[0m
2026-09-24 14:09:31 [[32minfo[39m]: [0mGET /api/whatsapp/status/192 [36m304[0m 127.444 ms - -[0m
2026-09-24 14:09:33 [[32minfo[39m]: [0mGET /api/whatsapp/status/192 [36m304[0m 154.863 ms - -[0m
2026-09-24 14:09:94 [[32minfo[39m]: [0mGET /api/whatsapp/status/192 [36m304[0m 92.769 ms - -[0m
2026-09-24 14:09:27 [[32minfo[39m]: [0mGET /api/whatsapp/status/192 [36m304[0m 83.606 ms - -[0m
2026-09-24 14:09:27 [[32minfo[39m]: [0mGET /api/whatsapp/status/192 [36m304[0m 84.756 ms - -[0m
2026-09-24 14:09:47 [[32minfo[39m]: [0mGET /api/whatsapp/status/192 [36m304[0m 296.924 ms - -[0m
2026-09-24 14:09:66 [[32minfo[39m]: [0mGET /api/whatsapp/status/192 [36m304[0m 83.167 ms - -[0m
2026-09-24 14:09:28 [[32minfo[39m]: [0mGET /api/whatsapp/status/192 [36m304[0m 94.376 ms - -[0m
2026-09-24 14:09:38 [[32minfo[39m]: [0mGET /api/whatsapp/status/192 [36m304[0m 119.472 ms - -[0m
2026-09-24 14:09:10 [[32minfo[39m]: [0mGET /api/whatsapp/status/192 [32m200[0m 287.484 ms - 35[0m
2026-09-24 14:09:88 [[32minfo[39m]: [0mGET /api/whatsapp/status/192 [36m304[0m 307.988 ms - -[0m
2026-09-24 14:09:68 [[32minfo[39m]: [0mPOST /api/auth/logout [32m200[0m 840.037 ms - 46[0m
2026-09-24 14:09:70 [[32minfo[39m]: Login attempt by: asifandhi25@gmail.com
2026-09-24 14:09:34 [[32minfo[39m]: Login success: asifandhi25@gmail.com, role: superadmin
2026-09-24 14:09:65 [[32minfo[39m]: [0mPOST /api/auth/login [32m200[0m 625.856 ms - 195[0m
2026-09-24 14:09:00 [[32minfo[39m]: [0mGET /api/users/users [36m304[0m 225.873 ms - -[0m
2026-09-24 14:09:21 [[32minfo[39m]: [0mGET /api/users/users [36m304[0m 212.047 ms - -[0m
2026-09-24 14:09:20 [[32minfo[39m]: [0mGET /api/message/all [36m304[0m 1412.597 ms - -[0m
2026-09-24 14:09:59 [[32minfo[39m]: [0mGET /api/token/all/205 [36m304[0m 1518.798 ms - -[0m
2026-09-24 14:09:70 [[32minfo[39m]: [0mGET /api/message/all [36m304[0m 501.968 ms - -[0m
2026-09-24 14:09:78 [[32minfo[39m]: [0mGET /api/balance/getBalance/205 [36m304[0m 1714.608 ms - -[0m
2026-09-24 14:09:63 [[32minfo[39m]: [0mGET /api/whatsapp/status/199 [36m304[0m 11501.513 ms - -[0m
2026-09-24 14:09:96 [[32minfo[39m]: [0mGET /api/whatsapp/status/199 [36m304[0m 1418.470 ms - -[0m
2026-09-24 14:09:05 [[32minfo[39m]: [0mGET /api/whatsapp/status/199 [36m304[0m 897.607 ms - -[0m
2026-09-24 14:09:33 [[32minfo[39m]: [0mGET /api/whatsapp/status/199 [36m304[0m 107.878 ms - -[0m
2026-09-24 14:09:34 [[32minfo[39m]: [0mGET /api/whatsapp/status/199 [32m200[0m 1578.006 ms - 32[0m
2026-09-24 14:09:54 [[32minfo[39m]: [0mGET /api/whatsapp/status/199 [36m304[0m 192.657 ms - -[0m
2026-09-24 14:09:21 [[32minfo[39m]: [0mGET /api/whatsapp/status/192 [36m304[0m 110.663 ms - -[0m
2026-09-24 14:09:31 [[32minfo[39m]: [0mGET /api/whatsapp/status/192 [36m304[0m 98.554 ms - -[0m
2026-09-24 14:09:76 [[32minfo[39m]: [0mGET /api/whatsapp/status/192 [32m200[0m 843.417 ms - 32[0m
2026-09-24 14:09:89 [[32minfo[39m]: [0mGET /api/whatsapp/status/192 [36m304[0m 126.508 ms - -[0m
2026-09-24 14:09:10 [[32minfo[39m]: [0mGET /api/whatsapp/status/199 [36m304[0m 90.271 ms - -[0m
2026-09-24 14:09:19 [[32minfo[39m]: [0mGET /api/whatsapp/status/199 [36m304[0m 90.250 ms - -[0m
2026-09-24 14:09:32 [[32minfo[39m]: [0mGET /api/whatsapp/status/12 [32m200[0m 105.730 ms - 35[0m
2026-09-24 14:09:42 [[32minfo[39m]: [0mGET /api/whatsapp/status/12 [36m304[0m 94.204 ms - -[0m
2026-09-24 14:09:94 [[32minfo[39m]: [0mPOST /api/auth/logout [32m200[0m 1315.562 ms - 46[0m
2026-09-24 14:09:91 [[32minfo[39m]: [0mPOST /api/whatsapp/generate-qr/12 [32m200[0m 18835.565 ms - 268[0m
2026-09-24 14:09:11 [[32minfo[39m]: Login attempt by: asifandhi25@gmail.com
2026-09-24 14:09:52 [[32minfo[39m]: Login success: asifandhi25@gmail.com, role: superadmin
2026-09-24 14:09:54 [[32minfo[39m]: [0mPOST /api/auth/login [32m200[0m 407.177 ms - 195[0m
2026-09-24 14:09:16 [[32minfo[39m]: [0mGET /api/users/users [36m304[0m 226.296 ms - -[0m
2026-09-24 14:09:40 [[32minfo[39m]: [0mGET /api/users/users [36m304[0m 225.250 ms - -[0m
2026-09-24 14:09:08 [[32minfo[39m]: [0mGET /api/message/all [36m304[0m 1135.071 ms - -[0m
2026-09-24 14:09:41 [[32minfo[39m]: [0mGET /api/message/all [36m304[0m 329.293 ms - -[0m
2026-09-24 14:09:46 [[32minfo[39m]: [0mGET /api/token/all/205 [36m304[0m 1169.527 ms - -[0m
2026-09-24 14:09:65 [[32minfo[39m]: [0mGET /api/balance/getBalance/205 [36m304[0m 1368.057 ms - -[0m
2026-09-24 14:09:17 [[32minfo[39m]: [0mGET /api/whatsapp/status/199 [32m200[0m 100.313 ms - 35[0m
2026-09-24 14:09:34 [[32minfo[39m]: [0mGET /api/whatsapp/status/199 [36m304[0m 123.831 ms - -[0m
2026-09-24 14:09:43 [[32minfo[39m]: [0mGET /api/whatsapp/status/199 [32m200[0m 1199.195 ms - 35[0m
2026-09-24 14:09:72 [[32minfo[39m]: [0mGET /api/whatsapp/status/199 [36m304[0m 156.304 ms - -[0m
2026-09-24 14:09:95 [[32minfo[39m]: [0mPOST /api/auth/logout [32m200[0m 532.981 ms - 46[0m
